2026-10-04T14:03:37.863+05:30  INFO 10472 --- [AIG-ForgeHub] [main] c.e.AIG_ForgeHub.AigForgeHubApplication  : Starting AigForgeHubApplication using Java 21.0.11 with PID 10472 (C:\Users\Saikiran\Downloads\AIG-ForgeHub\target\classes started by Saikiran in C:\Users\Saikiran\Downloads\AIG-ForgeHub)
2026-10-04T14:03:37.869+05:30  INFO 10472 --- [AIG-ForgeHub] [main] c.e.AIG_ForgeHub.AigForgeHubApplication  : No active profile set, falling back to 1 default profile: "default"
2026-10-04T14:03:38.585+05:30  INFO 10472 --- [AIG-ForgeHub] [main] .s.d.r.c.RepositoryConfigurationDelegate : Bootstrapping Spring Data JPA repositories in DEFAULT mode.
2026-10-04T14:03:38.657+05:30  INFO 10472 --- [AIG-ForgeHub] [main] .s.d.r.c.RepositoryConfigurationDelegate : Finished Spring Data repository scanning in 61 ms. Found 1 JPA repository interface.
2026-10-04T14:03:39.231+05:30  INFO 10472 --- [AIG-ForgeHub] [main] o.s.boot.tomcat.TomcatWebServer          : Tomcat initialized with port 8080 (http)
2026-10-04T14:03:39.245+05:30  INFO 10472 --- [AIG-ForgeHub] [main] o.apache.catalina.core.StandardService   : Starting service [Tomcat]
2026-10-04T14:03:39.245+05:30  INFO 10472 --- [AIG-ForgeHub] [main] o.apache.catalina.core.StandardEngine    : Starting Servlet engine: [Apache Tomcat/11.0.24]
2026-10-04T14:03:39.309+05:30  INFO 10472 --- [AIG-ForgeHub] [main] b.w.c.s.WebApplicationContextInitializer : Root WebApplicationContext: initialization completed in 1391 ms
2026-10-04T14:03:39.324+05:30  INFO 10472 --- [AIG-ForgeHub] [main] c.e.AIG_ForgeHub.security.JwtService     : JwtService initialized successfully
2026-10-04T14:03:39.525+05:30  INFO 10472 --- [AIG-ForgeHub] [main] org.hibernate.orm.jpa                    : HHH008540: Processing PersistenceUnitInfo [name: default]
2026-10-04T14:03:39.606+05:30  INFO 10472 --- [AIG-ForgeHub] [main] org.hibernate.orm.core                   : HHH000001: Hibernate ORM core version 7.4.5.Final
2026-10-04T14:03:40.060+05:30  INFO 10472 --- [AIG-ForgeHub] [main] o.s.o.j.p.SpringPersistenceUnitInfo      : No LoadTimeWeaver setup: ignoring JPA class transformer
2026-10-04T14:03:40.101+05:30  INFO 10472 --- [AIG-ForgeHub] [main] com.zaxxer.hikari.HikariDataSource       : HikariPool-1 - Starting...
2026-10-04T14:03:40.502+05:30  INFO 10472 --- [AIG-ForgeHub] [main] com.zaxxer.hikari.pool.HikariPool        : HikariPool-1 - Added connection com.mysql.cj.jdbc.ConnectionImpl@7028b5cc
2026-10-04T14:03:40.504+05:30  INFO 10472 --- [AIG-ForgeHub] [main] com.zaxxer.hikari.HikariDataSource       : HikariPool-1 - Start completed.
2026-10-04T14:03:40.587+05:30  INFO 10472 --- [AIG-ForgeHub] [main] org.hibernate.orm.connections.pooling    : HHH10001005: Database info:
	Database JDBC URL [jdbc:mysql://localhost:3306/forgehub]
	Database driver: MySQL Connector/J
	Database dialect: MySQLDialect
	Database version: 8.0.42
	Default catalog/schema: forgehub/undefined
	Autocommit mode: undefined/unknown
	Isolation level: REPEATABLE_READ [default REPEATABLE_READ]
	JDBC fetch size: none
	Pool: DataSourceConnectionProvider
	Minimum pool size: undefined/unknown
	Maximum pool size: undefined/unknown
2026-10-04T14:03:41.686+05:30  INFO 10472 --- [AIG-ForgeHub] [main] org.hibernate.orm.core                   : HHH000489: No JTA platform available (set 'hibernate.transaction.jta.platform' to enable JTA platform integration)
2026-10-04T14:03:41.695+05:30  INFO 10472 --- [AIG-ForgeHub] [main] j.LocalContainerEntityManagerFactoryBean : Initialized JPA EntityManagerFactory for persistence unit 'default'
2026-10-04T14:03:41.782+05:30  INFO 10472 --- [AIG-ForgeHub] [main] o.s.d.j.r.query.QueryEnhancerFactories   : Hibernate is in classpath; If applicable, HQL parser will be used.
2026-10-04T14:03:42.074+05:30  WARN 10472 --- [AIG-ForgeHub] [main] JpaBaseConfiguration$JpaWebConfiguration : spring.jpa.open-in-view is enabled by default. Therefore, database queries may be performed during view rendering. Explicitly configure spring.jpa.open-in-view to disable this warning
2026-10-04T14:03:42.147+05:30  INFO 10472 --- [AIG-ForgeHub] [main] r$InitializeUserDetailsManagerConfigurer : Global AuthenticationManager configured with UserDetailsService bean with name customUserDetailsService
2026-10-04T14:03:42.628+05:30  INFO 10472 --- [AIG-ForgeHub] [main] o.s.boot.tomcat.TomcatWebServer          : Tomcat started on port 8080 (http) with context path '/'
2026-10-04T14:03:42.633+05:30  INFO 10472 --- [AIG-ForgeHub] [main] c.e.AIG_ForgeHub.AigForgeHubApplication  : Started AigForgeHubApplication in 5.343 seconds (process running for 6.066)
2026-10-04T14:03:53.400+05:30  INFO 10472 --- [AIG-ForgeHub] [http-nio-8080-exec-1] o.a.c.c.C.[Tomcat].[localhost].[/]       : Initializing Spring DispatcherServlet 'dispatcherServlet'
2026-10-04T14:03:53.402+05:30  INFO 10472 --- [AIG-ForgeHub] [http-nio-8080-exec-1] o.s.web.servlet.DispatcherServlet        : Initializing Servlet 'dispatcherServlet'
2026-10-04T14:03:53.413+05:30  INFO 10472 --- [AIG-ForgeHub] [http-nio-8080-exec-1] o.s.web.servlet.DispatcherServlet        : Completed initialization in 11 ms
2026-10-04T14:04:11.979+05:30  INFO 10472 --- [AIG-ForgeHub] [http-nio-8080-exec-9] c.e.A.controller.AuthController          : Login attempt for email: shreyachindam.data.acc@gmail.com
2026-10-04T14:04:11.979+05:30  INFO 10472 --- [AIG-ForgeHub] [http-nio-8080-exec-9] c.e.A.serviceImp.AuthServiceImpl         : Authenticating user: shreyachindam.data.acc@gmail.com
2026-10-04T14:04:12.061+05:30  INFO 10472 --- [AIG-ForgeHub] [http-nio-8080-exec-9] c.e.A.s.CustomUserDetailsService         : Loading user details for authentication: shreyachindam.data.acc@gmail.com
2026-10-04T14:04:13.001+05:30  INFO 10472 --- [AIG-ForgeHub] [http-nio-8080-exec-9] c.e.A.serviceImp.AuthServiceImpl         : Password authentication successful for user: shreyachindam.data.acc@gmail.com
2026-10-04T14:04:13.081+05:30  INFO 10472 --- [AIG-ForgeHub] [http-nio-8080-exec-9] c.e.A.serviceImp.AuthServiceImpl         : 2FA secret generated for user: shreyachindam.data.acc@gmail.com
2026-10-04T14:04:13.081+05:30  INFO 10472 --- [AIG-ForgeHub] [http-nio-8080-exec-9] c.e.A.serviceImp.AuthServiceImpl         : MFA verification required for user: shreyachindam.data.acc@gmail.com
2026-10-04T14:04:13.084+05:30  INFO 10472 --- [AIG-ForgeHub] [http-nio-8080-exec-9] c.e.A.controller.AuthController          : Password authentication verified for email: shreyachindam.data.acc@gmail.com
2026-10-04T14:04:13.084+05:30  INFO 10472 --- [AIG-ForgeHub] [http-nio-8080-exec-9] c.e.A.controller.AuthController          : First time login detected for email: shreyachindam.data.acc@gmail.com
2026-10-04T14:04:13.084+05:30  INFO 10472 --- [AIG-ForgeHub] [http-nio-8080-exec-9] c.e.A.serviceImp.TwoFactorServiceImpl    : QR code generation requested for user: shreyachindam.data.acc@gmail.com
2026-10-04T14:04:13.242+05:30  INFO 10472 --- [AIG-ForgeHub] [http-nio-8080-exec-9] c.e.A.serviceImp.TwoFactorServiceImpl    : 2FA QR code generated successfully for user: shreyachindam.data.acc@gmail.com
2026-10-04T14:04:26.749+05:30  INFO 10472 --- [AIG-ForgeHub] [http-nio-8080-exec-2] c.e.A.controller.TwoFactorController     : Proceed to 2FA verification requested for user: shreyachindam.data.acc@gmail.com
2026-10-04T14:04:38.343+05:30  INFO 10472 --- [AIG-ForgeHub] [http-nio-8080-exec-7] c.e.A.controller.TwoFactorController     : 2FA OTP verification request received for user: shreyachindam.data.acc@gmail.com
2026-10-04T14:04:38.343+05:30  INFO 10472 --- [AIG-ForgeHub] [http-nio-8080-exec-7] c.e.A.serviceImp.TwoFactorServiceImpl    : 2FA OTP verification requested for user: shreyachindam.data.acc@gmail.com
2026-10-04T14:04:38.348+05:30  INFO 10472 --- [AIG-ForgeHub] [http-nio-8080-exec-7] c.e.A.serviceImp.TwoFactorServiceImpl    : 2FA OTP verified successfully for user: shreyachindam.data.acc@gmail.com
2026-10-04T14:04:38.348+05:30  INFO 10472 --- [AIG-ForgeHub] [http-nio-8080-exec-7] c.e.A.serviceImp.AuthServiceImpl         : Completing 2FA authentication for user: shreyachindam.data.acc@gmail.com
2026-10-04T14:04:38.514+05:30  INFO 10472 --- [AIG-ForgeHub] [http-nio-8080-exec-7] c.e.A.s.RefreshTokenServiceImpl          : New refresh token generated and stored for user: shreyachindam.data.acc@gmail.com with revoked=false
2026-10-04T14:04:38.522+05:30  INFO 10472 --- [AIG-ForgeHub] [http-nio-8080-exec-7] c.e.A.serviceImp.AuthServiceImpl         : 2FA authentication completed successfully for user: shreyachindam.data.acc@gmail.com
2026-10-04T14:04:38.534+05:30  INFO 10472 --- [AIG-ForgeHub] [http-nio-8080-exec-7] c.e.A.controller.TwoFactorController     : 2FA verification successful for user: shreyachindam.data.acc@gmail.com
2026-10-04T14:04:38.604+05:30  INFO 10472 --- [AIG-ForgeHub] [http-nio-8080-exec-8] c.e.AIG_ForgeHub.security.JwtAuthFilter  : JWT authentication successful for user: shreyachindam.data.acc@gmail.com with role: VENDOR
2026-10-04T14:04:38.695+05:30  INFO 10472 --- [AIG-ForgeHub] [http-nio-8080-exec-9] c.e.AIG_ForgeHub.security.JwtAuthFilter  : JWT authentication successful for user: shreyachindam.data.acc@gmail.com with role: VENDOR
2026-10-04T14:04:38.708+05:30 ERROR 10472 --- [AIG-ForgeHub] [http-nio-8080-exec-9] c.e.A.exception.GlobalExceptionHandler   : Unexpected error at /favicon.ico: No static resource favicon.ico for request '/favicon.ico'.

org.springframework.web.servlet.resource.NoResourceFoundException: No static resource favicon.ico for request '/favicon.ico'.
	at org.springframework.web.servlet.resource.ResourceHttpRequestHandler.handleRequest(ResourceHttpRequestHandler.java:527) ~[spring-webmvc-7.0.9.jar:7.0.9]
	at org.springframework.web.servlet.mvc.HttpRequestHandlerAdapter.handle(HttpRequestHandlerAdapter.java:50) ~[spring-webmvc-7.0.9.jar:7.0.9]
	at org.springframework.web.servlet.DispatcherServlet.doDispatch(DispatcherServlet.java:963) ~[spring-webmvc-7.0.9.jar:7.0.9]
	at org.springframework.web.servlet.DispatcherServlet.doService(DispatcherServlet.java:866) ~[spring-webmvc-7.0.9.jar:7.0.9]
	at org.springframework.web.servlet.FrameworkServlet.processRequest(FrameworkServlet.java:1000) ~[spring-webmvc-7.0.9.jar:7.0.9]
	at org.springframework.web.servlet.FrameworkServlet.doGet(FrameworkServlet.java:892) ~[spring-webmvc-7.0.9.jar:7.0.9]
	at jakarta.servlet.http.HttpServlet.service(HttpServlet.java:622) ~[tomcat-embed-core-11.0.24.jar:6.1]
	at org.springframework.web.servlet.FrameworkServlet.service(FrameworkServlet.java:874) ~[spring-webmvc-7.0.9.jar:7.0.9]
	at jakarta.servlet.http.HttpServlet.service(HttpServlet.java:710) ~[tomcat-embed-core-11.0.24.jar:6.1]
	at org.apache.catalina.core.ApplicationFilterChain.doFilter(ApplicationFilterChain.java:132) ~[tomcat-embed-core-11.0.24.jar:11.0.24]
	at org.apache.tomcat.websocket.server.WsFilter.doFilter(WsFilter.java:59) ~[tomcat-embed-websocket-11.0.24.jar:11.0.24]
	at org.apache.catalina.core.ApplicationFilterChain.doFilter(ApplicationFilterChain.java:111) ~[tomcat-embed-core-11.0.24.jar:11.0.24]
	at org.springframework.web.filter.OncePerRequestFilter.doFilter(OncePerRequestFilter.java:110) ~[spring-web-7.0.9.jar:7.0.9]
	at org.apache.catalina.core.ApplicationFilterChain.doFilter(ApplicationFilterChain.java:111) ~[tomcat-embed-core-11.0.24.jar:11.0.24]
	at org.springframework.web.filter.CompositeFilter$VirtualFilterChain.doFilter(CompositeFilter.java:108) ~[spring-web-7.0.9.jar:7.0.9]
	at org.springframework.security.web.FilterChainProxy.lambda$doFilterInternal$2(FilterChainProxy.java:235) ~[spring-security-web-7.1.1.jar:7.1.1]
	at org.springframework.security.web.FilterChainProxy$VirtualFilterChain.doFilter(FilterChainProxy.java:376) ~[spring-security-web-7.1.1.jar:7.1.1]
	at org.springframework.security.web.access.intercept.AuthorizationFilter.doFilter(AuthorizationFilter.java:101) ~[spring-security-web-7.1.1.jar:7.1.1]
	at org.springframework.security.web.FilterChainProxy$VirtualFilterChain.doFilter(FilterChainProxy.java:385) ~[spring-security-web-7.1.1.jar:7.1.1]
	at org.springframework.security.web.access.ExceptionTranslationFilter.doFilter(ExceptionTranslationFilter.java:126) ~[spring-security-web-7.1.1.jar:7.1.1]
	at org.springframework.security.web.access.ExceptionTranslationFilter.doFilter(ExceptionTranslationFilter.java:120) ~[spring-security-web-7.1.1.jar:7.1.1]
	at org.springframework.security.web.FilterChainProxy$VirtualFilterChain.doFilter(FilterChainProxy.java:385) ~[spring-security-web-7.1.1.jar:7.1.1]
	at org.springframework.security.web.session.SessionManagementFilter.doFilter(SessionManagementFilter.java:132) ~[spring-security-web-7.1.1.jar:7.1.1]
	at org.springframework.security.web.session.SessionManagementFilter.doFilter(SessionManagementFilter.java:86) ~[spring-security-web-7.1.1.jar:7.1.1]
	at org.springframework.security.web.FilterChainProxy$VirtualFilterChain.doFilter(FilterChainProxy.java:385) ~[spring-security-web-7.1.1.jar:7.1.1]
	at org.springframework.security.web.authentication.AnonymousAuthenticationFilter.doFilter(AnonymousAuthenticationFilter.java:100) ~[spring-security-web-7.1.1.jar:7.1.1]
	at org.springframework.security.web.FilterChainProxy$VirtualFilterChain.doFilter(FilterChainProxy.java:385) ~[spring-security-web-7.1.1.jar:7.1.1]
	at org.springframework.security.web.servletapi.SecurityContextHolderAwareRequestFilter.doFilter(SecurityContextHolderAwareRequestFilter.java:181) ~[spring-security-web-7.1.1.jar:7.1.1]
	at org.springframework.security.web.FilterChainProxy$VirtualFilterChain.doFilter(FilterChainProxy.java:385) ~[spring-security-web-7.1.1.jar:7.1.1]
	at org.springframework.security.web.savedrequest.RequestCacheAwareFilter.doFilter(RequestCacheAwareFilter.java:63) ~[spring-security-web-7.1.1.jar:7.1.1]
	at org.springframework.security.web.FilterChainProxy$VirtualFilterChain.doFilter(FilterChainProxy.java:385) ~[spring-security-web-7.1.1.jar:7.1.1]
	at com.example.AIG_ForgeHub.security.JwtAuthFilter.doFilterInternal(JwtAuthFilter.java:88) ~[classes/:na]
	at org.springframework.web.filter.OncePerRequestFilter.doFilter(OncePerRequestFilter.java:116) ~[spring-web-7.0.9.jar:7.0.9]
	at org.springframework.security.web.FilterChainProxy$VirtualFilterChain.doFilter(FilterChainProxy.java:385) ~[spring-security-web-7.1.1.jar:7.1.1]
	at org.springframework.security.web.authentication.logout.LogoutFilter.doFilter(LogoutFilter.java:110) ~[spring-security-web-7.1.1.jar:7.1.1]
	at org.springframework.security.web.authentication.logout.LogoutFilter.doFilter(LogoutFilter.java:96) ~[spring-security-web-7.1.1.jar:7.1.1]
	at org.springframework.security.web.FilterChainProxy$VirtualFilterChain.doFilter(FilterChainProxy.java:385) ~[spring-security-web-7.1.1.jar:7.1.1]
	at org.springframework.security.web.header.HeaderWriterFilter.doHeadersAfter(HeaderWriterFilter.java:90) ~[spring-security-web-7.1.1.jar:7.1.1]
	at org.springframework.security.web.header.HeaderWriterFilter.doFilterInternal(HeaderWriterFilter.java:75) ~[spring-security-web-7.1.1.jar:7.1.1]
	at org.springframework.web.filter.OncePerRequestFilter.doFilter(OncePerRequestFilter.java:116) ~[spring-web-7.0.9.jar:7.0.9]
	at org.springframework.security.web.FilterChainProxy$VirtualFilterChain.doFilter(FilterChainProxy.java:385) ~[spring-security-web-7.1.1.jar:7.1.1]
	at org.springframework.security.web.context.SecurityContextHolderFilter.doFilter(SecurityContextHolderFilter.java:82) ~[spring-security-web-7.1.1.jar:7.1.1]
	at org.springframework.security.web.context.SecurityContextHolderFilter.doFilter(SecurityContextHolderFilter.java:69) ~[spring-security-web-7.1.1.jar:7.1.1]
	at org.springframework.security.web.FilterChainProxy$VirtualFilterChain.doFilter(FilterChainProxy.java:385) ~[spring-security-web-7.1.1.jar:7.1.1]
	at org.springframework.security.web.context.request.async.WebAsyncManagerIntegrationFilter.doFilterInternal(WebAsyncManagerIntegrationFilter.java:62) ~[spring-security-web-7.1.1.jar:7.1.1]
	at org.springframework.web.filter.OncePerRequestFilter.doFilter(OncePerRequestFilter.java:116) ~[spring-web-7.0.9.jar:7.0.9]
	at org.springframework.security.web.FilterChainProxy$VirtualFilterChain.doFilter(FilterChainProxy.java:385) ~[spring-security-web-7.1.1.jar:7.1.1]
	at org.springframework.security.web.session.DisableEncodeUrlFilter.doFilterInternal(DisableEncodeUrlFilter.java:42) ~[spring-security-web-7.1.1.jar:7.1.1]
	at org.springframework.web.filter.OncePerRequestFilter.doFilter(OncePerRequestFilter.java:116) ~[spring-web-7.0.9.jar:7.0.9]
	at org.springframework.security.web.FilterChainProxy$VirtualFilterChain.doFilter(FilterChainProxy.java:385) ~[spring-security-web-7.1.1.jar:7.1.1]
	at org.springframework.security.web.FilterChainProxy.doFilterInternal(FilterChainProxy.java:237) ~[spring-security-web-7.1.1.jar:7.1.1]
	at org.springframework.security.web.FilterChainProxy.doFilter(FilterChainProxy.java:195) ~[spring-security-web-7.1.1.jar:7.1.1]
	at org.springframework.web.filter.CompositeFilter$VirtualFilterChain.doFilter(CompositeFilter.java:113) ~[spring-web-7.0.9.jar:7.0.9]
	at org.springframework.web.filter.ServletRequestPathFilter.doFilter(ServletRequestPathFilter.java:52) ~[spring-web-7.0.9.jar:7.0.9]
	at org.springframework.web.filter.CompositeFilter$VirtualFilterChain.doFilter(CompositeFilter.java:113) ~[spring-web-7.0.9.jar:7.0.9]
	at org.springframework.web.filter.CompositeFilter.doFilter(CompositeFilter.java:74) ~[spring-web-7.0.9.jar:7.0.9]
	at org.springframework.security.config.annotation.web.configuration.WebSecurityConfiguration$CompositeFilterChainProxy.doFilter(WebSecurityConfiguration.java:317) ~[spring-security-config-7.1.1.jar:7.1.1]
	at org.springframework.web.filter.DelegatingFilterProxy.invokeDelegate(DelegatingFilterProxy.java:355) ~[spring-web-7.0.9.jar:7.0.9]
	at org.springframework.web.filter.DelegatingFilterProxy.doFilter(DelegatingFilterProxy.java:272) ~[spring-web-7.0.9.jar:7.0.9]
	at org.apache.catalina.core.ApplicationFilterChain.doFilter(ApplicationFilterChain.java:111) ~[tomcat-embed-core-11.0.24.jar:11.0.24]
	at org.springframework.web.filter.RequestContextFilter.doFilterInternal(RequestContextFilter.java:100) ~[spring-web-7.0.9.jar:7.0.9]
	at org.springframework.web.filter.OncePerRequestFilter.doFilter(OncePerRequestFilter.java:116) ~[spring-web-7.0.9.jar:7.0.9]
	at org.apache.catalina.core.ApplicationFilterChain.doFilter(ApplicationFilterChain.java:111) ~[tomcat-embed-core-11.0.24.jar:11.0.24]
	at org.springframework.web.filter.FormContentFilter.doFilterInternal(FormContentFilter.java:93) ~[spring-web-7.0.9.jar:7.0.9]
	at org.springframework.web.filter.OncePerRequestFilter.doFilter(OncePerRequestFilter.java:116) ~[spring-web-7.0.9.jar:7.0.9]
	at org.apache.catalina.core.ApplicationFilterChain.doFilter(ApplicationFilterChain.java:111) ~[tomcat-embed-core-11.0.24.jar:11.0.24]
	at org.springframework.web.filter.CharacterEncodingFilter.doFilterInternal(CharacterEncodingFilter.java:199) ~[spring-web-7.0.9.jar:7.0.9]
	at org.springframework.web.filter.OncePerRequestFilter.doFilter(OncePerRequestFilter.java:116) ~[spring-web-7.0.9.jar:7.0.9]
	at org.apache.catalina.core.ApplicationFilterChain.doFilter(ApplicationFilterChain.java:111) ~[tomcat-embed-core-11.0.24.jar:11.0.24]
	at org.apache.catalina.core.StandardWrapperValve.invoke(StandardWrapperValve.java:165) ~[tomcat-embed-core-11.0.24.jar:11.0.24]
	at org.apache.catalina.core.StandardContextValve.invoke(StandardContextValve.java:77) ~[tomcat-embed-core-11.0.24.jar:11.0.24]
	at org.apache.catalina.authenticator.AuthenticatorBase.invoke(AuthenticatorBase.java:535) ~[tomcat-embed-core-11.0.24.jar:11.0.24]
	at org.apache.catalina.core.StandardHostValve.invoke(StandardHostValve.java:115) ~[tomcat-embed-core-11.0.24.jar:11.0.24]
	at org.apache.catalina.valves.ErrorReportValve.invoke(ErrorReportValve.java:86) ~[tomcat-embed-core-11.0.24.jar:11.0.24]
	at org.apache.catalina.core.StandardEngineValve.invoke(StandardEngineValve.java:71) ~[tomcat-embed-core-11.0.24.jar:11.0.24]
	at org.apache.catalina.connector.CoyoteAdapter.service(CoyoteAdapter.java:347) ~[tomcat-embed-core-11.0.24.jar:11.0.24]
	at org.apache.coyote.http11.Http11Processor.service(Http11Processor.java:406) ~[tomcat-embed-core-11.0.24.jar:11.0.24]
	at org.apache.coyote.AbstractProcessorLight.process(AbstractProcessorLight.java:71) ~[tomcat-embed-core-11.0.24.jar:11.0.24]
	at org.apache.coyote.AbstractProtocol$ConnectionHandler.process(AbstractProtocol.java:1307) ~[tomcat-embed-core-11.0.24.jar:11.0.24]
	at org.apache.tomcat.util.net.NioEndpoint$SocketProcessor.doRun(NioEndpoint.java:2036) ~[tomcat-embed-core-11.0.24.jar:11.0.24]
	at org.apache.tomcat.util.net.SocketProcessorBase.run(SocketProcessorBase.java:74) ~[tomcat-embed-core-11.0.24.jar:11.0.24]
	at org.apache.tomcat.util.threads.ThreadPoolExecutor.runWorker(ThreadPoolExecutor.java:949) ~[tomcat-embed-core-11.0.24.jar:11.0.24]
	at org.apache.tomcat.util.threads.ThreadPoolExecutor$Worker.run(ThreadPoolExecutor.java:483) ~[tomcat-embed-core-11.0.24.jar:11.0.24]
	at org.apache.tomcat.util.threads.TaskThread$WrappingRunnable.run(TaskThread.java:74) ~[tomcat-embed-core-11.0.24.jar:11.0.24]
	at java.base/java.lang.Thread.run(Thread.java:1583) ~[na:na]

2026-10-04T14:04:38.742+05:30  INFO 10472 --- [AIG-ForgeHub] [http-nio-8080-exec-10] c.e.AIG_ForgeHub.security.JwtAuthFilter  : JWT authentication successful for user: shreyachindam.data.acc@gmail.com with role: VENDOR
2026-10-04T14:04:46.750+05:30  INFO 10472 --- [AIG-ForgeHub] [http-nio-8080-exec-1] c.e.AIG_ForgeHub.security.JwtAuthFilter  : JWT authentication successful for user: shreyachindam.data.acc@gmail.com with role: VENDOR
2026-10-04T14:04:46.773+05:30  INFO 10472 --- [AIG-ForgeHub] [http-nio-8080-exec-1] c.e.A.s.RefreshTokenServiceImpl          : Refresh token marked revoked for user: shreyachindam.data.acc@gmail.com
2026-10-04T14:04:46.773+05:30  INFO 10472 --- [AIG-ForgeHub] [http-nio-8080-exec-1] c.e.A.serviceImp.AuthServiceImpl         : Refresh token revoked successfully
2026-10-04T14:04:46.774+05:30  INFO 10472 --- [AIG-ForgeHub] [http-nio-8080-exec-1] c.e.A.controller.AuthController          : Logout successful
2026-10-04T14:05:03.596+05:30  INFO 10472 --- [AIG-ForgeHub] [http-nio-8080-exec-1] c.e.A.controller.AuthController          : Email OTP requested for user: shreyachindam.data.acc@gmail.com
2026-10-04T14:05:03.596+05:30  INFO 10472 --- [AIG-ForgeHub] [http-nio-8080-exec-1] c.e.A.serviceImp.EmailServiceImpl        : OTP generation requested for user: shreyachindam.data.acc@gmail.com
2026-10-04T14:05:08.029+05:30  INFO 10472 --- [AIG-ForgeHub] [http-nio-8080-exec-1] c.e.A.serviceImp.EmailServiceImpl        : OTP email sent successfully to user: shreyachindam.data.acc@gmail.com
2026-10-04T14:05:08.029+05:30  INFO 10472 --- [AIG-ForgeHub] [http-nio-8080-exec-1] c.e.A.controller.AuthController          : Email OTP sent successfully for user: shreyachindam.data.acc@gmail.com
2026-10-04T14:06:37.880+05:30  INFO 10472 --- [AIG-ForgeHub] [http-nio-8080-exec-7] c.e.A.controller.AuthController          : Email OTP verification attempt for user: shreyachindam.data.acc@gmail.com
2026-10-04T14:06:37.881+05:30  INFO 10472 --- [AIG-ForgeHub] [http-nio-8080-exec-7] c.e.A.serviceImp.EmailServiceImpl        : OTP verification requested for user: shreyachindam.data.acc@gmail.com
2026-10-04T14:06:37.976+05:30  INFO 10472 --- [AIG-ForgeHub] [http-nio-8080-exec-7] c.e.A.serviceImp.EmailServiceImpl        : OTP verified successfully for user: shreyachindam.data.acc@gmail.com
2026-10-04T14:06:37.976+05:30  INFO 10472 --- [AIG-ForgeHub] [http-nio-8080-exec-7] c.e.A.controller.AuthController          : Email OTP verified successfully for user: shreyachindam.data.acc@gmail.com
2026-10-04T14:06:37.980+05:30  INFO 10472 --- [AIG-ForgeHub] [http-nio-8080-exec-7] c.e.A.serviceImp.TwoFactorServiceImpl    : 2FA secret regeneration requested for user: shreyachindam.data.acc@gmail.com
2026-10-04T14:06:37.988+05:30  INFO 10472 --- [AIG-ForgeHub] [http-nio-8080-exec-7] c.e.A.serviceImp.TwoFactorServiceImpl    : 2FA secret regenerated successfully for user: shreyachindam.data.acc@gmail.com
2026-10-04T14:06:37.988+05:30  INFO 10472 --- [AIG-ForgeHub] [http-nio-8080-exec-7] c.e.A.controller.AuthController          : 2FA secret regenerated for user: shreyachindam.data.acc@gmail.com
2026-10-04T14:06:37.988+05:30  INFO 10472 --- [AIG-ForgeHub] [http-nio-8080-exec-7] c.e.A.serviceImp.TwoFactorServiceImpl    : QR code generation requested for user: shreyachindam.data.acc@gmail.com
2026-10-04T14:06:38.005+05:30  INFO 10472 --- [AIG-ForgeHub] [http-nio-8080-exec-7] c.e.A.serviceImp.TwoFactorServiceImpl    : 2FA QR code generated successfully for user: shreyachindam.data.acc@gmail.com
2026-10-04T14:06:38.005+05:30  INFO 10472 --- [AIG-ForgeHub] [http-nio-8080-exec-7] c.e.A.controller.AuthController          : Recovery QR generated successfully for user: shreyachindam.data.acc@gmail.com
2026-10-04T14:06:50.204+05:30  INFO 10472 --- [AIG-ForgeHub] [http-nio-8080-exec-1] c.e.A.controller.TwoFactorController     : Proceed to 2FA verification requested for user: shreyachindam.data.acc@gmail.com
2026-10-04T14:07:05.810+05:30  INFO 10472 --- [AIG-ForgeHub] [http-nio-8080-exec-5] c.e.A.controller.TwoFactorController     : 2FA OTP verification request received for user: shreyachindam.data.acc@gmail.com
2026-10-04T14:07:05.811+05:30  INFO 10472 --- [AIG-ForgeHub] [http-nio-8080-exec-5] c.e.A.serviceImp.TwoFactorServiceImpl    : 2FA OTP verification requested for user: shreyachindam.data.acc@gmail.com
2026-10-04T14:07:05.814+05:30  INFO 10472 --- [AIG-ForgeHub] [http-nio-8080-exec-5] c.e.A.serviceImp.TwoFactorServiceImpl    : 2FA OTP verified successfully for user: shreyachindam.data.acc@gmail.com
2026-10-04T14:07:05.814+05:30  INFO 10472 --- [AIG-ForgeHub] [http-nio-8080-exec-5] c.e.A.serviceImp.AuthServiceImpl         : Completing 2FA authentication for user: shreyachindam.data.acc@gmail.com
2026-10-04T14:07:05.835+05:30  INFO 10472 --- [AIG-ForgeHub] [http-nio-8080-exec-5] c.e.A.s.RefreshTokenServiceImpl          : New refresh token generated and stored for user: shreyachindam.data.acc@gmail.com with revoked=false
2026-10-04T14:07:05.844+05:30  INFO 10472 --- [AIG-ForgeHub] [http-nio-8080-exec-5] c.e.A.serviceImp.AuthServiceImpl         : 2FA authentication completed successfully for user: shreyachindam.data.acc@gmail.com
2026-10-04T14:07:05.845+05:30  INFO 10472 --- [AIG-ForgeHub] [http-nio-8080-exec-5] c.e.A.controller.TwoFactorController     : 2FA verification successful for user: shreyachindam.data.acc@gmail.com
2026-10-04T14:07:05.855+05:30  INFO 10472 --- [AIG-ForgeHub] [http-nio-8080-exec-6] c.e.AIG_ForgeHub.security.JwtAuthFilter  : JWT authentication successful for user: shreyachindam.data.acc@gmail.com with role: VENDOR
2026-10-04T14:07:05.923+05:30  INFO 10472 --- [AIG-ForgeHub] [http-nio-8080-exec-7] c.e.AIG_ForgeHub.security.JwtAuthFilter  : JWT authentication successful for user: shreyachindam.data.acc@gmail.com with role: VENDOR
2026-10-04T14:07:05.928+05:30 ERROR 10472 --- [AIG-ForgeHub] [http-nio-8080-exec-7] c.e.A.exception.GlobalExceptionHandler   : Unexpected error at /favicon.ico: No static resource favicon.ico for request '/favicon.ico'.

org.springframework.web.servlet.resource.NoResourceFoundException: No static resource favicon.ico for request '/favicon.ico'.
	at org.springframework.web.servlet.resource.ResourceHttpRequestHandler.handleRequest(ResourceHttpRequestHandler.java:527) ~[spring-webmvc-7.0.9.jar:7.0.9]
	at org.springframework.web.servlet.mvc.HttpRequestHandlerAdapter.handle(HttpRequestHandlerAdapter.java:50) ~[spring-webmvc-7.0.9.jar:7.0.9]
	at org.springframework.web.servlet.DispatcherServlet.doDispatch(DispatcherServlet.java:963) ~[spring-webmvc-7.0.9.jar:7.0.9]
	at org.springframework.web.servlet.DispatcherServlet.doService(DispatcherServlet.java:866) ~[spring-webmvc-7.0.9.jar:7.0.9]
	at org.springframework.web.servlet.FrameworkServlet.processRequest(FrameworkServlet.java:1000) ~[spring-webmvc-7.0.9.jar:7.0.9]
	at org.springframework.web.servlet.FrameworkServlet.doGet(FrameworkServlet.java:892) ~[spring-webmvc-7.0.9.jar:7.0.9]
	at jakarta.servlet.http.HttpServlet.service(HttpServlet.java:622) ~[tomcat-embed-core-11.0.24.jar:6.1]
	at org.springframework.web.servlet.FrameworkServlet.service(FrameworkServlet.java:874) ~[spring-webmvc-7.0.9.jar:7.0.9]
	at jakarta.servlet.http.HttpServlet.service(HttpServlet.java:710) ~[tomcat-embed-core-11.0.24.jar:6.1]
	at org.apache.catalina.core.ApplicationFilterChain.doFilter(ApplicationFilterChain.java:132) ~[tomcat-embed-core-11.0.24.jar:11.0.24]
	at org.apache.tomcat.websocket.server.WsFilter.doFilter(WsFilter.java:59) ~[tomcat-embed-websocket-11.0.24.jar:11.0.24]
	at org.apache.catalina.core.ApplicationFilterChain.doFilter(ApplicationFilterChain.java:111) ~[tomcat-embed-core-11.0.24.jar:11.0.24]
	at org.springframework.web.filter.OncePerRequestFilter.doFilter(OncePerRequestFilter.java:110) ~[spring-web-7.0.9.jar:7.0.9]
	at org.apache.catalina.core.ApplicationFilterChain.doFilter(ApplicationFilterChain.java:111) ~[tomcat-embed-core-11.0.24.jar:11.0.24]
	at org.springframework.web.filter.CompositeFilter$VirtualFilterChain.doFilter(CompositeFilter.java:108) ~[spring-web-7.0.9.jar:7.0.9]
	at org.springframework.security.web.FilterChainProxy.lambda$doFilterInternal$2(FilterChainProxy.java:235) ~[spring-security-web-7.1.1.jar:7.1.1]
	at org.springframework.security.web.FilterChainProxy$VirtualFilterChain.doFilter(FilterChainProxy.java:376) ~[spring-security-web-7.1.1.jar:7.1.1]
	at org.springframework.security.web.access.intercept.AuthorizationFilter.doFilter(AuthorizationFilter.java:101) ~[spring-security-web-7.1.1.jar:7.1.1]
	at org.springframework.security.web.FilterChainProxy$VirtualFilterChain.doFilter(FilterChainProxy.java:385) ~[spring-security-web-7.1.1.jar:7.1.1]
	at org.springframework.security.web.access.ExceptionTranslationFilter.doFilter(ExceptionTranslationFilter.java:126) ~[spring-security-web-7.1.1.jar:7.1.1]
	at org.springframework.security.web.access.ExceptionTranslationFilter.doFilter(ExceptionTranslationFilter.java:120) ~[spring-security-web-7.1.1.jar:7.1.1]
	at org.springframework.security.web.FilterChainProxy$VirtualFilterChain.doFilter(FilterChainProxy.java:385) ~[spring-security-web-7.1.1.jar:7.1.1]
	at org.springframework.security.web.session.SessionManagementFilter.doFilter(SessionManagementFilter.java:132) ~[spring-security-web-7.1.1.jar:7.1.1]
	at org.springframework.security.web.session.SessionManagementFilter.doFilter(SessionManagementFilter.java:86) ~[spring-security-web-7.1.1.jar:7.1.1]
	at org.springframework.security.web.FilterChainProxy$VirtualFilterChain.doFilter(FilterChainProxy.java:385) ~[spring-security-web-7.1.1.jar:7.1.1]
	at org.springframework.security.web.authentication.AnonymousAuthenticationFilter.doFilter(AnonymousAuthenticationFilter.java:100) ~[spring-security-web-7.1.1.jar:7.1.1]
	at org.springframework.security.web.FilterChainProxy$VirtualFilterChain.doFilter(FilterChainProxy.java:385) ~[spring-security-web-7.1.1.jar:7.1.1]
	at org.springframework.security.web.servletapi.SecurityContextHolderAwareRequestFilter.doFilter(SecurityContextHolderAwareRequestFilter.java:181) ~[spring-security-web-7.1.1.jar:7.1.1]
	at org.springframework.security.web.FilterChainProxy$VirtualFilterChain.doFilter(FilterChainProxy.java:385) ~[spring-security-web-7.1.1.jar:7.1.1]
	at org.springframework.security.web.savedrequest.RequestCacheAwareFilter.doFilter(RequestCacheAwareFilter.java:63) ~[spring-security-web-7.1.1.jar:7.1.1]
	at org.springframework.security.web.FilterChainProxy$VirtualFilterChain.doFilter(FilterChainProxy.java:385) ~[spring-security-web-7.1.1.jar:7.1.1]
	at com.example.AIG_ForgeHub.security.JwtAuthFilter.doFilterInternal(JwtAuthFilter.java:88) ~[classes/:na]
	at org.springframework.web.filter.OncePerRequestFilter.doFilter(OncePerRequestFilter.java:116) ~[spring-web-7.0.9.jar:7.0.9]
	at org.springframework.security.web.FilterChainProxy$VirtualFilterChain.doFilter(FilterChainProxy.java:385) ~[spring-security-web-7.1.1.jar:7.1.1]
	at org.springframework.security.web.authentication.logout.LogoutFilter.doFilter(LogoutFilter.java:110) ~[spring-security-web-7.1.1.jar:7.1.1]
	at org.springframework.security.web.authentication.logout.LogoutFilter.doFilter(LogoutFilter.java:96) ~[spring-security-web-7.1.1.jar:7.1.1]
	at org.springframework.security.web.FilterChainProxy$VirtualFilterChain.doFilter(FilterChainProxy.java:385) ~[spring-security-web-7.1.1.jar:7.1.1]
	at org.springframework.security.web.header.HeaderWriterFilter.doHeadersAfter(HeaderWriterFilter.java:90) ~[spring-security-web-7.1.1.jar:7.1.1]
	at org.springframework.security.web.header.HeaderWriterFilter.doFilterInternal(HeaderWriterFilter.java:75) ~[spring-security-web-7.1.1.jar:7.1.1]
	at org.springframework.web.filter.OncePerRequestFilter.doFilter(OncePerRequestFilter.java:116) ~[spring-web-7.0.9.jar:7.0.9]
	at org.springframework.security.web.FilterChainProxy$VirtualFilterChain.doFilter(FilterChainProxy.java:385) ~[spring-security-web-7.1.1.jar:7.1.1]
	at org.springframework.security.web.context.SecurityContextHolderFilter.doFilter(SecurityContextHolderFilter.java:82) ~[spring-security-web-7.1.1.jar:7.1.1]
	at org.springframework.security.web.context.SecurityContextHolderFilter.doFilter(SecurityContextHolderFilter.java:69) ~[spring-security-web-7.1.1.jar:7.1.1]
	at org.springframework.security.web.FilterChainProxy$VirtualFilterChain.doFilter(FilterChainProxy.java:385) ~[spring-security-web-7.1.1.jar:7.1.1]
	at org.springframework.security.web.context.request.async.WebAsyncManagerIntegrationFilter.doFilterInternal(WebAsyncManagerIntegrationFilter.java:62) ~[spring-security-web-7.1.1.jar:7.1.1]
	at org.springframework.web.filter.OncePerRequestFilter.doFilter(OncePerRequestFilter.java:116) ~[spring-web-7.0.9.jar:7.0.9]
	at org.springframework.security.web.FilterChainProxy$VirtualFilterChain.doFilter(FilterChainProxy.java:385) ~[spring-security-web-7.1.1.jar:7.1.1]
	at org.springframework.security.web.session.DisableEncodeUrlFilter.doFilterInternal(DisableEncodeUrlFilter.java:42) ~[spring-security-web-7.1.1.jar:7.1.1]
	at org.springframework.web.filter.OncePerRequestFilter.doFilter(OncePerRequestFilter.java:116) ~[spring-web-7.0.9.jar:7.0.9]
	at org.springframework.security.web.FilterChainProxy$VirtualFilterChain.doFilter(FilterChainProxy.java:385) ~[spring-security-web-7.1.1.jar:7.1.1]
	at org.springframework.security.web.FilterChainProxy.doFilterInternal(FilterChainProxy.java:237) ~[spring-security-web-7.1.1.jar:7.1.1]
	at org.springframework.security.web.FilterChainProxy.doFilter(FilterChainProxy.java:195) ~[spring-security-web-7.1.1.jar:7.1.1]
	at org.springframework.web.filter.CompositeFilter$VirtualFilterChain.doFilter(CompositeFilter.java:113) ~[spring-web-7.0.9.jar:7.0.9]
	at org.springframework.web.filter.ServletRequestPathFilter.doFilter(ServletRequestPathFilter.java:52) ~[spring-web-7.0.9.jar:7.0.9]
	at org.springframework.web.filter.CompositeFilter$VirtualFilterChain.doFilter(CompositeFilter.java:113) ~[spring-web-7.0.9.jar:7.0.9]
	at org.springframework.web.filter.CompositeFilter.doFilter(CompositeFilter.java:74) ~[spring-web-7.0.9.jar:7.0.9]
	at org.springframework.security.config.annotation.web.configuration.WebSecurityConfiguration$CompositeFilterChainProxy.doFilter(WebSecurityConfiguration.java:317) ~[spring-security-config-7.1.1.jar:7.1.1]
	at org.springframework.web.filter.DelegatingFilterProxy.invokeDelegate(DelegatingFilterProxy.java:355) ~[spring-web-7.0.9.jar:7.0.9]
	at org.springframework.web.filter.DelegatingFilterProxy.doFilter(DelegatingFilterProxy.java:272) ~[spring-web-7.0.9.jar:7.0.9]
	at org.apache.catalina.core.ApplicationFilterChain.doFilter(ApplicationFilterChain.java:111) ~[tomcat-embed-core-11.0.24.jar:11.0.24]
	at org.springframework.web.filter.RequestContextFilter.doFilterInternal(RequestContextFilter.java:100) ~[spring-web-7.0.9.jar:7.0.9]
	at org.springframework.web.filter.OncePerRequestFilter.doFilter(OncePerRequestFilter.java:116) ~[spring-web-7.0.9.jar:7.0.9]
	at org.apache.catalina.core.ApplicationFilterChain.doFilter(ApplicationFilterChain.java:111) ~[tomcat-embed-core-11.0.24.jar:11.0.24]
	at org.springframework.web.filter.FormContentFilter.doFilterInternal(FormContentFilter.java:93) ~[spring-web-7.0.9.jar:7.0.9]
	at org.springframework.web.filter.OncePerRequestFilter.doFilter(OncePerRequestFilter.java:116) ~[spring-web-7.0.9.jar:7.0.9]
	at org.apache.catalina.core.ApplicationFilterChain.doFilter(ApplicationFilterChain.java:111) ~[tomcat-embed-core-11.0.24.jar:11.0.24]
	at org.springframework.web.filter.CharacterEncodingFilter.doFilterInternal(CharacterEncodingFilter.java:199) ~[spring-web-7.0.9.jar:7.0.9]
	at org.springframework.web.filter.OncePerRequestFilter.doFilter(OncePerRequestFilter.java:116) ~[spring-web-7.0.9.jar:7.0.9]
	at org.apache.catalina.core.ApplicationFilterChain.doFilter(ApplicationFilterChain.java:111) ~[tomcat-embed-core-11.0.24.jar:11.0.24]
	at org.apache.catalina.core.StandardWrapperValve.invoke(StandardWrapperValve.java:165) ~[tomcat-embed-core-11.0.24.jar:11.0.24]
	at org.apache.catalina.core.StandardContextValve.invoke(StandardContextValve.java:77) ~[tomcat-embed-core-11.0.24.jar:11.0.24]
	at org.apache.catalina.authenticator.AuthenticatorBase.invoke(AuthenticatorBase.java:535) ~[tomcat-embed-core-11.0.24.jar:11.0.24]
	at org.apache.catalina.core.StandardHostValve.invoke(StandardHostValve.java:115) ~[tomcat-embed-core-11.0.24.jar:11.0.24]
	at org.apache.catalina.valves.ErrorReportValve.invoke(ErrorReportValve.java:86) ~[tomcat-embed-core-11.0.24.jar:11.0.24]
	at org.apache.catalina.core.StandardEngineValve.invoke(StandardEngineValve.java:71) ~[tomcat-embed-core-11.0.24.jar:11.0.24]
	at org.apache.catalina.connector.CoyoteAdapter.service(CoyoteAdapter.java:347) ~[tomcat-embed-core-11.0.24.jar:11.0.24]
	at org.apache.coyote.http11.Http11Processor.service(Http11Processor.java:406) ~[tomcat-embed-core-11.0.24.jar:11.0.24]
	at org.apache.coyote.AbstractProcessorLight.process(AbstractProcessorLight.java:71) ~[tomcat-embed-core-11.0.24.jar:11.0.24]
	at org.apache.coyote.AbstractProtocol$ConnectionHandler.process(AbstractProtocol.java:1307) ~[tomcat-embed-core-11.0.24.jar:11.0.24]
	at org.apache.tomcat.util.net.NioEndpoint$SocketProcessor.doRun(NioEndpoint.java:2036) ~[tomcat-embed-core-11.0.24.jar:11.0.24]
	at org.apache.tomcat.util.net.SocketProcessorBase.run(SocketProcessorBase.java:74) ~[tomcat-embed-core-11.0.24.jar:11.0.24]
	at org.apache.tomcat.util.threads.ThreadPoolExecutor.runWorker(ThreadPoolExecutor.java:949) ~[tomcat-embed-core-11.0.24.jar:11.0.24]
	at org.apache.tomcat.util.threads.ThreadPoolExecutor$Worker.run(ThreadPoolExecutor.java:483) ~[tomcat-embed-core-11.0.24.jar:11.0.24]
	at org.apache.tomcat.util.threads.TaskThread$WrappingRunnable.run(TaskThread.java:74) ~[tomcat-embed-core-11.0.24.jar:11.0.24]
	at java.base/java.lang.Thread.run(Thread.java:1583) ~[na:na]

2026-10-04T14:07:05.944+05:30  INFO 10472 --- [AIG-ForgeHub] [http-nio-8080-exec-8] c.e.AIG_ForgeHub.security.JwtAuthFilter  : JWT authentication successful for user: shreyachindam.data.acc@gmail.com with role: VENDOR
2026-10-04T14:07:17.404+05:30  INFO 10472 --- [AIG-ForgeHub] [http-nio-8080-exec-9] c.e.AIG_ForgeHub.security.JwtAuthFilter  : JWT authentication successful for user: shreyachindam.data.acc@gmail.com with role: VENDOR
2026-10-04T14:07:17.430+05:30  INFO 10472 --- [AIG-ForgeHub] [http-nio-8080-exec-10] c.e.AIG_ForgeHub.security.JwtAuthFilter  : JWT authentication successful for user: shreyachindam.data.acc@gmail.com with role: VENDOR
2026-10-04T14:07:17.473+05:30  INFO 10472 --- [AIG-ForgeHub] [http-nio-8080-exec-1] c.e.AIG_ForgeHub.security.JwtAuthFilter  : JWT authentication successful for user: shreyachindam.data.acc@gmail.com with role: VENDOR
2026-10-04T14:07:18.090+05:30  INFO 10472 --- [AIG-ForgeHub] [http-nio-8080-exec-3] c.e.AIG_ForgeHub.security.JwtAuthFilter  : JWT authentication successful for user: shreyachindam.data.acc@gmail.com with role: VENDOR
2026-10-04T14:07:18.112+05:30  INFO 10472 --- [AIG-ForgeHub] [http-nio-8080-exec-2] c.e.AIG_ForgeHub.security.JwtAuthFilter  : JWT authentication successful for user: shreyachindam.data.acc@gmail.com with role: VENDOR
2026-10-04T14:07:18.203+05:30  INFO 10472 --- [AIG-ForgeHub] [http-nio-8080-exec-4] c.e.AIG_ForgeHub.security.JwtAuthFilter  : JWT authentication successful for user: shreyachindam.data.acc@gmail.com with role: VENDOR
2026-10-04T14:07:18.349+05:30  INFO 10472 --- [AIG-ForgeHub] [http-nio-8080-exec-5] c.e.AIG_ForgeHub.security.JwtAuthFilter  : JWT authentication successful for user: shreyachindam.data.acc@gmail.com with role: VENDOR
2026-10-04T14:07:18.353+05:30 ERROR 10472 --- [AIG-ForgeHub] [http-nio-8080-exec-5] c.e.A.exception.GlobalExceptionHandler   : Unexpected error at /favicon.ico: No static resource favicon.ico for request '/favicon.ico'.

org.springframework.web.servlet.resource.NoResourceFoundException: No static resource favicon.ico for request '/favicon.ico'.
	at org.springframework.web.servlet.resource.ResourceHttpRequestHandler.handleRequest(ResourceHttpRequestHandler.java:527) ~[spring-webmvc-7.0.9.jar:7.0.9]
	at org.springframework.web.servlet.mvc.HttpRequestHandlerAdapter.handle(HttpRequestHandlerAdapter.java:50) ~[spring-webmvc-7.0.9.jar:7.0.9]
	at org.springframework.web.servlet.DispatcherServlet.doDispatch(DispatcherServlet.java:963) ~[spring-webmvc-7.0.9.jar:7.0.9]
	at org.springframework.web.servlet.DispatcherServlet.doService(DispatcherServlet.java:866) ~[spring-webmvc-7.0.9.jar:7.0.9]
	at org.springframework.web.servlet.FrameworkServlet.processRequest(FrameworkServlet.java:1000) ~[spring-webmvc-7.0.9.jar:7.0.9]
	at org.springframework.web.servlet.FrameworkServlet.doGet(FrameworkServlet.java:892) ~[spring-webmvc-7.0.9.jar:7.0.9]
	at jakarta.servlet.http.HttpServlet.service(HttpServlet.java:622) ~[tomcat-embed-core-11.0.24.jar:6.1]
	at org.springframework.web.servlet.FrameworkServlet.service(FrameworkServlet.java:874) ~[spring-webmvc-7.0.9.jar:7.0.9]
	at jakarta.servlet.http.HttpServlet.service(HttpServlet.java:710) ~[tomcat-embed-core-11.0.24.jar:6.1]
	at org.apache.catalina.core.ApplicationFilterChain.doFilter(ApplicationFilterChain.java:132) ~[tomcat-embed-core-11.0.24.jar:11.0.24]
	at org.apache.tomcat.websocket.server.WsFilter.doFilter(WsFilter.java:59) ~[tomcat-embed-websocket-11.0.24.jar:11.0.24]
	at org.apache.catalina.core.ApplicationFilterChain.doFilter(ApplicationFilterChain.java:111) ~[tomcat-embed-core-11.0.24.jar:11.0.24]
	at org.springframework.web.filter.OncePerRequestFilter.doFilter(OncePerRequestFilter.java:110) ~[spring-web-7.0.9.jar:7.0.9]
	at org.apache.catalina.core.ApplicationFilterChain.doFilter(ApplicationFilterChain.java:111) ~[tomcat-embed-core-11.0.24.jar:11.0.24]
	at org.springframework.web.filter.CompositeFilter$VirtualFilterChain.doFilter(CompositeFilter.java:108) ~[spring-web-7.0.9.jar:7.0.9]
	at org.springframework.security.web.FilterChainProxy.lambda$doFilterInternal$2(FilterChainProxy.java:235) ~[spring-security-web-7.1.1.jar:7.1.1]
	at org.springframework.security.web.FilterChainProxy$VirtualFilterChain.doFilter(FilterChainProxy.java:376) ~[spring-security-web-7.1.1.jar:7.1.1]
	at org.springframework.security.web.access.intercept.AuthorizationFilter.doFilter(AuthorizationFilter.java:101) ~[spring-security-web-7.1.1.jar:7.1.1]
	at org.springframework.security.web.FilterChainProxy$VirtualFilterChain.doFilter(FilterChainProxy.java:385) ~[spring-security-web-7.1.1.jar:7.1.1]
	at org.springframework.security.web.access.ExceptionTranslationFilter.doFilter(ExceptionTranslationFilter.java:126) ~[spring-security-web-7.1.1.jar:7.1.1]
	at org.springframework.security.web.access.ExceptionTranslationFilter.doFilter(ExceptionTranslationFilter.java:120) ~[spring-security-web-7.1.1.jar:7.1.1]
	at org.springframework.security.web.FilterChainProxy$VirtualFilterChain.doFilter(FilterChainProxy.java:385) ~[spring-security-web-7.1.1.jar:7.1.1]
	at org.springframework.security.web.session.SessionManagementFilter.doFilter(SessionManagementFilter.java:132) ~[spring-security-web-7.1.1.jar:7.1.1]
	at org.springframework.security.web.session.SessionManagementFilter.doFilter(SessionManagementFilter.java:86) ~[spring-security-web-7.1.1.jar:7.1.1]
	at org.springframework.security.web.FilterChainProxy$VirtualFilterChain.doFilter(FilterChainProxy.java:385) ~[spring-security-web-7.1.1.jar:7.1.1]
	at org.springframework.security.web.authentication.AnonymousAuthenticationFilter.doFilter(AnonymousAuthenticationFilter.java:100) ~[spring-security-web-7.1.1.jar:7.1.1]
	at org.springframework.security.web.FilterChainProxy$VirtualFilterChain.doFilter(FilterChainProxy.java:385) ~[spring-security-web-7.1.1.jar:7.1.1]
	at org.springframework.security.web.servletapi.SecurityContextHolderAwareRequestFilter.doFilter(SecurityContextHolderAwareRequestFilter.java:181) ~[spring-security-web-7.1.1.jar:7.1.1]
	at org.springframework.security.web.FilterChainProxy$VirtualFilterChain.doFilter(FilterChainProxy.java:385) ~[spring-security-web-7.1.1.jar:7.1.1]
	at org.springframework.security.web.savedrequest.RequestCacheAwareFilter.doFilter(RequestCacheAwareFilter.java:63) ~[spring-security-web-7.1.1.jar:7.1.1]
	at org.springframework.security.web.FilterChainProxy$VirtualFilterChain.doFilter(FilterChainProxy.java:385) ~[spring-security-web-7.1.1.jar:7.1.1]
	at com.example.AIG_ForgeHub.security.JwtAuthFilter.doFilterInternal(JwtAuthFilter.java:88) ~[classes/:na]
	at org.springframework.web.filter.OncePerRequestFilter.doFilter(OncePerRequestFilter.java:116) ~[spring-web-7.0.9.jar:7.0.9]
	at org.springframework.security.web.FilterChainProxy$VirtualFilterChain.doFilter(FilterChainProxy.java:385) ~[spring-security-web-7.1.1.jar:7.1.1]
	at org.springframework.security.web.authentication.logout.LogoutFilter.doFilter(LogoutFilter.java:110) ~[spring-security-web-7.1.1.jar:7.1.1]
	at org.springframework.security.web.authentication.logout.LogoutFilter.doFilter(LogoutFilter.java:96) ~[spring-security-web-7.1.1.jar:7.1.1]
	at org.springframework.security.web.FilterChainProxy$VirtualFilterChain.doFilter(FilterChainProxy.java:385) ~[spring-security-web-7.1.1.jar:7.1.1]
	at org.springframework.security.web.header.HeaderWriterFilter.doHeadersAfter(HeaderWriterFilter.java:90) ~[spring-security-web-7.1.1.jar:7.1.1]
	at org.springframework.security.web.header.HeaderWriterFilter.doFilterInternal(HeaderWriterFilter.java:75) ~[spring-security-web-7.1.1.jar:7.1.1]
	at org.springframework.web.filter.OncePerRequestFilter.doFilter(OncePerRequestFilter.java:116) ~[spring-web-7.0.9.jar:7.0.9]
	at org.springframework.security.web.FilterChainProxy$VirtualFilterChain.doFilter(FilterChainProxy.java:385) ~[spring-security-web-7.1.1.jar:7.1.1]
	at org.springframework.security.web.context.SecurityContextHolderFilter.doFilter(SecurityContextHolderFilter.java:82) ~[spring-security-web-7.1.1.jar:7.1.1]
	at org.springframework.security.web.context.SecurityContextHolderFilter.doFilter(SecurityContextHolderFilter.java:69) ~[spring-security-web-7.1.1.jar:7.1.1]
	at org.springframework.security.web.FilterChainProxy$VirtualFilterChain.doFilter(FilterChainProxy.java:385) ~[spring-security-web-7.1.1.jar:7.1.1]
	at org.springframework.security.web.context.request.async.WebAsyncManagerIntegrationFilter.doFilterInternal(WebAsyncManagerIntegrationFilter.java:62) ~[spring-security-web-7.1.1.jar:7.1.1]
	at org.springframework.web.filter.OncePerRequestFilter.doFilter(OncePerRequestFilter.java:116) ~[spring-web-7.0.9.jar:7.0.9]
	at org.springframework.security.web.FilterChainProxy$VirtualFilterChain.doFilter(FilterChainProxy.java:385) ~[spring-security-web-7.1.1.jar:7.1.1]
	at org.springframework.security.web.session.DisableEncodeUrlFilter.doFilterInternal(DisableEncodeUrlFilter.java:42) ~[spring-security-web-7.1.1.jar:7.1.1]
	at org.springframework.web.filter.OncePerRequestFilter.doFilter(OncePerRequestFilter.java:116) ~[spring-web-7.0.9.jar:7.0.9]
	at org.springframework.security.web.FilterChainProxy$VirtualFilterChain.doFilter(FilterChainProxy.java:385) ~[spring-security-web-7.1.1.jar:7.1.1]
	at org.springframework.security.web.FilterChainProxy.doFilterInternal(FilterChainProxy.java:237) ~[spring-security-web-7.1.1.jar:7.1.1]
	at org.springframework.security.web.FilterChainProxy.doFilter(FilterChainProxy.java:195) ~[spring-security-web-7.1.1.jar:7.1.1]
	at org.springframework.web.filter.CompositeFilter$VirtualFilterChain.doFilter(CompositeFilter.java:113) ~[spring-web-7.0.9.jar:7.0.9]
	at org.springframework.web.filter.ServletRequestPathFilter.doFilter(ServletRequestPathFilter.java:52) ~[spring-web-7.0.9.jar:7.0.9]
	at org.springframework.web.filter.CompositeFilter$VirtualFilterChain.doFilter(CompositeFilter.java:113) ~[spring-web-7.0.9.jar:7.0.9]
	at org.springframework.web.filter.CompositeFilter.doFilter(CompositeFilter.java:74) ~[spring-web-7.0.9.jar:7.0.9]
	at org.springframework.security.config.annotation.web.configuration.WebSecurityConfiguration$CompositeFilterChainProxy.doFilter(WebSecurityConfiguration.java:317) ~[spring-security-config-7.1.1.jar:7.1.1]
	at org.springframework.web.filter.DelegatingFilterProxy.invokeDelegate(DelegatingFilterProxy.java:355) ~[spring-web-7.0.9.jar:7.0.9]
	at org.springframework.web.filter.DelegatingFilterProxy.doFilter(DelegatingFilterProxy.java:272) ~[spring-web-7.0.9.jar:7.0.9]
	at org.apache.catalina.core.ApplicationFilterChain.doFilter(ApplicationFilterChain.java:111) ~[tomcat-embed-core-11.0.24.jar:11.0.24]
	at org.springframework.web.filter.RequestContextFilter.doFilterInternal(RequestContextFilter.java:100) ~[spring-web-7.0.9.jar:7.0.9]
	at org.springframework.web.filter.OncePerRequestFilter.doFilter(OncePerRequestFilter.java:116) ~[spring-web-7.0.9.jar:7.0.9]
	at org.apache.catalina.core.ApplicationFilterChain.doFilter(ApplicationFilterChain.java:111) ~[tomcat-embed-core-11.0.24.jar:11.0.24]
	at org.springframework.web.filter.FormContentFilter.doFilterInternal(FormContentFilter.java:93) ~[spring-web-7.0.9.jar:7.0.9]
	at org.springframework.web.filter.OncePerRequestFilter.doFilter(OncePerRequestFilter.java:116) ~[spring-web-7.0.9.jar:7.0.9]
	at org.apache.catalina.core.ApplicationFilterChain.doFilter(ApplicationFilterChain.java:111) ~[tomcat-embed-core-11.0.24.jar:11.0.24]
	at org.springframework.web.filter.CharacterEncodingFilter.doFilterInternal(CharacterEncodingFilter.java:199) ~[spring-web-7.0.9.jar:7.0.9]
	at org.springframework.web.filter.OncePerRequestFilter.doFilter(OncePerRequestFilter.java:116) ~[spring-web-7.0.9.jar:7.0.9]
	at org.apache.catalina.core.ApplicationFilterChain.doFilter(ApplicationFilterChain.java:111) ~[tomcat-embed-core-11.0.24.jar:11.0.24]
	at org.apache.catalina.core.StandardWrapperValve.invoke(StandardWrapperValve.java:165) ~[tomcat-embed-core-11.0.24.jar:11.0.24]
	at org.apache.catalina.core.StandardContextValve.invoke(StandardContextValve.java:77) ~[tomcat-embed-core-11.0.24.jar:11.0.24]
	at org.apache.catalina.authenticator.AuthenticatorBase.invoke(AuthenticatorBase.java:535) ~[tomcat-embed-core-11.0.24.jar:11.0.24]
	at org.apache.catalina.core.StandardHostValve.invoke(StandardHostValve.java:115) ~[tomcat-embed-core-11.0.24.jar:11.0.24]
	at org.apache.catalina.valves.ErrorReportValve.invoke(ErrorReportValve.java:86) ~[tomcat-embed-core-11.0.24.jar:11.0.24]
	at org.apache.catalina.core.StandardEngineValve.invoke(StandardEngineValve.java:71) ~[tomcat-embed-core-11.0.24.jar:11.0.24]
	at org.apache.catalina.connector.CoyoteAdapter.service(CoyoteAdapter.java:347) ~[tomcat-embed-core-11.0.24.jar:11.0.24]
	at org.apache.coyote.http11.Http11Processor.service(Http11Processor.java:406) ~[tomcat-embed-core-11.0.24.jar:11.0.24]
	at org.apache.coyote.AbstractProcessorLight.process(AbstractProcessorLight.java:71) ~[tomcat-embed-core-11.0.24.jar:11.0.24]
	at org.apache.coyote.AbstractProtocol$ConnectionHandler.process(AbstractProtocol.java:1307) ~[tomcat-embed-core-11.0.24.jar:11.0.24]
	at org.apache.tomcat.util.net.NioEndpoint$SocketProcessor.doRun(NioEndpoint.java:2036) ~[tomcat-embed-core-11.0.24.jar:11.0.24]
	at org.apache.tomcat.util.net.SocketProcessorBase.run(SocketProcessorBase.java:74) ~[tomcat-embed-core-11.0.24.jar:11.0.24]
	at org.apache.tomcat.util.threads.ThreadPoolExecutor.runWorker(ThreadPoolExecutor.java:949) ~[tomcat-embed-core-11.0.24.jar:11.0.24]
	at org.apache.tomcat.util.threads.ThreadPoolExecutor$Worker.run(ThreadPoolExecutor.java:483) ~[tomcat-embed-core-11.0.24.jar:11.0.24]
	at org.apache.tomcat.util.threads.TaskThread$WrappingRunnable.run(TaskThread.java:74) ~[tomcat-embed-core-11.0.24.jar:11.0.24]
	at java.base/java.lang.Thread.run(Thread.java:1583) ~[na:na]

2026-10-04T14:07:18.362+05:30  INFO 10472 --- [AIG-ForgeHub] [http-nio-8080-exec-6] c.e.AIG_ForgeHub.security.JwtAuthFilter  : JWT authentication successful for user: shreyachindam.data.acc@gmail.com with role: VENDOR
2026-10-04T14:14:01.201+05:30  INFO 10472 --- [AIG-ForgeHub] [SpringApplicationShutdownHook] o.s.boot.tomcat.GracefulShutdown         : Commencing graceful shutdown. Waiting for active requests to complete
2026-10-04T14:14:01.216+05:30  INFO 10472 --- [AIG-ForgeHub] [tomcat-shutdown] o.s.boot.tomcat.GracefulShutdown         : Graceful shutdown complete
2026-10-04T14:14:01.229+05:30  INFO 10472 --- [AIG-ForgeHub] [SpringApplicationShutdownHook] j.LocalContainerEntityManagerFactoryBean : Closing JPA EntityManagerFactory for persistence unit 'default'
2026-10-04T14:14:01.242+05:30  INFO 10472 --- [AIG-ForgeHub] [SpringApplicationShutdownHook] com.zaxxer.hikari.HikariDataSource       : HikariPool-1 - Shutdown initiated...
2026-10-04T14:14:01.252+05:30  INFO 10472 --- [AIG-ForgeHub] [SpringApplicationShutdownHook] com.zaxxer.hikari.HikariDataSource       : HikariPool-1 - Shutdown completed.
2026-10-04T14:14:11.156+05:30  INFO 23332 --- [AIG-ForgeHub] [main] c.e.AIG_ForgeHub.AigForgeHubApplication  : Starting AigForgeHubApplication using Java 21.0.11 with PID 23332 (C:\Users\Saikiran\Downloads\AIG-ForgeHub\target\classes started by Saikiran in C:\Users\Saikiran\Downloads\AIG-ForgeHub)
2026-10-04T14:14:11.159+05:30  INFO 23332 --- [AIG-ForgeHub] [main] c.e.AIG_ForgeHub.AigForgeHubApplication  : No active profile set, falling back to 1 default profile: "default"
2026-10-04T14:14:11.887+05:30  INFO 23332 --- [AIG-ForgeHub] [main] .s.d.r.c.RepositoryConfigurationDelegate : Bootstrapping Spring Data JPA repositories in DEFAULT mode.
2026-10-04T14:14:11.949+05:30  INFO 23332 --- [AIG-ForgeHub] [main] .s.d.r.c.RepositoryConfigurationDelegate : Finished Spring Data repository scanning in 54 ms. Found 1 JPA repository interface.
2026-10-04T14:14:12.552+05:30  INFO 23332 --- [AIG-ForgeHub] [main] o.s.boot.tomcat.TomcatWebServer          : Tomcat initialized with port 8080 (http)
2026-10-04T14:14:12.576+05:30  INFO 23332 --- [AIG-ForgeHub] [main] o.apache.catalina.core.StandardService   : Starting service [Tomcat]
2026-10-04T14:14:12.576+05:30  INFO 23332 --- [AIG-ForgeHub] [main] o.apache.catalina.core.StandardEngine    : Starting Servlet engine: [Apache Tomcat/11.0.24]
2026-10-04T14:14:12.648+05:30  INFO 23332 --- [AIG-ForgeHub] [main] b.w.c.s.WebApplicationContextInitializer : Root WebApplicationContext: initialization completed in 1445 ms
2026-10-04T14:14:12.664+05:30  INFO 23332 --- [AIG-ForgeHub] [main] c.e.AIG_ForgeHub.security.JwtService     : JwtService initialized successfully
2026-10-04T14:14:12.844+05:30  INFO 23332 --- [AIG-ForgeHub] [main] org.hibernate.orm.jpa                    : HHH008540: Processing PersistenceUnitInfo [name: default]
2026-10-04T14:14:12.916+05:30  INFO 23332 --- [AIG-ForgeHub] [main] org.hibernate.orm.core                   : HHH000001: Hibernate ORM core version 7.4.5.Final
2026-10-04T14:14:13.433+05:30  INFO 23332 --- [AIG-ForgeHub] [main] o.s.o.j.p.SpringPersistenceUnitInfo      : No LoadTimeWeaver setup: ignoring JPA class transformer
2026-10-04T14:14:13.476+05:30  INFO 23332 --- [AIG-ForgeHub] [main] com.zaxxer.hikari.HikariDataSource       : HikariPool-1 - Starting...
2026-10-04T14:14:13.862+05:30  INFO 23332 --- [AIG-ForgeHub] [main] com.zaxxer.hikari.pool.HikariPool        : HikariPool-1 - Added connection com.mysql.cj.jdbc.ConnectionImpl@1013871e
2026-10-04T14:14:13.864+05:30  INFO 23332 --- [AIG-ForgeHub] [main] com.zaxxer.hikari.HikariDataSource       : HikariPool-1 - Start completed.
2026-10-04T14:14:13.970+05:30  INFO 23332 --- [AIG-ForgeHub] [main] org.hibernate.orm.connections.pooling    : HHH10001005: Database info:
	Database JDBC URL [jdbc:mysql://localhost:3306/forgehub]
	Database driver: MySQL Connector/J
	Database dialect: MySQLDialect
	Database version: 8.0.42
	Default catalog/schema: forgehub/undefined
	Autocommit mode: undefined/unknown
	Isolation level: REPEATABLE_READ [default REPEATABLE_READ]
	JDBC fetch size: none
	Pool: DataSourceConnectionProvider
	Minimum pool size: undefined/unknown
	Maximum pool size: undefined/unknown
2026-10-04T14:14:15.011+05:30  INFO 23332 --- [AIG-ForgeHub] [main] org.hibernate.orm.core                   : HHH000489: No JTA platform available (set 'hibernate.transaction.jta.platform' to enable JTA platform integration)
2026-10-04T14:14:15.018+05:30  INFO 23332 --- [AIG-ForgeHub] [main] j.LocalContainerEntityManagerFactoryBean : Initialized JPA EntityManagerFactory for persistence unit 'default'
2026-10-04T14:14:15.102+05:30  INFO 23332 --- [AIG-ForgeHub] [main] o.s.d.j.r.query.QueryEnhancerFactories   : Hibernate is in classpath; If applicable, HQL parser will be used.
2026-10-04T14:14:15.366+05:30  WARN 23332 --- [AIG-ForgeHub] [main] JpaBaseConfiguration$JpaWebConfiguration : spring.jpa.open-in-view is enabled by default. Therefore, database queries may be performed during view rendering. Explicitly configure spring.jpa.open-in-view to disable this warning
2026-10-04T14:14:15.453+05:30  INFO 23332 --- [AIG-ForgeHub] [main] r$InitializeUserDetailsManagerConfigurer : Global AuthenticationManager configured with UserDetailsService bean with name customUserDetailsService
2026-10-04T14:14:16.217+05:30  INFO 23332 --- [AIG-ForgeHub] [main] o.s.boot.tomcat.TomcatWebServer          : Tomcat started on port 8080 (http) with context path '/'
2026-10-04T14:14:16.233+05:30  INFO 23332 --- [AIG-ForgeHub] [main] c.e.AIG_ForgeHub.AigForgeHubApplication  : Started AigForgeHubApplication in 5.647 seconds (process running for 6.223)
2026-10-04T14:16:43.791+05:30  INFO 23332 --- [AIG-ForgeHub] [SpringApplicationShutdownHook] o.s.boot.tomcat.GracefulShutdown         : Commencing graceful shutdown. Waiting for active requests to complete
2026-10-04T14:16:43.807+05:30  INFO 23332 --- [AIG-ForgeHub] [tomcat-shutdown] o.s.boot.tomcat.GracefulShutdown         : Graceful shutdown complete
2026-10-04T14:16:43.817+05:30  INFO 23332 --- [AIG-ForgeHub] [SpringApplicationShutdownHook] j.LocalContainerEntityManagerFactoryBean : Closing JPA EntityManagerFactory for persistence unit 'default'
2026-10-04T14:16:43.827+05:30  INFO 23332 --- [AIG-ForgeHub] [SpringApplicationShutdownHook] com.zaxxer.hikari.HikariDataSource       : HikariPool-1 - Shutdown initiated...
2026-10-04T14:16:43.842+05:30  INFO 23332 --- [AIG-ForgeHub] [SpringApplicationShutdownHook] com.zaxxer.hikari.HikariDataSource       : HikariPool-1 - Shutdown completed.
2026-10-04T14:20:01.084+05:30  INFO 25004 --- [AIG-ForgeHub] [main] c.e.AIG_ForgeHub.AigForgeHubApplication  : Starting AigForgeHubApplication using Java 21.0.11 with PID 25004 (C:\Users\Saikiran\Downloads\AIG-ForgeHub\target\classes started by Saikiran in C:\Users\Saikiran\Downloads\AIG-ForgeHub)
2026-10-04T14:20:01.087+05:30  INFO 25004 --- [AIG-ForgeHub] [main] c.e.AIG_ForgeHub.AigForgeHubApplication  : No active profile set, falling back to 1 default profile: "default"
2026-10-04T14:20:01.911+05:30  INFO 25004 --- [AIG-ForgeHub] [main] .s.d.r.c.RepositoryConfigurationDelegate : Bootstrapping Spring Data JPA repositories in DEFAULT mode.
2026-10-04T14:20:01.971+05:30  INFO 25004 --- [AIG-ForgeHub] [main] .s.d.r.c.RepositoryConfigurationDelegate : Finished Spring Data repository scanning in 49 ms. Found 1 JPA repository interface.
2026-10-04T14:20:02.459+05:30  INFO 25004 --- [AIG-ForgeHub] [main] o.s.boot.tomcat.TomcatWebServer          : Tomcat initialized with port 8080 (http)
2026-10-04T14:20:02.473+05:30  INFO 25004 --- [AIG-ForgeHub] [main] o.apache.catalina.core.StandardService   : Starting service [Tomcat]
2026-10-04T14:20:02.474+05:30  INFO 25004 --- [AIG-ForgeHub] [main] o.apache.catalina.core.StandardEngine    : Starting Servlet engine: [Apache Tomcat/11.0.24]
2026-10-04T14:20:02.536+05:30  INFO 25004 --- [AIG-ForgeHub] [main] b.w.c.s.WebApplicationContextInitializer : Root WebApplicationContext: initialization completed in 1401 ms
2026-10-04T14:20:02.554+05:30  INFO 25004 --- [AIG-ForgeHub] [main] c.e.AIG_ForgeHub.security.JwtService     : JwtService initialized successfully
2026-10-04T14:20:02.746+05:30  INFO 25004 --- [AIG-ForgeHub] [main] org.hibernate.orm.jpa                    : HHH008540: Processing PersistenceUnitInfo [name: default]
2026-10-04T14:20:02.818+05:30  INFO 25004 --- [AIG-ForgeHub] [main] org.hibernate.orm.core                   : HHH000001: Hibernate ORM core version 7.4.5.Final
2026-10-04T14:20:03.276+05:30  INFO 25004 --- [AIG-ForgeHub] [main] o.s.o.j.p.SpringPersistenceUnitInfo      : No LoadTimeWeaver setup: ignoring JPA class transformer
2026-10-04T14:20:03.314+05:30  INFO 25004 --- [AIG-ForgeHub] [main] com.zaxxer.hikari.HikariDataSource       : HikariPool-1 - Starting...
2026-10-04T14:20:03.655+05:30  INFO 25004 --- [AIG-ForgeHub] [main] com.zaxxer.hikari.pool.HikariPool        : HikariPool-1 - Added connection com.mysql.cj.jdbc.ConnectionImpl@2c2e5e72
2026-10-04T14:20:03.656+05:30  INFO 25004 --- [AIG-ForgeHub] [main] com.zaxxer.hikari.HikariDataSource       : HikariPool-1 - Start completed.
2026-10-04T14:20:03.734+05:30  INFO 25004 --- [AIG-ForgeHub] [main] org.hibernate.orm.connections.pooling    : HHH10001005: Database info:
	Database JDBC URL [jdbc:mysql://localhost:3306/forgehub]
	Database driver: MySQL Connector/J
	Database dialect: MySQLDialect
	Database version: 8.0.42
	Default catalog/schema: forgehub/undefined
	Autocommit mode: undefined/unknown
	Isolation level: REPEATABLE_READ [default REPEATABLE_READ]
	JDBC fetch size: none
	Pool: DataSourceConnectionProvider
	Minimum pool size: undefined/unknown
	Maximum pool size: undefined/unknown
2026-10-04T14:20:04.780+05:30  INFO 25004 --- [AIG-ForgeHub] [main] org.hibernate.orm.core                   : HHH000489: No JTA platform available (set 'hibernate.transaction.jta.platform' to enable JTA platform integration)
2026-10-04T14:20:04.790+05:30  INFO 25004 --- [AIG-ForgeHub] [main] j.LocalContainerEntityManagerFactoryBean : Initialized JPA EntityManagerFactory for persistence unit 'default'
2026-10-04T14:20:04.867+05:30  INFO 25004 --- [AIG-ForgeHub] [main] o.s.d.j.r.query.QueryEnhancerFactories   : Hibernate is in classpath; If applicable, HQL parser will be used.
2026-10-04T14:20:05.086+05:30  WARN 25004 --- [AIG-ForgeHub] [main] JpaBaseConfiguration$JpaWebConfiguration : spring.jpa.open-in-view is enabled by default. Therefore, database queries may be performed during view rendering. Explicitly configure spring.jpa.open-in-view to disable this warning
2026-10-04T14:20:05.158+05:30  INFO 25004 --- [AIG-ForgeHub] [main] r$InitializeUserDetailsManagerConfigurer : Global AuthenticationManager configured with UserDetailsService bean with name customUserDetailsService
2026-10-04T14:20:05.569+05:30  INFO 25004 --- [AIG-ForgeHub] [main] o.s.boot.tomcat.TomcatWebServer          : Tomcat started on port 8080 (http) with context path '/'
2026-10-04T14:20:05.575+05:30  INFO 25004 --- [AIG-ForgeHub] [main] c.e.AIG_ForgeHub.AigForgeHubApplication  : Started AigForgeHubApplication in 4.987 seconds (process running for 5.57)
2026-10-04T14:20:12.908+05:30  INFO 25004 --- [AIG-ForgeHub] [http-nio-8080-exec-1] o.a.c.c.C.[Tomcat].[localhost].[/]       : Initializing Spring DispatcherServlet 'dispatcherServlet'
2026-10-04T14:20:12.909+05:30  INFO 25004 --- [AIG-ForgeHub] [http-nio-8080-exec-1] o.s.web.servlet.DispatcherServlet        : Initializing Servlet 'dispatcherServlet'
2026-10-04T14:20:12.911+05:30  INFO 25004 --- [AIG-ForgeHub] [http-nio-8080-exec-1] o.s.web.servlet.DispatcherServlet        : Completed initialization in 2 ms
2026-10-04T14:20:13.474+05:30  INFO 25004 --- [AIG-ForgeHub] [http-nio-8080-exec-2] c.e.AIG_ForgeHub.security.JwtAuthFilter  : JWT authentication successful for user: shreyachindam.data.acc@gmail.com with role: VENDOR
2026-10-04T14:20:13.474+05:30  INFO 25004 --- [AIG-ForgeHub] [http-nio-8080-exec-1] c.e.AIG_ForgeHub.security.JwtAuthFilter  : JWT authentication successful for user: shreyachindam.data.acc@gmail.com with role: VENDOR
2026-10-04T14:20:13.585+05:30  INFO 25004 --- [AIG-ForgeHub] [http-nio-8080-exec-4] c.e.AIG_ForgeHub.security.JwtAuthFilter  : JWT authentication successful for user: shreyachindam.data.acc@gmail.com with role: VENDOR
2026-10-04T14:20:14.112+05:30  INFO 25004 --- [AIG-ForgeHub] [http-nio-8080-exec-3] c.e.AIG_ForgeHub.security.JwtAuthFilter  : JWT authentication successful for user: shreyachindam.data.acc@gmail.com with role: VENDOR
2026-10-04T14:20:14.279+05:30  INFO 25004 --- [AIG-ForgeHub] [http-nio-8080-exec-6] c.e.AIG_ForgeHub.security.JwtAuthFilter  : JWT authentication successful for user: shreyachindam.data.acc@gmail.com with role: VENDOR
2026-10-04T14:20:14.289+05:30 ERROR 25004 --- [AIG-ForgeHub] [http-nio-8080-exec-6] c.e.A.exception.GlobalExceptionHandler   : Unexpected error at /favicon.ico: No static resource favicon.ico for request '/favicon.ico'.

org.springframework.web.servlet.resource.NoResourceFoundException: No static resource favicon.ico for request '/favicon.ico'.
	at org.springframework.web.servlet.resource.ResourceHttpRequestHandler.handleRequest(ResourceHttpRequestHandler.java:527) ~[spring-webmvc-7.0.9.jar:7.0.9]
	at org.springframework.web.servlet.mvc.HttpRequestHandlerAdapter.handle(HttpRequestHandlerAdapter.java:50) ~[spring-webmvc-7.0.9.jar:7.0.9]
	at org.springframework.web.servlet.DispatcherServlet.doDispatch(DispatcherServlet.java:963) ~[spring-webmvc-7.0.9.jar:7.0.9]
	at org.springframework.web.servlet.DispatcherServlet.doService(DispatcherServlet.java:866) ~[spring-webmvc-7.0.9.jar:7.0.9]
	at org.springframework.web.servlet.FrameworkServlet.processRequest(FrameworkServlet.java:1000) ~[spring-webmvc-7.0.9.jar:7.0.9]
	at org.springframework.web.servlet.FrameworkServlet.doGet(FrameworkServlet.java:892) ~[spring-webmvc-7.0.9.jar:7.0.9]
	at jakarta.servlet.http.HttpServlet.service(HttpServlet.java:622) ~[tomcat-embed-core-11.0.24.jar:6.1]
	at org.springframework.web.servlet.FrameworkServlet.service(FrameworkServlet.java:874) ~[spring-webmvc-7.0.9.jar:7.0.9]
	at jakarta.servlet.http.HttpServlet.service(HttpServlet.java:710) ~[tomcat-embed-core-11.0.24.jar:6.1]
	at org.apache.catalina.core.ApplicationFilterChain.doFilter(ApplicationFilterChain.java:132) ~[tomcat-embed-core-11.0.24.jar:11.0.24]
	at org.apache.tomcat.websocket.server.WsFilter.doFilter(WsFilter.java:59) ~[tomcat-embed-websocket-11.0.24.jar:11.0.24]
	at org.apache.catalina.core.ApplicationFilterChain.doFilter(ApplicationFilterChain.java:111) ~[tomcat-embed-core-11.0.24.jar:11.0.24]
	at org.springframework.web.filter.OncePerRequestFilter.doFilter(OncePerRequestFilter.java:110) ~[spring-web-7.0.9.jar:7.0.9]
	at org.apache.catalina.core.ApplicationFilterChain.doFilter(ApplicationFilterChain.java:111) ~[tomcat-embed-core-11.0.24.jar:11.0.24]
	at org.springframework.web.filter.CompositeFilter$VirtualFilterChain.doFilter(CompositeFilter.java:108) ~[spring-web-7.0.9.jar:7.0.9]
	at org.springframework.security.web.FilterChainProxy.lambda$doFilterInternal$2(FilterChainProxy.java:235) ~[spring-security-web-7.1.1.jar:7.1.1]
	at org.springframework.security.web.FilterChainProxy$VirtualFilterChain.doFilter(FilterChainProxy.java:376) ~[spring-security-web-7.1.1.jar:7.1.1]
	at org.springframework.security.web.access.intercept.AuthorizationFilter.doFilter(AuthorizationFilter.java:101) ~[spring-security-web-7.1.1.jar:7.1.1]
	at org.springframework.security.web.FilterChainProxy$VirtualFilterChain.doFilter(FilterChainProxy.java:385) ~[spring-security-web-7.1.1.jar:7.1.1]
	at org.springframework.security.web.access.ExceptionTranslationFilter.doFilter(ExceptionTranslationFilter.java:126) ~[spring-security-web-7.1.1.jar:7.1.1]
	at org.springframework.security.web.access.ExceptionTranslationFilter.doFilter(ExceptionTranslationFilter.java:120) ~[spring-security-web-7.1.1.jar:7.1.1]
	at org.springframework.security.web.FilterChainProxy$VirtualFilterChain.doFilter(FilterChainProxy.java:385) ~[spring-security-web-7.1.1.jar:7.1.1]
	at org.springframework.security.web.session.SessionManagementFilter.doFilter(SessionManagementFilter.java:132) ~[spring-security-web-7.1.1.jar:7.1.1]
	at org.springframework.security.web.session.SessionManagementFilter.doFilter(SessionManagementFilter.java:86) ~[spring-security-web-7.1.1.jar:7.1.1]
	at org.springframework.security.web.FilterChainProxy$VirtualFilterChain.doFilter(FilterChainProxy.java:385) ~[spring-security-web-7.1.1.jar:7.1.1]
	at org.springframework.security.web.authentication.AnonymousAuthenticationFilter.doFilter(AnonymousAuthenticationFilter.java:100) ~[spring-security-web-7.1.1.jar:7.1.1]
	at org.springframework.security.web.FilterChainProxy$VirtualFilterChain.doFilter(FilterChainProxy.java:385) ~[spring-security-web-7.1.1.jar:7.1.1]
	at org.springframework.security.web.servletapi.SecurityContextHolderAwareRequestFilter.doFilter(SecurityContextHolderAwareRequestFilter.java:181) ~[spring-security-web-7.1.1.jar:7.1.1]
	at org.springframework.security.web.FilterChainProxy$VirtualFilterChain.doFilter(FilterChainProxy.java:385) ~[spring-security-web-7.1.1.jar:7.1.1]
	at org.springframework.security.web.savedrequest.RequestCacheAwareFilter.doFilter(RequestCacheAwareFilter.java:63) ~[spring-security-web-7.1.1.jar:7.1.1]
	at org.springframework.security.web.FilterChainProxy$VirtualFilterChain.doFilter(FilterChainProxy.java:385) ~[spring-security-web-7.1.1.jar:7.1.1]
	at com.example.AIG_ForgeHub.security.JwtAuthFilter.doFilterInternal(JwtAuthFilter.java:88) ~[classes/:na]
	at org.springframework.web.filter.OncePerRequestFilter.doFilter(OncePerRequestFilter.java:116) ~[spring-web-7.0.9.jar:7.0.9]
	at org.springframework.security.web.FilterChainProxy$VirtualFilterChain.doFilter(FilterChainProxy.java:385) ~[spring-security-web-7.1.1.jar:7.1.1]
	at org.springframework.security.web.authentication.logout.LogoutFilter.doFilter(LogoutFilter.java:110) ~[spring-security-web-7.1.1.jar:7.1.1]
	at org.springframework.security.web.authentication.logout.LogoutFilter.doFilter(LogoutFilter.java:96) ~[spring-security-web-7.1.1.jar:7.1.1]
	at org.springframework.security.web.FilterChainProxy$VirtualFilterChain.doFilter(FilterChainProxy.java:385) ~[spring-security-web-7.1.1.jar:7.1.1]
	at org.springframework.security.web.header.HeaderWriterFilter.doHeadersAfter(HeaderWriterFilter.java:90) ~[spring-security-web-7.1.1.jar:7.1.1]
	at org.springframework.security.web.header.HeaderWriterFilter.doFilterInternal(HeaderWriterFilter.java:75) ~[spring-security-web-7.1.1.jar:7.1.1]
	at org.springframework.web.filter.OncePerRequestFilter.doFilter(OncePerRequestFilter.java:116) ~[spring-web-7.0.9.jar:7.0.9]
	at org.springframework.security.web.FilterChainProxy$VirtualFilterChain.doFilter(FilterChainProxy.java:385) ~[spring-security-web-7.1.1.jar:7.1.1]
	at org.springframework.security.web.context.SecurityContextHolderFilter.doFilter(SecurityContextHolderFilter.java:82) ~[spring-security-web-7.1.1.jar:7.1.1]
	at org.springframework.security.web.context.SecurityContextHolderFilter.doFilter(SecurityContextHolderFilter.java:69) ~[spring-security-web-7.1.1.jar:7.1.1]
	at org.springframework.security.web.FilterChainProxy$VirtualFilterChain.doFilter(FilterChainProxy.java:385) ~[spring-security-web-7.1.1.jar:7.1.1]
	at org.springframework.security.web.context.request.async.WebAsyncManagerIntegrationFilter.doFilterInternal(WebAsyncManagerIntegrationFilter.java:62) ~[spring-security-web-7.1.1.jar:7.1.1]
	at org.springframework.web.filter.OncePerRequestFilter.doFilter(OncePerRequestFilter.java:116) ~[spring-web-7.0.9.jar:7.0.9]
	at org.springframework.security.web.FilterChainProxy$VirtualFilterChain.doFilter(FilterChainProxy.java:385) ~[spring-security-web-7.1.1.jar:7.1.1]
	at org.springframework.security.web.session.DisableEncodeUrlFilter.doFilterInternal(DisableEncodeUrlFilter.java:42) ~[spring-security-web-7.1.1.jar:7.1.1]
	at org.springframework.web.filter.OncePerRequestFilter.doFilter(OncePerRequestFilter.java:116) ~[spring-web-7.0.9.jar:7.0.9]
	at org.springframework.security.web.FilterChainProxy$VirtualFilterChain.doFilter(FilterChainProxy.java:385) ~[spring-security-web-7.1.1.jar:7.1.1]
	at org.springframework.security.web.FilterChainProxy.doFilterInternal(FilterChainProxy.java:237) ~[spring-security-web-7.1.1.jar:7.1.1]
	at org.springframework.security.web.FilterChainProxy.doFilter(FilterChainProxy.java:195) ~[spring-security-web-7.1.1.jar:7.1.1]
	at org.springframework.web.filter.CompositeFilter$VirtualFilterChain.doFilter(CompositeFilter.java:113) ~[spring-web-7.0.9.jar:7.0.9]
	at org.springframework.web.filter.ServletRequestPathFilter.doFilter(ServletRequestPathFilter.java:52) ~[spring-web-7.0.9.jar:7.0.9]
	at org.springframework.web.filter.CompositeFilter$VirtualFilterChain.doFilter(CompositeFilter.java:113) ~[spring-web-7.0.9.jar:7.0.9]
	at org.springframework.web.filter.CompositeFilter.doFilter(CompositeFilter.java:74) ~[spring-web-7.0.9.jar:7.0.9]
	at org.springframework.security.config.annotation.web.configuration.WebSecurityConfiguration$CompositeFilterChainProxy.doFilter(WebSecurityConfiguration.java:317) ~[spring-security-config-7.1.1.jar:7.1.1]
	at org.springframework.web.filter.DelegatingFilterProxy.invokeDelegate(DelegatingFilterProxy.java:355) ~[spring-web-7.0.9.jar:7.0.9]
	at org.springframework.web.filter.DelegatingFilterProxy.doFilter(DelegatingFilterProxy.java:272) ~[spring-web-7.0.9.jar:7.0.9]
	at org.apache.catalina.core.ApplicationFilterChain.doFilter(ApplicationFilterChain.java:111) ~[tomcat-embed-core-11.0.24.jar:11.0.24]
	at org.springframework.web.filter.RequestContextFilter.doFilterInternal(RequestContextFilter.java:100) ~[spring-web-7.0.9.jar:7.0.9]
	at org.springframework.web.filter.OncePerRequestFilter.doFilter(OncePerRequestFilter.java:116) ~[spring-web-7.0.9.jar:7.0.9]
	at org.apache.catalina.core.ApplicationFilterChain.doFilter(ApplicationFilterChain.java:111) ~[tomcat-embed-core-11.0.24.jar:11.0.24]
	at org.springframework.web.filter.FormContentFilter.doFilterInternal(FormContentFilter.java:93) ~[spring-web-7.0.9.jar:7.0.9]
	at org.springframework.web.filter.OncePerRequestFilter.doFilter(OncePerRequestFilter.java:116) ~[spring-web-7.0.9.jar:7.0.9]
	at org.apache.catalina.core.ApplicationFilterChain.doFilter(ApplicationFilterChain.java:111) ~[tomcat-embed-core-11.0.24.jar:11.0.24]
	at org.springframework.web.filter.CharacterEncodingFilter.doFilterInternal(CharacterEncodingFilter.java:199) ~[spring-web-7.0.9.jar:7.0.9]
	at org.springframework.web.filter.OncePerRequestFilter.doFilter(OncePerRequestFilter.java:116) ~[spring-web-7.0.9.jar:7.0.9]
	at org.apache.catalina.core.ApplicationFilterChain.doFilter(ApplicationFilterChain.java:111) ~[tomcat-embed-core-11.0.24.jar:11.0.24]
	at org.apache.catalina.core.StandardWrapperValve.invoke(StandardWrapperValve.java:165) ~[tomcat-embed-core-11.0.24.jar:11.0.24]
	at org.apache.catalina.core.StandardContextValve.invoke(StandardContextValve.java:77) ~[tomcat-embed-core-11.0.24.jar:11.0.24]
	at org.apache.catalina.authenticator.AuthenticatorBase.invoke(AuthenticatorBase.java:535) ~[tomcat-embed-core-11.0.24.jar:11.0.24]
	at org.apache.catalina.core.StandardHostValve.invoke(StandardHostValve.java:115) ~[tomcat-embed-core-11.0.24.jar:11.0.24]
	at org.apache.catalina.valves.ErrorReportValve.invoke(ErrorReportValve.java:86) ~[tomcat-embed-core-11.0.24.jar:11.0.24]
	at org.apache.catalina.core.StandardEngineValve.invoke(StandardEngineValve.java:71) ~[tomcat-embed-core-11.0.24.jar:11.0.24]
	at org.apache.catalina.connector.CoyoteAdapter.service(CoyoteAdapter.java:347) ~[tomcat-embed-core-11.0.24.jar:11.0.24]
	at org.apache.coyote.http11.Http11Processor.service(Http11Processor.java:406) ~[tomcat-embed-core-11.0.24.jar:11.0.24]
	at org.apache.coyote.AbstractProcessorLight.process(AbstractProcessorLight.java:71) ~[tomcat-embed-core-11.0.24.jar:11.0.24]
	at org.apache.coyote.AbstractProtocol$ConnectionHandler.process(AbstractProtocol.java:1307) ~[tomcat-embed-core-11.0.24.jar:11.0.24]
	at org.apache.tomcat.util.net.NioEndpoint$SocketProcessor.doRun(NioEndpoint.java:2036) ~[tomcat-embed-core-11.0.24.jar:11.0.24]
	at org.apache.tomcat.util.net.SocketProcessorBase.run(SocketProcessorBase.java:74) ~[tomcat-embed-core-11.0.24.jar:11.0.24]
	at org.apache.tomcat.util.threads.ThreadPoolExecutor.runWorker(ThreadPoolExecutor.java:949) ~[tomcat-embed-core-11.0.24.jar:11.0.24]
	at org.apache.tomcat.util.threads.ThreadPoolExecutor$Worker.run(ThreadPoolExecutor.java:483) ~[tomcat-embed-core-11.0.24.jar:11.0.24]
	at org.apache.tomcat.util.threads.TaskThread$WrappingRunnable.run(TaskThread.java:74) ~[tomcat-embed-core-11.0.24.jar:11.0.24]
	at java.base/java.lang.Thread.run(Thread.java:1583) ~[na:na]

2026-10-04T14:20:14.367+05:30  INFO 25004 --- [AIG-ForgeHub] [http-nio-8080-exec-5] c.e.AIG_ForgeHub.security.JwtAuthFilter  : JWT authentication successful for user: shreyachindam.data.acc@gmail.com with role: VENDOR
2026-10-04T14:20:29.991+05:30  INFO 25004 --- [AIG-ForgeHub] [http-nio-8080-exec-7] c.e.AIG_ForgeHub.security.JwtAuthFilter  : JWT authentication successful for user: shreyachindam.data.acc@gmail.com with role: VENDOR
2026-10-04T14:20:30.077+05:30  INFO 25004 --- [AIG-ForgeHub] [http-nio-8080-exec-7] c.e.A.controller.AuthController          : Login attempt for email: shreyachindam.data.acc@gmail.com
2026-10-04T14:20:30.077+05:30  INFO 25004 --- [AIG-ForgeHub] [http-nio-8080-exec-7] c.e.A.serviceImp.AuthServiceImpl         : Authenticating user: shreyachindam.data.acc@gmail.com
2026-10-04T14:20:30.150+05:30  INFO 25004 --- [AIG-ForgeHub] [http-nio-8080-exec-7] c.e.A.s.CustomUserDetailsService         : Loading user details for authentication: shreyachindam.data.acc@gmail.com
2026-10-04T14:20:30.686+05:30  INFO 25004 --- [AIG-ForgeHub] [http-nio-8080-exec-7] c.e.A.serviceImp.AuthServiceImpl         : Password authentication successful for user: shreyachindam.data.acc@gmail.com
2026-10-04T14:20:30.689+05:30  INFO 25004 --- [AIG-ForgeHub] [http-nio-8080-exec-7] c.e.A.serviceImp.AuthServiceImpl         : MFA verification required for user: shreyachindam.data.acc@gmail.com
2026-10-04T14:20:30.690+05:30  INFO 25004 --- [AIG-ForgeHub] [http-nio-8080-exec-7] c.e.A.controller.AuthController          : Password authentication verified for email: shreyachindam.data.acc@gmail.com
2026-10-04T14:20:30.691+05:30  INFO 25004 --- [AIG-ForgeHub] [http-nio-8080-exec-7] c.e.A.controller.AuthController          : Existing user requires 2FA verification for email: shreyachindam.data.acc@gmail.com
2026-10-04T14:20:30.737+05:30  INFO 25004 --- [AIG-ForgeHub] [http-nio-8080-exec-8] c.e.AIG_ForgeHub.security.JwtAuthFilter  : JWT authentication successful for user: shreyachindam.data.acc@gmail.com with role: VENDOR
2026-10-04T14:20:30.826+05:30  INFO 25004 --- [AIG-ForgeHub] [http-nio-8080-exec-9] c.e.AIG_ForgeHub.security.JwtAuthFilter  : JWT authentication successful for user: shreyachindam.data.acc@gmail.com with role: VENDOR
2026-10-04T14:20:30.837+05:30 ERROR 25004 --- [AIG-ForgeHub] [http-nio-8080-exec-9] c.e.A.exception.GlobalExceptionHandler   : Unexpected error at /favicon.ico: No static resource favicon.ico for request '/favicon.ico'.

org.springframework.web.servlet.resource.NoResourceFoundException: No static resource favicon.ico for request '/favicon.ico'.
	at org.springframework.web.servlet.resource.ResourceHttpRequestHandler.handleRequest(ResourceHttpRequestHandler.java:527) ~[spring-webmvc-7.0.9.jar:7.0.9]
	at org.springframework.web.servlet.mvc.HttpRequestHandlerAdapter.handle(HttpRequestHandlerAdapter.java:50) ~[spring-webmvc-7.0.9.jar:7.0.9]
	at org.springframework.web.servlet.DispatcherServlet.doDispatch(DispatcherServlet.java:963) ~[spring-webmvc-7.0.9.jar:7.0.9]
	at org.springframework.web.servlet.DispatcherServlet.doService(DispatcherServlet.java:866) ~[spring-webmvc-7.0.9.jar:7.0.9]
	at org.springframework.web.servlet.FrameworkServlet.processRequest(FrameworkServlet.java:1000) ~[spring-webmvc-7.0.9.jar:7.0.9]
	at org.springframework.web.servlet.FrameworkServlet.doGet(FrameworkServlet.java:892) ~[spring-webmvc-7.0.9.jar:7.0.9]
	at jakarta.servlet.http.HttpServlet.service(HttpServlet.java:622) ~[tomcat-embed-core-11.0.24.jar:6.1]
	at org.springframework.web.servlet.FrameworkServlet.service(FrameworkServlet.java:874) ~[spring-webmvc-7.0.9.jar:7.0.9]
	at jakarta.servlet.http.HttpServlet.service(HttpServlet.java:710) ~[tomcat-embed-core-11.0.24.jar:6.1]
	at org.apache.catalina.core.ApplicationFilterChain.doFilter(ApplicationFilterChain.java:132) ~[tomcat-embed-core-11.0.24.jar:11.0.24]
	at org.apache.tomcat.websocket.server.WsFilter.doFilter(WsFilter.java:59) ~[tomcat-embed-websocket-11.0.24.jar:11.0.24]
	at org.apache.catalina.core.ApplicationFilterChain.doFilter(ApplicationFilterChain.java:111) ~[tomcat-embed-core-11.0.24.jar:11.0.24]
	at org.springframework.web.filter.OncePerRequestFilter.doFilter(OncePerRequestFilter.java:110) ~[spring-web-7.0.9.jar:7.0.9]
	at org.apache.catalina.core.ApplicationFilterChain.doFilter(ApplicationFilterChain.java:111) ~[tomcat-embed-core-11.0.24.jar:11.0.24]
	at org.springframework.web.filter.CompositeFilter$VirtualFilterChain.doFilter(CompositeFilter.java:108) ~[spring-web-7.0.9.jar:7.0.9]
	at org.springframework.security.web.FilterChainProxy.lambda$doFilterInternal$2(FilterChainProxy.java:235) ~[spring-security-web-7.1.1.jar:7.1.1]
	at org.springframework.security.web.FilterChainProxy$VirtualFilterChain.doFilter(FilterChainProxy.java:376) ~[spring-security-web-7.1.1.jar:7.1.1]
	at org.springframework.security.web.access.intercept.AuthorizationFilter.doFilter(AuthorizationFilter.java:101) ~[spring-security-web-7.1.1.jar:7.1.1]
	at org.springframework.security.web.FilterChainProxy$VirtualFilterChain.doFilter(FilterChainProxy.java:385) ~[spring-security-web-7.1.1.jar:7.1.1]
	at org.springframework.security.web.access.ExceptionTranslationFilter.doFilter(ExceptionTranslationFilter.java:126) ~[spring-security-web-7.1.1.jar:7.1.1]
	at org.springframework.security.web.access.ExceptionTranslationFilter.doFilter(ExceptionTranslationFilter.java:120) ~[spring-security-web-7.1.1.jar:7.1.1]
	at org.springframework.security.web.FilterChainProxy$VirtualFilterChain.doFilter(FilterChainProxy.java:385) ~[spring-security-web-7.1.1.jar:7.1.1]
	at org.springframework.security.web.session.SessionManagementFilter.doFilter(SessionManagementFilter.java:132) ~[spring-security-web-7.1.1.jar:7.1.1]
	at org.springframework.security.web.session.SessionManagementFilter.doFilter(SessionManagementFilter.java:86) ~[spring-security-web-7.1.1.jar:7.1.1]
	at org.springframework.security.web.FilterChainProxy$VirtualFilterChain.doFilter(FilterChainProxy.java:385) ~[spring-security-web-7.1.1.jar:7.1.1]
	at org.springframework.security.web.authentication.AnonymousAuthenticationFilter.doFilter(AnonymousAuthenticationFilter.java:100) ~[spring-security-web-7.1.1.jar:7.1.1]
	at org.springframework.security.web.FilterChainProxy$VirtualFilterChain.doFilter(FilterChainProxy.java:385) ~[spring-security-web-7.1.1.jar:7.1.1]
	at org.springframework.security.web.servletapi.SecurityContextHolderAwareRequestFilter.doFilter(SecurityContextHolderAwareRequestFilter.java:181) ~[spring-security-web-7.1.1.jar:7.1.1]
	at org.springframework.security.web.FilterChainProxy$VirtualFilterChain.doFilter(FilterChainProxy.java:385) ~[spring-security-web-7.1.1.jar:7.1.1]
	at org.springframework.security.web.savedrequest.RequestCacheAwareFilter.doFilter(RequestCacheAwareFilter.java:63) ~[spring-security-web-7.1.1.jar:7.1.1]
	at org.springframework.security.web.FilterChainProxy$VirtualFilterChain.doFilter(FilterChainProxy.java:385) ~[spring-security-web-7.1.1.jar:7.1.1]
	at com.example.AIG_ForgeHub.security.JwtAuthFilter.doFilterInternal(JwtAuthFilter.java:88) ~[classes/:na]
	at org.springframework.web.filter.OncePerRequestFilter.doFilter(OncePerRequestFilter.java:116) ~[spring-web-7.0.9.jar:7.0.9]
	at org.springframework.security.web.FilterChainProxy$VirtualFilterChain.doFilter(FilterChainProxy.java:385) ~[spring-security-web-7.1.1.jar:7.1.1]
	at org.springframework.security.web.authentication.logout.LogoutFilter.doFilter(LogoutFilter.java:110) ~[spring-security-web-7.1.1.jar:7.1.1]
	at org.springframework.security.web.authentication.logout.LogoutFilter.doFilter(LogoutFilter.java:96) ~[spring-security-web-7.1.1.jar:7.1.1]
	at org.springframework.security.web.FilterChainProxy$VirtualFilterChain.doFilter(FilterChainProxy.java:385) ~[spring-security-web-7.1.1.jar:7.1.1]
	at org.springframework.security.web.header.HeaderWriterFilter.doHeadersAfter(HeaderWriterFilter.java:90) ~[spring-security-web-7.1.1.jar:7.1.1]
	at org.springframework.security.web.header.HeaderWriterFilter.doFilterInternal(HeaderWriterFilter.java:75) ~[spring-security-web-7.1.1.jar:7.1.1]
	at org.springframework.web.filter.OncePerRequestFilter.doFilter(OncePerRequestFilter.java:116) ~[spring-web-7.0.9.jar:7.0.9]
	at org.springframework.security.web.FilterChainProxy$VirtualFilterChain.doFilter(FilterChainProxy.java:385) ~[spring-security-web-7.1.1.jar:7.1.1]
	at org.springframework.security.web.context.SecurityContextHolderFilter.doFilter(SecurityContextHolderFilter.java:82) ~[spring-security-web-7.1.1.jar:7.1.1]
	at org.springframework.security.web.context.SecurityContextHolderFilter.doFilter(SecurityContextHolderFilter.java:69) ~[spring-security-web-7.1.1.jar:7.1.1]
	at org.springframework.security.web.FilterChainProxy$VirtualFilterChain.doFilter(FilterChainProxy.java:385) ~[spring-security-web-7.1.1.jar:7.1.1]
	at org.springframework.security.web.context.request.async.WebAsyncManagerIntegrationFilter.doFilterInternal(WebAsyncManagerIntegrationFilter.java:62) ~[spring-security-web-7.1.1.jar:7.1.1]
	at org.springframework.web.filter.OncePerRequestFilter.doFilter(OncePerRequestFilter.java:116) ~[spring-web-7.0.9.jar:7.0.9]
	at org.springframework.security.web.FilterChainProxy$VirtualFilterChain.doFilter(FilterChainProxy.java:385) ~[spring-security-web-7.1.1.jar:7.1.1]
	at org.springframework.security.web.session.DisableEncodeUrlFilter.doFilterInternal(DisableEncodeUrlFilter.java:42) ~[spring-security-web-7.1.1.jar:7.1.1]
	at org.springframework.web.filter.OncePerRequestFilter.doFilter(OncePerRequestFilter.java:116) ~[spring-web-7.0.9.jar:7.0.9]
	at org.springframework.security.web.FilterChainProxy$VirtualFilterChain.doFilter(FilterChainProxy.java:385) ~[spring-security-web-7.1.1.jar:7.1.1]
	at org.springframework.security.web.FilterChainProxy.doFilterInternal(FilterChainProxy.java:237) ~[spring-security-web-7.1.1.jar:7.1.1]
	at org.springframework.security.web.FilterChainProxy.doFilter(FilterChainProxy.java:195) ~[spring-security-web-7.1.1.jar:7.1.1]
	at org.springframework.web.filter.CompositeFilter$VirtualFilterChain.doFilter(CompositeFilter.java:113) ~[spring-web-7.0.9.jar:7.0.9]
	at org.springframework.web.filter.ServletRequestPathFilter.doFilter(ServletRequestPathFilter.java:52) ~[spring-web-7.0.9.jar:7.0.9]
	at org.springframework.web.filter.CompositeFilter$VirtualFilterChain.doFilter(CompositeFilter.java:113) ~[spring-web-7.0.9.jar:7.0.9]
	at org.springframework.web.filter.CompositeFilter.doFilter(CompositeFilter.java:74) ~[spring-web-7.0.9.jar:7.0.9]
	at org.springframework.security.config.annotation.web.configuration.WebSecurityConfiguration$CompositeFilterChainProxy.doFilter(WebSecurityConfiguration.java:317) ~[spring-security-config-7.1.1.jar:7.1.1]
	at org.springframework.web.filter.DelegatingFilterProxy.invokeDelegate(DelegatingFilterProxy.java:355) ~[spring-web-7.0.9.jar:7.0.9]
	at org.springframework.web.filter.DelegatingFilterProxy.doFilter(DelegatingFilterProxy.java:272) ~[spring-web-7.0.9.jar:7.0.9]
	at org.apache.catalina.core.ApplicationFilterChain.doFilter(ApplicationFilterChain.java:111) ~[tomcat-embed-core-11.0.24.jar:11.0.24]
	at org.springframework.web.filter.RequestContextFilter.doFilterInternal(RequestContextFilter.java:100) ~[spring-web-7.0.9.jar:7.0.9]
	at org.springframework.web.filter.OncePerRequestFilter.doFilter(OncePerRequestFilter.java:116) ~[spring-web-7.0.9.jar:7.0.9]
	at org.apache.catalina.core.ApplicationFilterChain.doFilter(ApplicationFilterChain.java:111) ~[tomcat-embed-core-11.0.24.jar:11.0.24]
	at org.springframework.web.filter.FormContentFilter.doFilterInternal(FormContentFilter.java:93) ~[spring-web-7.0.9.jar:7.0.9]
	at org.springframework.web.filter.OncePerRequestFilter.doFilter(OncePerRequestFilter.java:116) ~[spring-web-7.0.9.jar:7.0.9]
	at org.apache.catalina.core.ApplicationFilterChain.doFilter(ApplicationFilterChain.java:111) ~[tomcat-embed-core-11.0.24.jar:11.0.24]
	at org.springframework.web.filter.CharacterEncodingFilter.doFilterInternal(CharacterEncodingFilter.java:199) ~[spring-web-7.0.9.jar:7.0.9]
	at org.springframework.web.filter.OncePerRequestFilter.doFilter(OncePerRequestFilter.java:116) ~[spring-web-7.0.9.jar:7.0.9]
	at org.apache.catalina.core.ApplicationFilterChain.doFilter(ApplicationFilterChain.java:111) ~[tomcat-embed-core-11.0.24.jar:11.0.24]
	at org.apache.catalina.core.StandardWrapperValve.invoke(StandardWrapperValve.java:165) ~[tomcat-embed-core-11.0.24.jar:11.0.24]
	at org.apache.catalina.core.StandardContextValve.invoke(StandardContextValve.java:77) ~[tomcat-embed-core-11.0.24.jar:11.0.24]
	at org.apache.catalina.authenticator.AuthenticatorBase.invoke(AuthenticatorBase.java:535) ~[tomcat-embed-core-11.0.24.jar:11.0.24]
	at org.apache.catalina.core.StandardHostValve.invoke(StandardHostValve.java:115) ~[tomcat-embed-core-11.0.24.jar:11.0.24]
	at org.apache.catalina.valves.ErrorReportValve.invoke(ErrorReportValve.java:86) ~[tomcat-embed-core-11.0.24.jar:11.0.24]
	at org.apache.catalina.core.StandardEngineValve.invoke(StandardEngineValve.java:71) ~[tomcat-embed-core-11.0.24.jar:11.0.24]
	at org.apache.catalina.connector.CoyoteAdapter.service(CoyoteAdapter.java:347) ~[tomcat-embed-core-11.0.24.jar:11.0.24]
	at org.apache.coyote.http11.Http11Processor.service(Http11Processor.java:406) ~[tomcat-embed-core-11.0.24.jar:11.0.24]
	at org.apache.coyote.AbstractProcessorLight.process(AbstractProcessorLight.java:71) ~[tomcat-embed-core-11.0.24.jar:11.0.24]
	at org.apache.coyote.AbstractProtocol$ConnectionHandler.process(AbstractProtocol.java:1307) ~[tomcat-embed-core-11.0.24.jar:11.0.24]
	at org.apache.tomcat.util.net.NioEndpoint$SocketProcessor.doRun(NioEndpoint.java:2036) ~[tomcat-embed-core-11.0.24.jar:11.0.24]
	at org.apache.tomcat.util.net.SocketProcessorBase.run(SocketProcessorBase.java:74) ~[tomcat-embed-core-11.0.24.jar:11.0.24]
	at org.apache.tomcat.util.threads.ThreadPoolExecutor.runWorker(ThreadPoolExecutor.java:949) ~[tomcat-embed-core-11.0.24.jar:11.0.24]
	at org.apache.tomcat.util.threads.ThreadPoolExecutor$Worker.run(ThreadPoolExecutor.java:483) ~[tomcat-embed-core-11.0.24.jar:11.0.24]
	at org.apache.tomcat.util.threads.TaskThread$WrappingRunnable.run(TaskThread.java:74) ~[tomcat-embed-core-11.0.24.jar:11.0.24]
	at java.base/java.lang.Thread.run(Thread.java:1583) ~[na:na]

2026-10-04T14:20:30.849+05:30  INFO 25004 --- [AIG-ForgeHub] [http-nio-8080-exec-10] c.e.AIG_ForgeHub.security.JwtAuthFilter  : JWT authentication successful for user: shreyachindam.data.acc@gmail.com with role: VENDOR
2026-10-04T14:20:40.257+05:30  INFO 25004 --- [AIG-ForgeHub] [http-nio-8080-exec-2] c.e.AIG_ForgeHub.security.JwtAuthFilter  : JWT authentication successful for user: shreyachindam.data.acc@gmail.com with role: VENDOR
2026-10-04T14:20:40.271+05:30  INFO 25004 --- [AIG-ForgeHub] [http-nio-8080-exec-2] c.e.A.controller.TwoFactorController     : 2FA OTP verification request received for user: shreyachindam.data.acc@gmail.com
2026-10-04T14:20:40.272+05:30  INFO 25004 --- [AIG-ForgeHub] [http-nio-8080-exec-2] c.e.A.serviceImp.TwoFactorServiceImpl    : 2FA OTP verification requested for user: shreyachindam.data.acc@gmail.com
2026-10-04T14:20:40.286+05:30  INFO 25004 --- [AIG-ForgeHub] [http-nio-8080-exec-2] c.e.A.serviceImp.TwoFactorServiceImpl    : 2FA OTP verified successfully for user: shreyachindam.data.acc@gmail.com
2026-10-04T14:20:40.287+05:30  INFO 25004 --- [AIG-ForgeHub] [http-nio-8080-exec-2] c.e.A.serviceImp.AuthServiceImpl         : Completing 2FA authentication for user: shreyachindam.data.acc@gmail.com
2026-10-04T14:20:40.385+05:30  INFO 25004 --- [AIG-ForgeHub] [http-nio-8080-exec-2] c.e.A.s.RefreshTokenServiceImpl          : New refresh token generated and stored for user: shreyachindam.data.acc@gmail.com with revoked=false
2026-10-04T14:20:40.388+05:30  INFO 25004 --- [AIG-ForgeHub] [http-nio-8080-exec-2] c.e.A.serviceImp.AuthServiceImpl         : 2FA authentication completed successfully for user: shreyachindam.data.acc@gmail.com
2026-10-04T14:20:40.400+05:30  INFO 25004 --- [AIG-ForgeHub] [http-nio-8080-exec-2] c.e.A.controller.TwoFactorController     : 2FA verification successful for user: shreyachindam.data.acc@gmail.com
2026-10-04T14:20:40.409+05:30  INFO 25004 --- [AIG-ForgeHub] [http-nio-8080-exec-1] c.e.AIG_ForgeHub.security.JwtAuthFilter  : JWT authentication successful for user: shreyachindam.data.acc@gmail.com with role: VENDOR
2026-10-04T14:20:40.480+05:30  INFO 25004 --- [AIG-ForgeHub] [http-nio-8080-exec-4] c.e.AIG_ForgeHub.security.JwtAuthFilter  : JWT authentication successful for user: shreyachindam.data.acc@gmail.com with role: VENDOR
2026-10-04T14:20:40.485+05:30 ERROR 25004 --- [AIG-ForgeHub] [http-nio-8080-exec-4] c.e.A.exception.GlobalExceptionHandler   : Unexpected error at /favicon.ico: No static resource favicon.ico for request '/favicon.ico'.

org.springframework.web.servlet.resource.NoResourceFoundException: No static resource favicon.ico for request '/favicon.ico'.
	at org.springframework.web.servlet.resource.ResourceHttpRequestHandler.handleRequest(ResourceHttpRequestHandler.java:527) ~[spring-webmvc-7.0.9.jar:7.0.9]
	at org.springframework.web.servlet.mvc.HttpRequestHandlerAdapter.handle(HttpRequestHandlerAdapter.java:50) ~[spring-webmvc-7.0.9.jar:7.0.9]
	at org.springframework.web.servlet.DispatcherServlet.doDispatch(DispatcherServlet.java:963) ~[spring-webmvc-7.0.9.jar:7.0.9]
	at org.springframework.web.servlet.DispatcherServlet.doService(DispatcherServlet.java:866) ~[spring-webmvc-7.0.9.jar:7.0.9]
	at org.springframework.web.servlet.FrameworkServlet.processRequest(FrameworkServlet.java:1000) ~[spring-webmvc-7.0.9.jar:7.0.9]
	at org.springframework.web.servlet.FrameworkServlet.doGet(FrameworkServlet.java:892) ~[spring-webmvc-7.0.9.jar:7.0.9]
	at jakarta.servlet.http.HttpServlet.service(HttpServlet.java:622) ~[tomcat-embed-core-11.0.24.jar:6.1]
	at org.springframework.web.servlet.FrameworkServlet.service(FrameworkServlet.java:874) ~[spring-webmvc-7.0.9.jar:7.0.9]
	at jakarta.servlet.http.HttpServlet.service(HttpServlet.java:710) ~[tomcat-embed-core-11.0.24.jar:6.1]
	at org.apache.catalina.core.ApplicationFilterChain.doFilter(ApplicationFilterChain.java:132) ~[tomcat-embed-core-11.0.24.jar:11.0.24]
	at org.apache.tomcat.websocket.server.WsFilter.doFilter(WsFilter.java:59) ~[tomcat-embed-websocket-11.0.24.jar:11.0.24]
	at org.apache.catalina.core.ApplicationFilterChain.doFilter(ApplicationFilterChain.java:111) ~[tomcat-embed-core-11.0.24.jar:11.0.24]
	at org.springframework.web.filter.OncePerRequestFilter.doFilter(OncePerRequestFilter.java:110) ~[spring-web-7.0.9.jar:7.0.9]
	at org.apache.catalina.core.ApplicationFilterChain.doFilter(ApplicationFilterChain.java:111) ~[tomcat-embed-core-11.0.24.jar:11.0.24]
	at org.springframework.web.filter.CompositeFilter$VirtualFilterChain.doFilter(CompositeFilter.java:108) ~[spring-web-7.0.9.jar:7.0.9]
	at org.springframework.security.web.FilterChainProxy.lambda$doFilterInternal$2(FilterChainProxy.java:235) ~[spring-security-web-7.1.1.jar:7.1.1]
	at org.springframework.security.web.FilterChainProxy$VirtualFilterChain.doFilter(FilterChainProxy.java:376) ~[spring-security-web-7.1.1.jar:7.1.1]
	at org.springframework.security.web.access.intercept.AuthorizationFilter.doFilter(AuthorizationFilter.java:101) ~[spring-security-web-7.1.1.jar:7.1.1]
	at org.springframework.security.web.FilterChainProxy$VirtualFilterChain.doFilter(FilterChainProxy.java:385) ~[spring-security-web-7.1.1.jar:7.1.1]
	at org.springframework.security.web.access.ExceptionTranslationFilter.doFilter(ExceptionTranslationFilter.java:126) ~[spring-security-web-7.1.1.jar:7.1.1]
	at org.springframework.security.web.access.ExceptionTranslationFilter.doFilter(ExceptionTranslationFilter.java:120) ~[spring-security-web-7.1.1.jar:7.1.1]
	at org.springframework.security.web.FilterChainProxy$VirtualFilterChain.doFilter(FilterChainProxy.java:385) ~[spring-security-web-7.1.1.jar:7.1.1]
	at org.springframework.security.web.session.SessionManagementFilter.doFilter(SessionManagementFilter.java:132) ~[spring-security-web-7.1.1.jar:7.1.1]
	at org.springframework.security.web.session.SessionManagementFilter.doFilter(SessionManagementFilter.java:86) ~[spring-security-web-7.1.1.jar:7.1.1]
	at org.springframework.security.web.FilterChainProxy$VirtualFilterChain.doFilter(FilterChainProxy.java:385) ~[spring-security-web-7.1.1.jar:7.1.1]
	at org.springframework.security.web.authentication.AnonymousAuthenticationFilter.doFilter(AnonymousAuthenticationFilter.java:100) ~[spring-security-web-7.1.1.jar:7.1.1]
	at org.springframework.security.web.FilterChainProxy$VirtualFilterChain.doFilter(FilterChainProxy.java:385) ~[spring-security-web-7.1.1.jar:7.1.1]
	at org.springframework.security.web.servletapi.SecurityContextHolderAwareRequestFilter.doFilter(SecurityContextHolderAwareRequestFilter.java:181) ~[spring-security-web-7.1.1.jar:7.1.1]
	at org.springframework.security.web.FilterChainProxy$VirtualFilterChain.doFilter(FilterChainProxy.java:385) ~[spring-security-web-7.1.1.jar:7.1.1]
	at org.springframework.security.web.savedrequest.RequestCacheAwareFilter.doFilter(RequestCacheAwareFilter.java:63) ~[spring-security-web-7.1.1.jar:7.1.1]
	at org.springframework.security.web.FilterChainProxy$VirtualFilterChain.doFilter(FilterChainProxy.java:385) ~[spring-security-web-7.1.1.jar:7.1.1]
	at com.example.AIG_ForgeHub.security.JwtAuthFilter.doFilterInternal(JwtAuthFilter.java:88) ~[classes/:na]
	at org.springframework.web.filter.OncePerRequestFilter.doFilter(OncePerRequestFilter.java:116) ~[spring-web-7.0.9.jar:7.0.9]
	at org.springframework.security.web.FilterChainProxy$VirtualFilterChain.doFilter(FilterChainProxy.java:385) ~[spring-security-web-7.1.1.jar:7.1.1]
	at org.springframework.security.web.authentication.logout.LogoutFilter.doFilter(LogoutFilter.java:110) ~[spring-security-web-7.1.1.jar:7.1.1]
	at org.springframework.security.web.authentication.logout.LogoutFilter.doFilter(LogoutFilter.java:96) ~[spring-security-web-7.1.1.jar:7.1.1]
	at org.springframework.security.web.FilterChainProxy$VirtualFilterChain.doFilter(FilterChainProxy.java:385) ~[spring-security-web-7.1.1.jar:7.1.1]
	at org.springframework.security.web.header.HeaderWriterFilter.doHeadersAfter(HeaderWriterFilter.java:90) ~[spring-security-web-7.1.1.jar:7.1.1]
	at org.springframework.security.web.header.HeaderWriterFilter.doFilterInternal(HeaderWriterFilter.java:75) ~[spring-security-web-7.1.1.jar:7.1.1]
	at org.springframework.web.filter.OncePerRequestFilter.doFilter(OncePerRequestFilter.java:116) ~[spring-web-7.0.9.jar:7.0.9]
	at org.springframework.security.web.FilterChainProxy$VirtualFilterChain.doFilter(FilterChainProxy.java:385) ~[spring-security-web-7.1.1.jar:7.1.1]
	at org.springframework.security.web.context.SecurityContextHolderFilter.doFilter(SecurityContextHolderFilter.java:82) ~[spring-security-web-7.1.1.jar:7.1.1]
	at org.springframework.security.web.context.SecurityContextHolderFilter.doFilter(SecurityContextHolderFilter.java:69) ~[spring-security-web-7.1.1.jar:7.1.1]
	at org.springframework.security.web.FilterChainProxy$VirtualFilterChain.doFilter(FilterChainProxy.java:385) ~[spring-security-web-7.1.1.jar:7.1.1]
	at org.springframework.security.web.context.request.async.WebAsyncManagerIntegrationFilter.doFilterInternal(WebAsyncManagerIntegrationFilter.java:62) ~[spring-security-web-7.1.1.jar:7.1.1]
	at org.springframework.web.filter.OncePerRequestFilter.doFilter(OncePerRequestFilter.java:116) ~[spring-web-7.0.9.jar:7.0.9]
	at org.springframework.security.web.FilterChainProxy$VirtualFilterChain.doFilter(FilterChainProxy.java:385) ~[spring-security-web-7.1.1.jar:7.1.1]
	at org.springframework.security.web.session.DisableEncodeUrlFilter.doFilterInternal(DisableEncodeUrlFilter.java:42) ~[spring-security-web-7.1.1.jar:7.1.1]
	at org.springframework.web.filter.OncePerRequestFilter.doFilter(OncePerRequestFilter.java:116) ~[spring-web-7.0.9.jar:7.0.9]
	at org.springframework.security.web.FilterChainProxy$VirtualFilterChain.doFilter(FilterChainProxy.java:385) ~[spring-security-web-7.1.1.jar:7.1.1]
	at org.springframework.security.web.FilterChainProxy.doFilterInternal(FilterChainProxy.java:237) ~[spring-security-web-7.1.1.jar:7.1.1]
	at org.springframework.security.web.FilterChainProxy.doFilter(FilterChainProxy.java:195) ~[spring-security-web-7.1.1.jar:7.1.1]
	at org.springframework.web.filter.CompositeFilter$VirtualFilterChain.doFilter(CompositeFilter.java:113) ~[spring-web-7.0.9.jar:7.0.9]
	at org.springframework.web.filter.ServletRequestPathFilter.doFilter(ServletRequestPathFilter.java:52) ~[spring-web-7.0.9.jar:7.0.9]
	at org.springframework.web.filter.CompositeFilter$VirtualFilterChain.doFilter(CompositeFilter.java:113) ~[spring-web-7.0.9.jar:7.0.9]
	at org.springframework.web.filter.CompositeFilter.doFilter(CompositeFilter.java:74) ~[spring-web-7.0.9.jar:7.0.9]
	at org.springframework.security.config.annotation.web.configuration.WebSecurityConfiguration$CompositeFilterChainProxy.doFilter(WebSecurityConfiguration.java:317) ~[spring-security-config-7.1.1.jar:7.1.1]
	at org.springframework.web.filter.DelegatingFilterProxy.invokeDelegate(DelegatingFilterProxy.java:355) ~[spring-web-7.0.9.jar:7.0.9]
	at org.springframework.web.filter.DelegatingFilterProxy.doFilter(DelegatingFilterProxy.java:272) ~[spring-web-7.0.9.jar:7.0.9]
	at org.apache.catalina.core.ApplicationFilterChain.doFilter(ApplicationFilterChain.java:111) ~[tomcat-embed-core-11.0.24.jar:11.0.24]
	at org.springframework.web.filter.RequestContextFilter.doFilterInternal(RequestContextFilter.java:100) ~[spring-web-7.0.9.jar:7.0.9]
	at org.springframework.web.filter.OncePerRequestFilter.doFilter(OncePerRequestFilter.java:116) ~[spring-web-7.0.9.jar:7.0.9]
	at org.apache.catalina.core.ApplicationFilterChain.doFilter(ApplicationFilterChain.java:111) ~[tomcat-embed-core-11.0.24.jar:11.0.24]
	at org.springframework.web.filter.FormContentFilter.doFilterInternal(FormContentFilter.java:93) ~[spring-web-7.0.9.jar:7.0.9]
	at org.springframework.web.filter.OncePerRequestFilter.doFilter(OncePerRequestFilter.java:116) ~[spring-web-7.0.9.jar:7.0.9]
	at org.apache.catalina.core.ApplicationFilterChain.doFilter(ApplicationFilterChain.java:111) ~[tomcat-embed-core-11.0.24.jar:11.0.24]
	at org.springframework.web.filter.CharacterEncodingFilter.doFilterInternal(CharacterEncodingFilter.java:199) ~[spring-web-7.0.9.jar:7.0.9]
	at org.springframework.web.filter.OncePerRequestFilter.doFilter(OncePerRequestFilter.java:116) ~[spring-web-7.0.9.jar:7.0.9]
	at org.apache.catalina.core.ApplicationFilterChain.doFilter(ApplicationFilterChain.java:111) ~[tomcat-embed-core-11.0.24.jar:11.0.24]
	at org.apache.catalina.core.StandardWrapperValve.invoke(StandardWrapperValve.java:165) ~[tomcat-embed-core-11.0.24.jar:11.0.24]
	at org.apache.catalina.core.StandardContextValve.invoke(StandardContextValve.java:77) ~[tomcat-embed-core-11.0.24.jar:11.0.24]
	at org.apache.catalina.authenticator.AuthenticatorBase.invoke(AuthenticatorBase.java:535) ~[tomcat-embed-core-11.0.24.jar:11.0.24]
	at org.apache.catalina.core.StandardHostValve.invoke(StandardHostValve.java:115) ~[tomcat-embed-core-11.0.24.jar:11.0.24]
	at org.apache.catalina.valves.ErrorReportValve.invoke(ErrorReportValve.java:86) ~[tomcat-embed-core-11.0.24.jar:11.0.24]
	at org.apache.catalina.core.StandardEngineValve.invoke(StandardEngineValve.java:71) ~[tomcat-embed-core-11.0.24.jar:11.0.24]
	at org.apache.catalina.connector.CoyoteAdapter.service(CoyoteAdapter.java:347) ~[tomcat-embed-core-11.0.24.jar:11.0.24]
	at org.apache.coyote.http11.Http11Processor.service(Http11Processor.java:406) ~[tomcat-embed-core-11.0.24.jar:11.0.24]
	at org.apache.coyote.AbstractProcessorLight.process(AbstractProcessorLight.java:71) ~[tomcat-embed-core-11.0.24.jar:11.0.24]
	at org.apache.coyote.AbstractProtocol$ConnectionHandler.process(AbstractProtocol.java:1307) ~[tomcat-embed-core-11.0.24.jar:11.0.24]
	at org.apache.tomcat.util.net.NioEndpoint$SocketProcessor.doRun(NioEndpoint.java:2036) ~[tomcat-embed-core-11.0.24.jar:11.0.24]
	at org.apache.tomcat.util.net.SocketProcessorBase.run(SocketProcessorBase.java:74) ~[tomcat-embed-core-11.0.24.jar:11.0.24]
	at org.apache.tomcat.util.threads.ThreadPoolExecutor.runWorker(ThreadPoolExecutor.java:949) ~[tomcat-embed-core-11.0.24.jar:11.0.24]
	at org.apache.tomcat.util.threads.ThreadPoolExecutor$Worker.run(ThreadPoolExecutor.java:483) ~[tomcat-embed-core-11.0.24.jar:11.0.24]
	at org.apache.tomcat.util.threads.TaskThread$WrappingRunnable.run(TaskThread.java:74) ~[tomcat-embed-core-11.0.24.jar:11.0.24]
	at java.base/java.lang.Thread.run(Thread.java:1583) ~[na:na]

2026-10-04T14:20:40.496+05:30  INFO 25004 --- [AIG-ForgeHub] [http-nio-8080-exec-3] c.e.AIG_ForgeHub.security.JwtAuthFilter  : JWT authentication successful for user: shreyachindam.data.acc@gmail.com with role: VENDOR
2026-10-04T14:20:53.624+05:30  INFO 25004 --- [AIG-ForgeHub] [http-nio-8080-exec-6] c.e.AIG_ForgeHub.security.JwtAuthFilter  : JWT authentication successful for user: shreyachindam.data.acc@gmail.com with role: VENDOR
2026-10-04T14:20:53.643+05:30  INFO 25004 --- [AIG-ForgeHub] [http-nio-8080-exec-6] c.e.A.s.RefreshTokenServiceImpl          : Refresh token marked revoked for user: shreyachindam.data.acc@gmail.com
2026-10-04T14:20:53.645+05:30  INFO 25004 --- [AIG-ForgeHub] [http-nio-8080-exec-6] c.e.A.serviceImp.AuthServiceImpl         : Refresh token revoked successfully
2026-10-04T14:20:53.645+05:30  INFO 25004 --- [AIG-ForgeHub] [http-nio-8080-exec-6] c.e.A.controller.AuthController          : Logout successful
2026-10-04T14:22:45.753+05:30  INFO 25004 --- [AIG-ForgeHub] [SpringApplicationShutdownHook] o.s.boot.tomcat.GracefulShutdown         : Commencing graceful shutdown. Waiting for active requests to complete
2026-10-04T14:22:45.762+05:30  INFO 25004 --- [AIG-ForgeHub] [tomcat-shutdown] o.s.boot.tomcat.GracefulShutdown         : Graceful shutdown complete
2026-10-04T14:22:45.766+05:30  INFO 25004 --- [AIG-ForgeHub] [SpringApplicationShutdownHook] j.LocalContainerEntityManagerFactoryBean : Closing JPA EntityManagerFactory for persistence unit 'default'
2026-10-04T14:22:45.769+05:30  INFO 25004 --- [AIG-ForgeHub] [SpringApplicationShutdownHook] com.zaxxer.hikari.HikariDataSource       : HikariPool-1 - Shutdown initiated...
2026-10-04T14:22:45.776+05:30  INFO 25004 --- [AIG-ForgeHub] [SpringApplicationShutdownHook] com.zaxxer.hikari.HikariDataSource       : HikariPool-1 - Shutdown completed.
2026-10-04T14:35:03.397+05:30  INFO 27360 --- [AIG-ForgeHub] [main] c.e.AIG_ForgeHub.AigForgeHubApplication  : Starting AigForgeHubApplication using Java 21.0.11 with PID 27360 (C:\Users\Saikiran\Downloads\AIG-ForgeHub\target\classes started by Saikiran in C:\Users\Saikiran\Downloads\AIG-ForgeHub)
2026-10-04T14:35:03.400+05:30  INFO 27360 --- [AIG-ForgeHub] [main] c.e.AIG_ForgeHub.AigForgeHubApplication  : No active profile set, falling back to 1 default profile: "default"
2026-10-04T14:35:04.095+05:30  INFO 27360 --- [AIG-ForgeHub] [main] .s.d.r.c.RepositoryConfigurationDelegate : Bootstrapping Spring Data JPA repositories in DEFAULT mode.
2026-10-04T14:35:04.152+05:30  INFO 27360 --- [AIG-ForgeHub] [main] .s.d.r.c.RepositoryConfigurationDelegate : Finished Spring Data repository scanning in 48 ms. Found 1 JPA repository interface.
2026-10-04T14:35:04.652+05:30  INFO 27360 --- [AIG-ForgeHub] [main] o.s.boot.tomcat.TomcatWebServer          : Tomcat initialized with port 8080 (http)
2026-10-04T14:35:04.666+05:30  INFO 27360 --- [AIG-ForgeHub] [main] o.apache.catalina.core.StandardService   : Starting service [Tomcat]
2026-10-04T14:35:04.667+05:30  INFO 27360 --- [AIG-ForgeHub] [main] o.apache.catalina.core.StandardEngine    : Starting Servlet engine: [Apache Tomcat/11.0.24]
2026-10-04T14:35:04.728+05:30  INFO 27360 --- [AIG-ForgeHub] [main] b.w.c.s.WebApplicationContextInitializer : Root WebApplicationContext: initialization completed in 1279 ms
2026-10-04T14:35:04.750+05:30  INFO 27360 --- [AIG-ForgeHub] [main] c.e.AIG_ForgeHub.security.JwtService     : JwtService initialized successfully
2026-10-04T14:35:04.951+05:30  INFO 27360 --- [AIG-ForgeHub] [main] org.hibernate.orm.jpa                    : HHH008540: Processing PersistenceUnitInfo [name: default]
2026-10-04T14:35:05.018+05:30  INFO 27360 --- [AIG-ForgeHub] [main] org.hibernate.orm.core                   : HHH000001: Hibernate ORM core version 7.4.5.Final
2026-10-04T14:35:05.558+05:30  INFO 27360 --- [AIG-ForgeHub] [main] o.s.o.j.p.SpringPersistenceUnitInfo      : No LoadTimeWeaver setup: ignoring JPA class transformer
2026-10-04T14:35:05.594+05:30  INFO 27360 --- [AIG-ForgeHub] [main] com.zaxxer.hikari.HikariDataSource       : HikariPool-1 - Starting...
2026-10-04T14:35:05.982+05:30  INFO 27360 --- [AIG-ForgeHub] [main] com.zaxxer.hikari.pool.HikariPool        : HikariPool-1 - Added connection com.mysql.cj.jdbc.ConnectionImpl@1013871e
2026-10-04T14:35:05.984+05:30  INFO 27360 --- [AIG-ForgeHub] [main] com.zaxxer.hikari.HikariDataSource       : HikariPool-1 - Start completed.
2026-10-04T14:35:06.068+05:30  INFO 27360 --- [AIG-ForgeHub] [main] org.hibernate.orm.connections.pooling    : HHH10001005: Database info:
	Database JDBC URL [jdbc:mysql://localhost:3306/forgehub]
	Database driver: MySQL Connector/J
	Database dialect: MySQLDialect
	Database version: 8.0.42
	Default catalog/schema: forgehub/undefined
	Autocommit mode: undefined/unknown
	Isolation level: REPEATABLE_READ [default REPEATABLE_READ]
	JDBC fetch size: none
	Pool: DataSourceConnectionProvider
	Minimum pool size: undefined/unknown
	Maximum pool size: undefined/unknown
2026-10-04T14:35:07.098+05:30  INFO 27360 --- [AIG-ForgeHub] [main] org.hibernate.orm.core                   : HHH000489: No JTA platform available (set 'hibernate.transaction.jta.platform' to enable JTA platform integration)
2026-10-04T14:35:07.105+05:30  INFO 27360 --- [AIG-ForgeHub] [main] j.LocalContainerEntityManagerFactoryBean : Initialized JPA EntityManagerFactory for persistence unit 'default'
2026-10-04T14:35:07.185+05:30  INFO 27360 --- [AIG-ForgeHub] [main] o.s.d.j.r.query.QueryEnhancerFactories   : Hibernate is in classpath; If applicable, HQL parser will be used.
2026-10-04T14:35:07.444+05:30  WARN 27360 --- [AIG-ForgeHub] [main] JpaBaseConfiguration$JpaWebConfiguration : spring.jpa.open-in-view is enabled by default. Therefore, database queries may be performed during view rendering. Explicitly configure spring.jpa.open-in-view to disable this warning
2026-10-04T14:35:07.544+05:30  INFO 27360 --- [AIG-ForgeHub] [main] r$InitializeUserDetailsManagerConfigurer : Global AuthenticationManager configured with UserDetailsService bean with name customUserDetailsService
2026-10-04T14:35:08.234+05:30  INFO 27360 --- [AIG-ForgeHub] [main] o.s.boot.tomcat.TomcatWebServer          : Tomcat started on port 8080 (http) with context path '/'
2026-10-04T14:35:08.240+05:30  INFO 27360 --- [AIG-ForgeHub] [main] c.e.AIG_ForgeHub.AigForgeHubApplication  : Started AigForgeHubApplication in 5.399 seconds (process running for 6.073)
2026-10-04T14:35:15.425+05:30  INFO 27360 --- [AIG-ForgeHub] [http-nio-8080-exec-1] o.a.c.c.C.[Tomcat].[localhost].[/]       : Initializing Spring DispatcherServlet 'dispatcherServlet'
2026-10-04T14:35:15.427+05:30  INFO 27360 --- [AIG-ForgeHub] [http-nio-8080-exec-1] o.s.web.servlet.DispatcherServlet        : Initializing Servlet 'dispatcherServlet'
2026-10-04T14:35:15.436+05:30  INFO 27360 --- [AIG-ForgeHub] [http-nio-8080-exec-1] o.s.web.servlet.DispatcherServlet        : Completed initialization in 7 ms
2026-10-04T14:35:38.172+05:30  INFO 27360 --- [AIG-ForgeHub] [http-nio-8080-exec-7] c.e.A.controller.AuthController          : Login attempt for email: shreyachindam1123@gmail.com
2026-10-04T14:35:38.172+05:30  INFO 27360 --- [AIG-ForgeHub] [http-nio-8080-exec-7] c.e.A.serviceImp.AuthServiceImpl         : Authenticating user: shreyachindam1123@gmail.com
2026-10-04T14:35:38.247+05:30  INFO 27360 --- [AIG-ForgeHub] [http-nio-8080-exec-7] c.e.A.s.CustomUserDetailsService         : Loading user details for authentication: shreyachindam1123@gmail.com
2026-10-04T14:35:38.781+05:30  INFO 27360 --- [AIG-ForgeHub] [http-nio-8080-exec-7] c.e.A.serviceImp.AuthServiceImpl         : Password authentication successful for user: shreyachindam1123@gmail.com
2026-10-04T14:35:38.842+05:30  INFO 27360 --- [AIG-ForgeHub] [http-nio-8080-exec-7] c.e.A.serviceImp.AuthServiceImpl         : 2FA secret generated for user: shreyachindam1123@gmail.com
2026-10-04T14:35:38.842+05:30  INFO 27360 --- [AIG-ForgeHub] [http-nio-8080-exec-7] c.e.A.serviceImp.AuthServiceImpl         : MFA verification required for user: shreyachindam1123@gmail.com
2026-10-04T14:35:38.843+05:30  INFO 27360 --- [AIG-ForgeHub] [http-nio-8080-exec-7] c.e.A.controller.AuthController          : Password authentication verified for email: shreyachindam1123@gmail.com
2026-10-04T14:35:38.844+05:30  INFO 27360 --- [AIG-ForgeHub] [http-nio-8080-exec-7] c.e.A.controller.AuthController          : First time login detected for email: shreyachindam1123@gmail.com
2026-10-04T14:35:38.844+05:30  INFO 27360 --- [AIG-ForgeHub] [http-nio-8080-exec-7] c.e.A.serviceImp.TwoFactorServiceImpl    : QR code generation requested for user: shreyachindam1123@gmail.com
2026-10-04T14:35:38.974+05:30  INFO 27360 --- [AIG-ForgeHub] [http-nio-8080-exec-7] c.e.A.serviceImp.TwoFactorServiceImpl    : 2FA QR code generated successfully for user: shreyachindam1123@gmail.com
2026-10-04T14:36:49.569+05:30  INFO 27360 --- [AIG-ForgeHub] [http-nio-8080-exec-5] c.e.A.controller.TwoFactorController     : Proceed to 2FA verification requested for user: shreyachindam1123@gmail.com
2026-10-04T14:37:14.236+05:30  INFO 27360 --- [AIG-ForgeHub] [http-nio-8080-exec-7] c.e.A.controller.AuthController          : Email OTP requested for user: shreyachindam1123@gmail.com
2026-10-04T14:37:14.236+05:30  INFO 27360 --- [AIG-ForgeHub] [http-nio-8080-exec-7] c.e.A.serviceImp.EmailServiceImpl        : OTP generation requested for user: shreyachindam1123@gmail.com
2026-10-04T14:37:18.466+05:30  INFO 27360 --- [AIG-ForgeHub] [http-nio-8080-exec-7] c.e.A.serviceImp.EmailServiceImpl        : OTP email sent successfully to user: shreyachindam1123@gmail.com
2026-10-04T14:37:18.466+05:30  INFO 27360 --- [AIG-ForgeHub] [http-nio-8080-exec-7] c.e.A.controller.AuthController          : Email OTP sent successfully for user: shreyachindam1123@gmail.com
2026-10-04T14:37:34.680+05:30  INFO 27360 --- [AIG-ForgeHub] [http-nio-8080-exec-3] c.e.A.controller.AuthController          : Email OTP verification attempt for user: shreyachindam1123@gmail.com
2026-10-04T14:37:34.681+05:30  INFO 27360 --- [AIG-ForgeHub] [http-nio-8080-exec-3] c.e.A.serviceImp.EmailServiceImpl        : OTP verification requested for user: shreyachindam1123@gmail.com
2026-10-04T14:37:34.756+05:30  INFO 27360 --- [AIG-ForgeHub] [http-nio-8080-exec-3] c.e.A.serviceImp.EmailServiceImpl        : OTP verified successfully for user: shreyachindam1123@gmail.com
2026-10-04T14:37:34.756+05:30  INFO 27360 --- [AIG-ForgeHub] [http-nio-8080-exec-3] c.e.A.controller.AuthController          : Email OTP verified successfully for user: shreyachindam1123@gmail.com
2026-10-04T14:37:34.760+05:30  INFO 27360 --- [AIG-ForgeHub] [http-nio-8080-exec-3] c.e.A.serviceImp.TwoFactorServiceImpl    : 2FA secret regeneration requested for user: shreyachindam1123@gmail.com
2026-10-04T14:37:34.773+05:30  INFO 27360 --- [AIG-ForgeHub] [http-nio-8080-exec-3] c.e.A.serviceImp.TwoFactorServiceImpl    : 2FA secret regenerated successfully for user: shreyachindam1123@gmail.com
2026-10-04T14:37:34.774+05:30  INFO 27360 --- [AIG-ForgeHub] [http-nio-8080-exec-3] c.e.A.controller.AuthController          : 2FA secret regenerated for user: shreyachindam1123@gmail.com
2026-10-04T14:37:34.774+05:30  INFO 27360 --- [AIG-ForgeHub] [http-nio-8080-exec-3] c.e.A.serviceImp.TwoFactorServiceImpl    : QR code generation requested for user: shreyachindam1123@gmail.com
2026-10-04T14:37:34.787+05:30  INFO 27360 --- [AIG-ForgeHub] [http-nio-8080-exec-3] c.e.A.serviceImp.TwoFactorServiceImpl    : 2FA QR code generated successfully for user: shreyachindam1123@gmail.com
2026-10-04T14:37:34.788+05:30  INFO 27360 --- [AIG-ForgeHub] [http-nio-8080-exec-3] c.e.A.controller.AuthController          : Recovery QR generated successfully for user: shreyachindam1123@gmail.com
2026-10-04T14:37:45.543+05:30  INFO 27360 --- [AIG-ForgeHub] [http-nio-8080-exec-9] c.e.A.controller.TwoFactorController     : Proceed to 2FA verification requested for user: shreyachindam1123@gmail.com
2026-10-04T14:38:07.923+05:30  INFO 27360 --- [AIG-ForgeHub] [http-nio-8080-exec-6] c.e.A.controller.TwoFactorController     : 2FA OTP verification request received for user: shreyachindam1123@gmail.com
2026-10-04T14:38:07.924+05:30  INFO 27360 --- [AIG-ForgeHub] [http-nio-8080-exec-6] c.e.A.serviceImp.TwoFactorServiceImpl    : 2FA OTP verification requested for user: shreyachindam1123@gmail.com
2026-10-04T14:38:07.929+05:30  INFO 27360 --- [AIG-ForgeHub] [http-nio-8080-exec-6] c.e.A.serviceImp.TwoFactorServiceImpl    : 2FA OTP verified successfully for user: shreyachindam1123@gmail.com
2026-10-04T14:38:07.929+05:30  INFO 27360 --- [AIG-ForgeHub] [http-nio-8080-exec-6] c.e.A.serviceImp.AuthServiceImpl         : Completing 2FA authentication for user: shreyachindam1123@gmail.com
2026-10-04T14:38:08.055+05:30  INFO 27360 --- [AIG-ForgeHub] [http-nio-8080-exec-6] c.e.A.s.RefreshTokenServiceImpl          : New refresh token generated and stored for user: shreyachindam1123@gmail.com with revoked=false
2026-10-04T14:38:08.061+05:30  INFO 27360 --- [AIG-ForgeHub] [http-nio-8080-exec-6] c.e.A.serviceImp.AuthServiceImpl         : 2FA authentication completed successfully for user: shreyachindam1123@gmail.com
2026-10-04T14:38:08.071+05:30  INFO 27360 --- [AIG-ForgeHub] [http-nio-8080-exec-6] c.e.A.controller.TwoFactorController     : 2FA verification successful for user: shreyachindam1123@gmail.com
2026-10-04T14:38:08.124+05:30  INFO 27360 --- [AIG-ForgeHub] [http-nio-8080-exec-7] c.e.AIG_ForgeHub.security.JwtAuthFilter  : JWT authentication successful for user: shreyachindam1123@gmail.com with role: VENDOR
2026-10-04T14:38:08.223+05:30  INFO 27360 --- [AIG-ForgeHub] [http-nio-8080-exec-8] c.e.AIG_ForgeHub.security.JwtAuthFilter  : JWT authentication successful for user: shreyachindam1123@gmail.com with role: VENDOR
2026-10-04T14:38:08.245+05:30 ERROR 27360 --- [AIG-ForgeHub] [http-nio-8080-exec-8] c.e.A.exception.GlobalExceptionHandler   : Unexpected error at /.well-known/appspecific/com.chrome.devtools.json: No static resource .well-known/appspecific/com.chrome.devtools.json for request '/.well-known/appspecific/com.chrome.devtools.json'.

org.springframework.web.servlet.resource.NoResourceFoundException: No static resource .well-known/appspecific/com.chrome.devtools.json for request '/.well-known/appspecific/com.chrome.devtools.json'.
	at org.springframework.web.servlet.resource.ResourceHttpRequestHandler.handleRequest(ResourceHttpRequestHandler.java:527) ~[spring-webmvc-7.0.9.jar:7.0.9]
	at org.springframework.web.servlet.mvc.HttpRequestHandlerAdapter.handle(HttpRequestHandlerAdapter.java:50) ~[spring-webmvc-7.0.9.jar:7.0.9]
	at org.springframework.web.servlet.DispatcherServlet.doDispatch(DispatcherServlet.java:963) ~[spring-webmvc-7.0.9.jar:7.0.9]
	at org.springframework.web.servlet.DispatcherServlet.doService(DispatcherServlet.java:866) ~[spring-webmvc-7.0.9.jar:7.0.9]
	at org.springframework.web.servlet.FrameworkServlet.processRequest(FrameworkServlet.java:1000) ~[spring-webmvc-7.0.9.jar:7.0.9]
	at org.springframework.web.servlet.FrameworkServlet.doGet(FrameworkServlet.java:892) ~[spring-webmvc-7.0.9.jar:7.0.9]
	at jakarta.servlet.http.HttpServlet.service(HttpServlet.java:622) ~[tomcat-embed-core-11.0.24.jar:6.1]
	at org.springframework.web.servlet.FrameworkServlet.service(FrameworkServlet.java:874) ~[spring-webmvc-7.0.9.jar:7.0.9]
	at jakarta.servlet.http.HttpServlet.service(HttpServlet.java:710) ~[tomcat-embed-core-11.0.24.jar:6.1]
	at org.apache.catalina.core.ApplicationFilterChain.doFilter(ApplicationFilterChain.java:132) ~[tomcat-embed-core-11.0.24.jar:11.0.24]
	at org.apache.tomcat.websocket.server.WsFilter.doFilter(WsFilter.java:59) ~[tomcat-embed-websocket-11.0.24.jar:11.0.24]
	at org.apache.catalina.core.ApplicationFilterChain.doFilter(ApplicationFilterChain.java:111) ~[tomcat-embed-core-11.0.24.jar:11.0.24]
	at org.springframework.web.filter.OncePerRequestFilter.doFilter(OncePerRequestFilter.java:110) ~[spring-web-7.0.9.jar:7.0.9]
	at org.apache.catalina.core.ApplicationFilterChain.doFilter(ApplicationFilterChain.java:111) ~[tomcat-embed-core-11.0.24.jar:11.0.24]
	at org.springframework.web.filter.CompositeFilter$VirtualFilterChain.doFilter(CompositeFilter.java:108) ~[spring-web-7.0.9.jar:7.0.9]
	at org.springframework.security.web.FilterChainProxy.lambda$doFilterInternal$2(FilterChainProxy.java:235) ~[spring-security-web-7.1.1.jar:7.1.1]
	at org.springframework.security.web.FilterChainProxy$VirtualFilterChain.doFilter(FilterChainProxy.java:376) ~[spring-security-web-7.1.1.jar:7.1.1]
	at org.springframework.security.web.access.intercept.AuthorizationFilter.doFilter(AuthorizationFilter.java:101) ~[spring-security-web-7.1.1.jar:7.1.1]
	at org.springframework.security.web.FilterChainProxy$VirtualFilterChain.doFilter(FilterChainProxy.java:385) ~[spring-security-web-7.1.1.jar:7.1.1]
	at org.springframework.security.web.access.ExceptionTranslationFilter.doFilter(ExceptionTranslationFilter.java:126) ~[spring-security-web-7.1.1.jar:7.1.1]
	at org.springframework.security.web.access.ExceptionTranslationFilter.doFilter(ExceptionTranslationFilter.java:120) ~[spring-security-web-7.1.1.jar:7.1.1]
	at org.springframework.security.web.FilterChainProxy$VirtualFilterChain.doFilter(FilterChainProxy.java:385) ~[spring-security-web-7.1.1.jar:7.1.1]
	at org.springframework.security.web.session.SessionManagementFilter.doFilter(SessionManagementFilter.java:132) ~[spring-security-web-7.1.1.jar:7.1.1]
	at org.springframework.security.web.session.SessionManagementFilter.doFilter(SessionManagementFilter.java:86) ~[spring-security-web-7.1.1.jar:7.1.1]
	at org.springframework.security.web.FilterChainProxy$VirtualFilterChain.doFilter(FilterChainProxy.java:385) ~[spring-security-web-7.1.1.jar:7.1.1]
	at org.springframework.security.web.authentication.AnonymousAuthenticationFilter.doFilter(AnonymousAuthenticationFilter.java:100) ~[spring-security-web-7.1.1.jar:7.1.1]
	at org.springframework.security.web.FilterChainProxy$VirtualFilterChain.doFilter(FilterChainProxy.java:385) ~[spring-security-web-7.1.1.jar:7.1.1]
	at org.springframework.security.web.servletapi.SecurityContextHolderAwareRequestFilter.doFilter(SecurityContextHolderAwareRequestFilter.java:181) ~[spring-security-web-7.1.1.jar:7.1.1]
	at org.springframework.security.web.FilterChainProxy$VirtualFilterChain.doFilter(FilterChainProxy.java:385) ~[spring-security-web-7.1.1.jar:7.1.1]
	at org.springframework.security.web.savedrequest.RequestCacheAwareFilter.doFilter(RequestCacheAwareFilter.java:63) ~[spring-security-web-7.1.1.jar:7.1.1]
	at org.springframework.security.web.FilterChainProxy$VirtualFilterChain.doFilter(FilterChainProxy.java:385) ~[spring-security-web-7.1.1.jar:7.1.1]
	at com.example.AIG_ForgeHub.security.JwtAuthFilter.doFilterInternal(JwtAuthFilter.java:88) ~[classes/:na]
	at org.springframework.web.filter.OncePerRequestFilter.doFilter(OncePerRequestFilter.java:116) ~[spring-web-7.0.9.jar:7.0.9]
	at org.springframework.security.web.FilterChainProxy$VirtualFilterChain.doFilter(FilterChainProxy.java:385) ~[spring-security-web-7.1.1.jar:7.1.1]
	at org.springframework.security.web.authentication.logout.LogoutFilter.doFilter(LogoutFilter.java:110) ~[spring-security-web-7.1.1.jar:7.1.1]
	at org.springframework.security.web.authentication.logout.LogoutFilter.doFilter(LogoutFilter.java:96) ~[spring-security-web-7.1.1.jar:7.1.1]
	at org.springframework.security.web.FilterChainProxy$VirtualFilterChain.doFilter(FilterChainProxy.java:385) ~[spring-security-web-7.1.1.jar:7.1.1]
	at org.springframework.security.web.header.HeaderWriterFilter.doHeadersAfter(HeaderWriterFilter.java:90) ~[spring-security-web-7.1.1.jar:7.1.1]
	at org.springframework.security.web.header.HeaderWriterFilter.doFilterInternal(HeaderWriterFilter.java:75) ~[spring-security-web-7.1.1.jar:7.1.1]
	at org.springframework.web.filter.OncePerRequestFilter.doFilter(OncePerRequestFilter.java:116) ~[spring-web-7.0.9.jar:7.0.9]
	at org.springframework.security.web.FilterChainProxy$VirtualFilterChain.doFilter(FilterChainProxy.java:385) ~[spring-security-web-7.1.1.jar:7.1.1]
	at org.springframework.security.web.context.SecurityContextHolderFilter.doFilter(SecurityContextHolderFilter.java:82) ~[spring-security-web-7.1.1.jar:7.1.1]
	at org.springframework.security.web.context.SecurityContextHolderFilter.doFilter(SecurityContextHolderFilter.java:69) ~[spring-security-web-7.1.1.jar:7.1.1]
	at org.springframework.security.web.FilterChainProxy$VirtualFilterChain.doFilter(FilterChainProxy.java:385) ~[spring-security-web-7.1.1.jar:7.1.1]
	at org.springframework.security.web.context.request.async.WebAsyncManagerIntegrationFilter.doFilterInternal(WebAsyncManagerIntegrationFilter.java:62) ~[spring-security-web-7.1.1.jar:7.1.1]
	at org.springframework.web.filter.OncePerRequestFilter.doFilter(OncePerRequestFilter.java:116) ~[spring-web-7.0.9.jar:7.0.9]
	at org.springframework.security.web.FilterChainProxy$VirtualFilterChain.doFilter(FilterChainProxy.java:385) ~[spring-security-web-7.1.1.jar:7.1.1]
	at org.springframework.security.web.session.DisableEncodeUrlFilter.doFilterInternal(DisableEncodeUrlFilter.java:42) ~[spring-security-web-7.1.1.jar:7.1.1]
	at org.springframework.web.filter.OncePerRequestFilter.doFilter(OncePerRequestFilter.java:116) ~[spring-web-7.0.9.jar:7.0.9]
	at org.springframework.security.web.FilterChainProxy$VirtualFilterChain.doFilter(FilterChainProxy.java:385) ~[spring-security-web-7.1.1.jar:7.1.1]
	at org.springframework.security.web.FilterChainProxy.doFilterInternal(FilterChainProxy.java:237) ~[spring-security-web-7.1.1.jar:7.1.1]
	at org.springframework.security.web.FilterChainProxy.doFilter(FilterChainProxy.java:195) ~[spring-security-web-7.1.1.jar:7.1.1]
	at org.springframework.web.filter.CompositeFilter$VirtualFilterChain.doFilter(CompositeFilter.java:113) ~[spring-web-7.0.9.jar:7.0.9]
	at org.springframework.web.filter.ServletRequestPathFilter.doFilter(ServletRequestPathFilter.java:52) ~[spring-web-7.0.9.jar:7.0.9]
	at org.springframework.web.filter.CompositeFilter$VirtualFilterChain.doFilter(CompositeFilter.java:113) ~[spring-web-7.0.9.jar:7.0.9]
	at org.springframework.web.filter.CompositeFilter.doFilter(CompositeFilter.java:74) ~[spring-web-7.0.9.jar:7.0.9]
	at org.springframework.security.config.annotation.web.configuration.WebSecurityConfiguration$CompositeFilterChainProxy.doFilter(WebSecurityConfiguration.java:317) ~[spring-security-config-7.1.1.jar:7.1.1]
	at org.springframework.web.filter.DelegatingFilterProxy.invokeDelegate(DelegatingFilterProxy.java:355) ~[spring-web-7.0.9.jar:7.0.9]
	at org.springframework.web.filter.DelegatingFilterProxy.doFilter(DelegatingFilterProxy.java:272) ~[spring-web-7.0.9.jar:7.0.9]
	at org.apache.catalina.core.ApplicationFilterChain.doFilter(ApplicationFilterChain.java:111) ~[tomcat-embed-core-11.0.24.jar:11.0.24]
	at org.springframework.web.filter.RequestContextFilter.doFilterInternal(RequestContextFilter.java:100) ~[spring-web-7.0.9.jar:7.0.9]
	at org.springframework.web.filter.OncePerRequestFilter.doFilter(OncePerRequestFilter.java:116) ~[spring-web-7.0.9.jar:7.0.9]
	at org.apache.catalina.core.ApplicationFilterChain.doFilter(ApplicationFilterChain.java:111) ~[tomcat-embed-core-11.0.24.jar:11.0.24]
	at org.springframework.web.filter.FormContentFilter.doFilterInternal(FormContentFilter.java:93) ~[spring-web-7.0.9.jar:7.0.9]
	at org.springframework.web.filter.OncePerRequestFilter.doFilter(OncePerRequestFilter.java:116) ~[spring-web-7.0.9.jar:7.0.9]
	at org.apache.catalina.core.ApplicationFilterChain.doFilter(ApplicationFilterChain.java:111) ~[tomcat-embed-core-11.0.24.jar:11.0.24]
	at org.springframework.web.filter.CharacterEncodingFilter.doFilterInternal(CharacterEncodingFilter.java:199) ~[spring-web-7.0.9.jar:7.0.9]
	at org.springframework.web.filter.OncePerRequestFilter.doFilter(OncePerRequestFilter.java:116) ~[spring-web-7.0.9.jar:7.0.9]
	at org.apache.catalina.core.ApplicationFilterChain.doFilter(ApplicationFilterChain.java:111) ~[tomcat-embed-core-11.0.24.jar:11.0.24]
	at org.apache.catalina.core.StandardWrapperValve.invoke(StandardWrapperValve.java:165) ~[tomcat-embed-core-11.0.24.jar:11.0.24]
	at org.apache.catalina.core.StandardContextValve.invoke(StandardContextValve.java:77) ~[tomcat-embed-core-11.0.24.jar:11.0.24]
	at org.apache.catalina.authenticator.AuthenticatorBase.invoke(AuthenticatorBase.java:535) ~[tomcat-embed-core-11.0.24.jar:11.0.24]
	at org.apache.catalina.core.StandardHostValve.invoke(StandardHostValve.java:115) ~[tomcat-embed-core-11.0.24.jar:11.0.24]
	at org.apache.catalina.valves.ErrorReportValve.invoke(ErrorReportValve.java:86) ~[tomcat-embed-core-11.0.24.jar:11.0.24]
	at org.apache.catalina.core.StandardEngineValve.invoke(StandardEngineValve.java:71) ~[tomcat-embed-core-11.0.24.jar:11.0.24]
	at org.apache.catalina.connector.CoyoteAdapter.service(CoyoteAdapter.java:347) ~[tomcat-embed-core-11.0.24.jar:11.0.24]
	at org.apache.coyote.http11.Http11Processor.service(Http11Processor.java:406) ~[tomcat-embed-core-11.0.24.jar:11.0.24]
	at org.apache.coyote.AbstractProcessorLight.process(AbstractProcessorLight.java:71) ~[tomcat-embed-core-11.0.24.jar:11.0.24]
	at org.apache.coyote.AbstractProtocol$ConnectionHandler.process(AbstractProtocol.java:1307) ~[tomcat-embed-core-11.0.24.jar:11.0.24]
	at org.apache.tomcat.util.net.NioEndpoint$SocketProcessor.doRun(NioEndpoint.java:2036) ~[tomcat-embed-core-11.0.24.jar:11.0.24]
	at org.apache.tomcat.util.net.SocketProcessorBase.run(SocketProcessorBase.java:74) ~[tomcat-embed-core-11.0.24.jar:11.0.24]
	at org.apache.tomcat.util.threads.ThreadPoolExecutor.runWorker(ThreadPoolExecutor.java:949) ~[tomcat-embed-core-11.0.24.jar:11.0.24]
	at org.apache.tomcat.util.threads.ThreadPoolExecutor$Worker.run(ThreadPoolExecutor.java:483) ~[tomcat-embed-core-11.0.24.jar:11.0.24]
	at org.apache.tomcat.util.threads.TaskThread$WrappingRunnable.run(TaskThread.java:74) ~[tomcat-embed-core-11.0.24.jar:11.0.24]
	at java.base/java.lang.Thread.run(Thread.java:1583) ~[na:na]

2026-10-04T14:38:08.336+05:30  INFO 27360 --- [AIG-ForgeHub] [http-nio-8080-exec-9] c.e.AIG_ForgeHub.security.JwtAuthFilter  : JWT authentication successful for user: shreyachindam1123@gmail.com with role: VENDOR
2026-10-04T14:38:08.346+05:30  INFO 27360 --- [AIG-ForgeHub] [http-nio-8080-exec-10] c.e.AIG_ForgeHub.security.JwtAuthFilter  : JWT authentication successful for user: shreyachindam1123@gmail.com with role: VENDOR
2026-10-04T14:38:08.352+05:30 ERROR 27360 --- [AIG-ForgeHub] [http-nio-8080-exec-10] c.e.A.exception.GlobalExceptionHandler   : Unexpected error at /favicon.ico: No static resource favicon.ico for request '/favicon.ico'.

org.springframework.web.servlet.resource.NoResourceFoundException: No static resource favicon.ico for request '/favicon.ico'.
	at org.springframework.web.servlet.resource.ResourceHttpRequestHandler.handleRequest(ResourceHttpRequestHandler.java:527) ~[spring-webmvc-7.0.9.jar:7.0.9]
	at org.springframework.web.servlet.mvc.HttpRequestHandlerAdapter.handle(HttpRequestHandlerAdapter.java:50) ~[spring-webmvc-7.0.9.jar:7.0.9]
	at org.springframework.web.servlet.DispatcherServlet.doDispatch(DispatcherServlet.java:963) ~[spring-webmvc-7.0.9.jar:7.0.9]
	at org.springframework.web.servlet.DispatcherServlet.doService(DispatcherServlet.java:866) ~[spring-webmvc-7.0.9.jar:7.0.9]
	at org.springframework.web.servlet.FrameworkServlet.processRequest(FrameworkServlet.java:1000) ~[spring-webmvc-7.0.9.jar:7.0.9]
	at org.springframework.web.servlet.FrameworkServlet.doGet(FrameworkServlet.java:892) ~[spring-webmvc-7.0.9.jar:7.0.9]
	at jakarta.servlet.http.HttpServlet.service(HttpServlet.java:622) ~[tomcat-embed-core-11.0.24.jar:6.1]
	at org.springframework.web.servlet.FrameworkServlet.service(FrameworkServlet.java:874) ~[spring-webmvc-7.0.9.jar:7.0.9]
	at jakarta.servlet.http.HttpServlet.service(HttpServlet.java:710) ~[tomcat-embed-core-11.0.24.jar:6.1]
	at org.apache.catalina.core.ApplicationFilterChain.doFilter(ApplicationFilterChain.java:132) ~[tomcat-embed-core-11.0.24.jar:11.0.24]
	at org.apache.tomcat.websocket.server.WsFilter.doFilter(WsFilter.java:59) ~[tomcat-embed-websocket-11.0.24.jar:11.0.24]
	at org.apache.catalina.core.ApplicationFilterChain.doFilter(ApplicationFilterChain.java:111) ~[tomcat-embed-core-11.0.24.jar:11.0.24]
	at org.springframework.web.filter.OncePerRequestFilter.doFilter(OncePerRequestFilter.java:110) ~[spring-web-7.0.9.jar:7.0.9]
	at org.apache.catalina.core.ApplicationFilterChain.doFilter(ApplicationFilterChain.java:111) ~[tomcat-embed-core-11.0.24.jar:11.0.24]
	at org.springframework.web.filter.CompositeFilter$VirtualFilterChain.doFilter(CompositeFilter.java:108) ~[spring-web-7.0.9.jar:7.0.9]
	at org.springframework.security.web.FilterChainProxy.lambda$doFilterInternal$2(FilterChainProxy.java:235) ~[spring-security-web-7.1.1.jar:7.1.1]
	at org.springframework.security.web.FilterChainProxy$VirtualFilterChain.doFilter(FilterChainProxy.java:376) ~[spring-security-web-7.1.1.jar:7.1.1]
	at org.springframework.security.web.access.intercept.AuthorizationFilter.doFilter(AuthorizationFilter.java:101) ~[spring-security-web-7.1.1.jar:7.1.1]
	at org.springframework.security.web.FilterChainProxy$VirtualFilterChain.doFilter(FilterChainProxy.java:385) ~[spring-security-web-7.1.1.jar:7.1.1]
	at org.springframework.security.web.access.ExceptionTranslationFilter.doFilter(ExceptionTranslationFilter.java:126) ~[spring-security-web-7.1.1.jar:7.1.1]
	at org.springframework.security.web.access.ExceptionTranslationFilter.doFilter(ExceptionTranslationFilter.java:120) ~[spring-security-web-7.1.1.jar:7.1.1]
	at org.springframework.security.web.FilterChainProxy$VirtualFilterChain.doFilter(FilterChainProxy.java:385) ~[spring-security-web-7.1.1.jar:7.1.1]
	at org.springframework.security.web.session.SessionManagementFilter.doFilter(SessionManagementFilter.java:132) ~[spring-security-web-7.1.1.jar:7.1.1]
	at org.springframework.security.web.session.SessionManagementFilter.doFilter(SessionManagementFilter.java:86) ~[spring-security-web-7.1.1.jar:7.1.1]
	at org.springframework.security.web.FilterChainProxy$VirtualFilterChain.doFilter(FilterChainProxy.java:385) ~[spring-security-web-7.1.1.jar:7.1.1]
	at org.springframework.security.web.authentication.AnonymousAuthenticationFilter.doFilter(AnonymousAuthenticationFilter.java:100) ~[spring-security-web-7.1.1.jar:7.1.1]
	at org.springframework.security.web.FilterChainProxy$VirtualFilterChain.doFilter(FilterChainProxy.java:385) ~[spring-security-web-7.1.1.jar:7.1.1]
	at org.springframework.security.web.servletapi.SecurityContextHolderAwareRequestFilter.doFilter(SecurityContextHolderAwareRequestFilter.java:181) ~[spring-security-web-7.1.1.jar:7.1.1]
	at org.springframework.security.web.FilterChainProxy$VirtualFilterChain.doFilter(FilterChainProxy.java:385) ~[spring-security-web-7.1.1.jar:7.1.1]
	at org.springframework.security.web.savedrequest.RequestCacheAwareFilter.doFilter(RequestCacheAwareFilter.java:63) ~[spring-security-web-7.1.1.jar:7.1.1]
	at org.springframework.security.web.FilterChainProxy$VirtualFilterChain.doFilter(FilterChainProxy.java:385) ~[spring-security-web-7.1.1.jar:7.1.1]
	at com.example.AIG_ForgeHub.security.JwtAuthFilter.doFilterInternal(JwtAuthFilter.java:88) ~[classes/:na]
	at org.springframework.web.filter.OncePerRequestFilter.doFilter(OncePerRequestFilter.java:116) ~[spring-web-7.0.9.jar:7.0.9]
	at org.springframework.security.web.FilterChainProxy$VirtualFilterChain.doFilter(FilterChainProxy.java:385) ~[spring-security-web-7.1.1.jar:7.1.1]
	at org.springframework.security.web.authentication.logout.LogoutFilter.doFilter(LogoutFilter.java:110) ~[spring-security-web-7.1.1.jar:7.1.1]
	at org.springframework.security.web.authentication.logout.LogoutFilter.doFilter(LogoutFilter.java:96) ~[spring-security-web-7.1.1.jar:7.1.1]
	at org.springframework.security.web.FilterChainProxy$VirtualFilterChain.doFilter(FilterChainProxy.java:385) ~[spring-security-web-7.1.1.jar:7.1.1]
	at org.springframework.security.web.header.HeaderWriterFilter.doHeadersAfter(HeaderWriterFilter.java:90) ~[spring-security-web-7.1.1.jar:7.1.1]
	at org.springframework.security.web.header.HeaderWriterFilter.doFilterInternal(HeaderWriterFilter.java:75) ~[spring-security-web-7.1.1.jar:7.1.1]
	at org.springframework.web.filter.OncePerRequestFilter.doFilter(OncePerRequestFilter.java:116) ~[spring-web-7.0.9.jar:7.0.9]
	at org.springframework.security.web.FilterChainProxy$VirtualFilterChain.doFilter(FilterChainProxy.java:385) ~[spring-security-web-7.1.1.jar:7.1.1]
	at org.springframework.security.web.context.SecurityContextHolderFilter.doFilter(SecurityContextHolderFilter.java:82) ~[spring-security-web-7.1.1.jar:7.1.1]
	at org.springframework.security.web.context.SecurityContextHolderFilter.doFilter(SecurityContextHolderFilter.java:69) ~[spring-security-web-7.1.1.jar:7.1.1]
	at org.springframework.security.web.FilterChainProxy$VirtualFilterChain.doFilter(FilterChainProxy.java:385) ~[spring-security-web-7.1.1.jar:7.1.1]
	at org.springframework.security.web.context.request.async.WebAsyncManagerIntegrationFilter.doFilterInternal(WebAsyncManagerIntegrationFilter.java:62) ~[spring-security-web-7.1.1.jar:7.1.1]
	at org.springframework.web.filter.OncePerRequestFilter.doFilter(OncePerRequestFilter.java:116) ~[spring-web-7.0.9.jar:7.0.9]
	at org.springframework.security.web.FilterChainProxy$VirtualFilterChain.doFilter(FilterChainProxy.java:385) ~[spring-security-web-7.1.1.jar:7.1.1]
	at org.springframework.security.web.session.DisableEncodeUrlFilter.doFilterInternal(DisableEncodeUrlFilter.java:42) ~[spring-security-web-7.1.1.jar:7.1.1]
	at org.springframework.web.filter.OncePerRequestFilter.doFilter(OncePerRequestFilter.java:116) ~[spring-web-7.0.9.jar:7.0.9]
	at org.springframework.security.web.FilterChainProxy$VirtualFilterChain.doFilter(FilterChainProxy.java:385) ~[spring-security-web-7.1.1.jar:7.1.1]
	at org.springframework.security.web.FilterChainProxy.doFilterInternal(FilterChainProxy.java:237) ~[spring-security-web-7.1.1.jar:7.1.1]
	at org.springframework.security.web.FilterChainProxy.doFilter(FilterChainProxy.java:195) ~[spring-security-web-7.1.1.jar:7.1.1]
	at org.springframework.web.filter.CompositeFilter$VirtualFilterChain.doFilter(CompositeFilter.java:113) ~[spring-web-7.0.9.jar:7.0.9]
	at org.springframework.web.filter.ServletRequestPathFilter.doFilter(ServletRequestPathFilter.java:52) ~[spring-web-7.0.9.jar:7.0.9]
	at org.springframework.web.filter.CompositeFilter$VirtualFilterChain.doFilter(CompositeFilter.java:113) ~[spring-web-7.0.9.jar:7.0.9]
	at org.springframework.web.filter.CompositeFilter.doFilter(CompositeFilter.java:74) ~[spring-web-7.0.9.jar:7.0.9]
	at org.springframework.security.config.annotation.web.configuration.WebSecurityConfiguration$CompositeFilterChainProxy.doFilter(WebSecurityConfiguration.java:317) ~[spring-security-config-7.1.1.jar:7.1.1]
	at org.springframework.web.filter.DelegatingFilterProxy.invokeDelegate(DelegatingFilterProxy.java:355) ~[spring-web-7.0.9.jar:7.0.9]
	at org.springframework.web.filter.DelegatingFilterProxy.doFilter(DelegatingFilterProxy.java:272) ~[spring-web-7.0.9.jar:7.0.9]
	at org.apache.catalina.core.ApplicationFilterChain.doFilter(ApplicationFilterChain.java:111) ~[tomcat-embed-core-11.0.24.jar:11.0.24]
	at org.springframework.web.filter.RequestContextFilter.doFilterInternal(RequestContextFilter.java:100) ~[spring-web-7.0.9.jar:7.0.9]
	at org.springframework.web.filter.OncePerRequestFilter.doFilter(OncePerRequestFilter.java:116) ~[spring-web-7.0.9.jar:7.0.9]
	at org.apache.catalina.core.ApplicationFilterChain.doFilter(ApplicationFilterChain.java:111) ~[tomcat-embed-core-11.0.24.jar:11.0.24]
	at org.springframework.web.filter.FormContentFilter.doFilterInternal(FormContentFilter.java:93) ~[spring-web-7.0.9.jar:7.0.9]
	at org.springframework.web.filter.OncePerRequestFilter.doFilter(OncePerRequestFilter.java:116) ~[spring-web-7.0.9.jar:7.0.9]
	at org.apache.catalina.core.ApplicationFilterChain.doFilter(ApplicationFilterChain.java:111) ~[tomcat-embed-core-11.0.24.jar:11.0.24]
	at org.springframework.web.filter.CharacterEncodingFilter.doFilterInternal(CharacterEncodingFilter.java:199) ~[spring-web-7.0.9.jar:7.0.9]
	at org.springframework.web.filter.OncePerRequestFilter.doFilter(OncePerRequestFilter.java:116) ~[spring-web-7.0.9.jar:7.0.9]
	at org.apache.catalina.core.ApplicationFilterChain.doFilter(ApplicationFilterChain.java:111) ~[tomcat-embed-core-11.0.24.jar:11.0.24]
	at org.apache.catalina.core.StandardWrapperValve.invoke(StandardWrapperValve.java:165) ~[tomcat-embed-core-11.0.24.jar:11.0.24]
	at org.apache.catalina.core.StandardContextValve.invoke(StandardContextValve.java:77) ~[tomcat-embed-core-11.0.24.jar:11.0.24]
	at org.apache.catalina.authenticator.AuthenticatorBase.invoke(AuthenticatorBase.java:535) ~[tomcat-embed-core-11.0.24.jar:11.0.24]
	at org.apache.catalina.core.StandardHostValve.invoke(StandardHostValve.java:115) ~[tomcat-embed-core-11.0.24.jar:11.0.24]
	at org.apache.catalina.valves.ErrorReportValve.invoke(ErrorReportValve.java:86) ~[tomcat-embed-core-11.0.24.jar:11.0.24]
	at org.apache.catalina.core.StandardEngineValve.invoke(StandardEngineValve.java:71) ~[tomcat-embed-core-11.0.24.jar:11.0.24]
	at org.apache.catalina.connector.CoyoteAdapter.service(CoyoteAdapter.java:347) ~[tomcat-embed-core-11.0.24.jar:11.0.24]
	at org.apache.coyote.http11.Http11Processor.service(Http11Processor.java:406) ~[tomcat-embed-core-11.0.24.jar:11.0.24]
	at org.apache.coyote.AbstractProcessorLight.process(AbstractProcessorLight.java:71) ~[tomcat-embed-core-11.0.24.jar:11.0.24]
	at org.apache.coyote.AbstractProtocol$ConnectionHandler.process(AbstractProtocol.java:1307) ~[tomcat-embed-core-11.0.24.jar:11.0.24]
	at org.apache.tomcat.util.net.NioEndpoint$SocketProcessor.doRun(NioEndpoint.java:2036) ~[tomcat-embed-core-11.0.24.jar:11.0.24]
	at org.apache.tomcat.util.net.SocketProcessorBase.run(SocketProcessorBase.java:74) ~[tomcat-embed-core-11.0.24.jar:11.0.24]
	at org.apache.tomcat.util.threads.ThreadPoolExecutor.runWorker(ThreadPoolExecutor.java:949) ~[tomcat-embed-core-11.0.24.jar:11.0.24]
	at org.apache.tomcat.util.threads.ThreadPoolExecutor$Worker.run(ThreadPoolExecutor.java:483) ~[tomcat-embed-core-11.0.24.jar:11.0.24]
	at org.apache.tomcat.util.threads.TaskThread$WrappingRunnable.run(TaskThread.java:74) ~[tomcat-embed-core-11.0.24.jar:11.0.24]
	at java.base/java.lang.Thread.run(Thread.java:1583) ~[na:na]

2026-10-04T14:38:08.390+05:30  INFO 27360 --- [AIG-ForgeHub] [http-nio-8080-exec-1] c.e.AIG_ForgeHub.security.JwtAuthFilter  : JWT authentication successful for user: shreyachindam1123@gmail.com with role: VENDOR
2026-10-04T14:38:31.247+05:30  INFO 27360 --- [AIG-ForgeHub] [http-nio-8080-exec-2] c.e.AIG_ForgeHub.security.JwtAuthFilter  : JWT authentication successful for user: shreyachindam1123@gmail.com with role: VENDOR
2026-10-04T14:38:31.269+05:30  INFO 27360 --- [AIG-ForgeHub] [http-nio-8080-exec-2] c.e.A.s.RefreshTokenServiceImpl          : Refresh token marked revoked for user: shreyachindam1123@gmail.com
2026-10-04T14:38:31.270+05:30  INFO 27360 --- [AIG-ForgeHub] [http-nio-8080-exec-2] c.e.A.serviceImp.AuthServiceImpl         : Refresh token revoked successfully
2026-10-04T14:38:31.270+05:30  INFO 27360 --- [AIG-ForgeHub] [http-nio-8080-exec-2] c.e.A.controller.AuthController          : Logout successful
2026-10-04T14:38:48.302+05:30  INFO 27360 --- [AIG-ForgeHub] [SpringApplicationShutdownHook] o.s.boot.tomcat.GracefulShutdown         : Commencing graceful shutdown. Waiting for active requests to complete
2026-10-04T14:38:48.308+05:30  INFO 27360 --- [AIG-ForgeHub] [tomcat-shutdown] o.s.boot.tomcat.GracefulShutdown         : Graceful shutdown complete
2026-10-04T14:38:48.311+05:30  INFO 27360 --- [AIG-ForgeHub] [SpringApplicationShutdownHook] j.LocalContainerEntityManagerFactoryBean : Closing JPA EntityManagerFactory for persistence unit 'default'
2026-10-04T14:38:48.313+05:30  INFO 27360 --- [AIG-ForgeHub] [SpringApplicationShutdownHook] com.zaxxer.hikari.HikariDataSource       : HikariPool-1 - Shutdown initiated...
2026-10-04T14:38:48.318+05:30  INFO 27360 --- [AIG-ForgeHub] [SpringApplicationShutdownHook] com.zaxxer.hikari.HikariDataSource       : HikariPool-1 - Shutdown completed.
2026-10-04T20:44:08.174+05:30  INFO 12440 --- [AIG-ForgeHub] [main] c.e.AIG_ForgeHub.AigForgeHubApplication  : Starting AigForgeHubApplication using Java 21.0.11 with PID 12440 (C:\Users\Saikiran\Downloads\AIG-ForgeHub\target\classes started by Saikiran in C:\Users\Saikiran\Downloads\AIG-ForgeHub)
2026-10-04T20:44:08.178+05:30  INFO 12440 --- [AIG-ForgeHub] [main] c.e.AIG_ForgeHub.AigForgeHubApplication  : No active profile set, falling back to 1 default profile: "default"
2026-10-04T20:44:08.980+05:30  INFO 12440 --- [AIG-ForgeHub] [main] .s.d.r.c.RepositoryConfigurationDelegate : Bootstrapping Spring Data JPA repositories in DEFAULT mode.
2026-10-04T20:44:09.051+05:30  INFO 12440 --- [AIG-ForgeHub] [main] .s.d.r.c.RepositoryConfigurationDelegate : Finished Spring Data repository scanning in 59 ms. Found 1 JPA repository interface.
2026-10-04T20:44:09.635+05:30  INFO 12440 --- [AIG-ForgeHub] [main] o.s.boot.tomcat.TomcatWebServer          : Tomcat initialized with port 8080 (http)
2026-10-04T20:44:09.651+05:30  INFO 12440 --- [AIG-ForgeHub] [main] o.apache.catalina.core.StandardService   : Starting service [Tomcat]
2026-10-04T20:44:09.652+05:30  INFO 12440 --- [AIG-ForgeHub] [main] o.apache.catalina.core.StandardEngine    : Starting Servlet engine: [Apache Tomcat/11.0.24]
2026-10-04T20:44:09.720+05:30  INFO 12440 --- [AIG-ForgeHub] [main] b.w.c.s.WebApplicationContextInitializer : Root WebApplicationContext: initialization completed in 1480 ms
2026-10-04T20:44:09.736+05:30  INFO 12440 --- [AIG-ForgeHub] [main] c.e.AIG_ForgeHub.security.JwtService     : JwtService initialized successfully
2026-10-04T20:44:09.932+05:30  INFO 12440 --- [AIG-ForgeHub] [main] org.hibernate.orm.jpa                    : HHH008540: Processing PersistenceUnitInfo [name: default]
2026-10-04T20:44:10.014+05:30  INFO 12440 --- [AIG-ForgeHub] [main] org.hibernate.orm.core                   : HHH000001: Hibernate ORM core version 7.4.5.Final
2026-10-04T20:44:10.589+05:30  INFO 12440 --- [AIG-ForgeHub] [main] o.s.o.j.p.SpringPersistenceUnitInfo      : No LoadTimeWeaver setup: ignoring JPA class transformer
2026-10-04T20:44:10.635+05:30  INFO 12440 --- [AIG-ForgeHub] [main] com.zaxxer.hikari.HikariDataSource       : HikariPool-1 - Starting...
2026-10-04T20:44:11.152+05:30  INFO 12440 --- [AIG-ForgeHub] [main] com.zaxxer.hikari.pool.HikariPool        : HikariPool-1 - Added connection com.mysql.cj.jdbc.ConnectionImpl@5a9051fd
2026-10-04T20:44:11.155+05:30  INFO 12440 --- [AIG-ForgeHub] [main] com.zaxxer.hikari.HikariDataSource       : HikariPool-1 - Start completed.
2026-10-04T20:44:11.277+05:30  INFO 12440 --- [AIG-ForgeHub] [main] org.hibernate.orm.connections.pooling    : HHH10001005: Database info:
	Database JDBC URL [jdbc:mysql://localhost:3306/forgehub]
	Database driver: MySQL Connector/J
	Database dialect: MySQLDialect
	Database version: 8.0.42
	Default catalog/schema: forgehub/undefined
	Autocommit mode: undefined/unknown
	Isolation level: REPEATABLE_READ [default REPEATABLE_READ]
	JDBC fetch size: none
	Pool: DataSourceConnectionProvider
	Minimum pool size: undefined/unknown
	Maximum pool size: undefined/unknown
2026-10-04T20:44:12.627+05:30  INFO 12440 --- [AIG-ForgeHub] [main] org.hibernate.orm.core                   : HHH000489: No JTA platform available (set 'hibernate.transaction.jta.platform' to enable JTA platform integration)
2026-10-04T20:44:12.639+05:30  INFO 12440 --- [AIG-ForgeHub] [main] j.LocalContainerEntityManagerFactoryBean : Initialized JPA EntityManagerFactory for persistence unit 'default'
2026-10-04T20:44:12.772+05:30  INFO 12440 --- [AIG-ForgeHub] [main] o.s.d.j.r.query.QueryEnhancerFactories   : Hibernate is in classpath; If applicable, HQL parser will be used.
2026-10-04T20:44:13.054+05:30  WARN 12440 --- [AIG-ForgeHub] [main] JpaBaseConfiguration$JpaWebConfiguration : spring.jpa.open-in-view is enabled by default. Therefore, database queries may be performed during view rendering. Explicitly configure spring.jpa.open-in-view to disable this warning
2026-10-04T20:44:13.157+05:30  INFO 12440 --- [AIG-ForgeHub] [main] r$InitializeUserDetailsManagerConfigurer : Global AuthenticationManager configured with UserDetailsService bean with name customUserDetailsService
2026-10-04T20:44:13.655+05:30  INFO 12440 --- [AIG-ForgeHub] [main] o.s.boot.tomcat.TomcatWebServer          : Tomcat started on port 8080 (http) with context path '/'
2026-10-04T20:44:13.662+05:30  INFO 12440 --- [AIG-ForgeHub] [main] c.e.AIG_ForgeHub.AigForgeHubApplication  : Started AigForgeHubApplication in 6.2 seconds (process running for 7.017)
2026-10-04T22:40:02.213+05:30  INFO 12440 --- [AIG-ForgeHub] [SpringApplicationShutdownHook] o.s.boot.tomcat.GracefulShutdown         : Commencing graceful shutdown. Waiting for active requests to complete
2026-10-04T22:40:02.248+05:30  INFO 12440 --- [AIG-ForgeHub] [tomcat-shutdown] o.s.boot.tomcat.GracefulShutdown         : Graceful shutdown complete
2026-10-04T22:40:02.271+05:30  INFO 12440 --- [AIG-ForgeHub] [SpringApplicationShutdownHook] j.LocalContainerEntityManagerFactoryBean : Closing JPA EntityManagerFactory for persistence unit 'default'
2026-10-04T22:40:02.309+05:30  INFO 12440 --- [AIG-ForgeHub] [SpringApplicationShutdownHook] com.zaxxer.hikari.HikariDataSource       : HikariPool-1 - Shutdown initiated...
2026-10-04T22:40:02.318+05:30  INFO 12440 --- [AIG-ForgeHub] [SpringApplicationShutdownHook] com.zaxxer.hikari.HikariDataSource       : HikariPool-1 - Shutdown completed.
2026-10-04T23:37:47.004+05:30  INFO 3044 --- [AIG-ForgeHub] [main] c.e.AIG_ForgeHub.AigForgeHubApplication  : Starting AigForgeHubApplication using Java 21.0.11 with PID 3044 (C:\Users\Saikiran\Downloads\AIG-ForgeHub\target\classes started by Saikiran in C:\Users\Saikiran\Downloads\AIG-ForgeHub)
2026-10-04T23:37:47.008+05:30  INFO 3044 --- [AIG-ForgeHub] [main] c.e.AIG_ForgeHub.AigForgeHubApplication  : No active profile set, falling back to 1 default profile: "default"
2026-10-04T23:37:47.824+05:30  INFO 3044 --- [AIG-ForgeHub] [main] .s.d.r.c.RepositoryConfigurationDelegate : Bootstrapping Spring Data JPA repositories in DEFAULT mode.
2026-10-04T23:37:47.901+05:30  INFO 3044 --- [AIG-ForgeHub] [main] .s.d.r.c.RepositoryConfigurationDelegate : Finished Spring Data repository scanning in 67 ms. Found 6 JPA repository interfaces.
2026-10-04T23:37:48.538+05:30  INFO 3044 --- [AIG-ForgeHub] [main] o.s.boot.tomcat.TomcatWebServer          : Tomcat initialized with port 8080 (http)
2026-10-04T23:37:48.552+05:30  INFO 3044 --- [AIG-ForgeHub] [main] o.apache.catalina.core.StandardService   : Starting service [Tomcat]
2026-10-04T23:37:48.553+05:30  INFO 3044 --- [AIG-ForgeHub] [main] o.apache.catalina.core.StandardEngine    : Starting Servlet engine: [Apache Tomcat/11.0.24]
2026-10-04T23:37:48.633+05:30  INFO 3044 --- [AIG-ForgeHub] [main] b.w.c.s.WebApplicationContextInitializer : Root WebApplicationContext: initialization completed in 1578 ms
2026-10-04T23:37:48.648+05:30  INFO 3044 --- [AIG-ForgeHub] [main] c.e.AIG_ForgeHub.security.JwtService     : JwtService initialized successfully
2026-10-04T23:37:48.844+05:30  INFO 3044 --- [AIG-ForgeHub] [main] org.hibernate.orm.jpa                    : HHH008540: Processing PersistenceUnitInfo [name: default]
2026-10-04T23:37:48.915+05:30  INFO 3044 --- [AIG-ForgeHub] [main] org.hibernate.orm.core                   : HHH000001: Hibernate ORM core version 7.4.5.Final
2026-10-04T23:37:49.478+05:30  INFO 3044 --- [AIG-ForgeHub] [main] o.s.o.j.p.SpringPersistenceUnitInfo      : No LoadTimeWeaver setup: ignoring JPA class transformer
2026-10-04T23:37:49.515+05:30  INFO 3044 --- [AIG-ForgeHub] [main] com.zaxxer.hikari.HikariDataSource       : HikariPool-1 - Starting...
2026-10-04T23:37:49.923+05:30  INFO 3044 --- [AIG-ForgeHub] [main] com.zaxxer.hikari.pool.HikariPool        : HikariPool-1 - Added connection com.mysql.cj.jdbc.ConnectionImpl@2059f785
2026-10-04T23:37:49.925+05:30  INFO 3044 --- [AIG-ForgeHub] [main] com.zaxxer.hikari.HikariDataSource       : HikariPool-1 - Start completed.
2026-10-04T23:37:50.022+05:30  INFO 3044 --- [AIG-ForgeHub] [main] org.hibernate.orm.connections.pooling    : HHH10001005: Database info:
	Database JDBC URL [jdbc:mysql://localhost:3306/forgehub]
	Database driver: MySQL Connector/J
	Database dialect: MySQLDialect
	Database version: 8.0.42
	Default catalog/schema: forgehub/undefined
	Autocommit mode: undefined/unknown
	Isolation level: REPEATABLE_READ [default REPEATABLE_READ]
	JDBC fetch size: none
	Pool: DataSourceConnectionProvider
	Minimum pool size: undefined/unknown
	Maximum pool size: undefined/unknown
2026-10-04T23:37:51.271+05:30  INFO 3044 --- [AIG-ForgeHub] [main] org.hibernate.orm.core                   : HHH000489: No JTA platform available (set 'hibernate.transaction.jta.platform' to enable JTA platform integration)
2026-10-04T23:37:51.278+05:30  INFO 3044 --- [AIG-ForgeHub] [main] j.LocalContainerEntityManagerFactoryBean : Initialized JPA EntityManagerFactory for persistence unit 'default'
2026-10-04T23:37:51.366+05:30  INFO 3044 --- [AIG-ForgeHub] [main] o.s.d.j.r.query.QueryEnhancerFactories   : Hibernate is in classpath; If applicable, HQL parser will be used.
2026-10-04T23:37:52.973+05:30  WARN 3044 --- [AIG-ForgeHub] [main] JpaBaseConfiguration$JpaWebConfiguration : spring.jpa.open-in-view is enabled by default. Therefore, database queries may be performed during view rendering. Explicitly configure spring.jpa.open-in-view to disable this warning
2026-10-04T23:37:53.000+05:30  INFO 3044 --- [AIG-ForgeHub] [main] r$InitializeUserDetailsManagerConfigurer : Global AuthenticationManager configured with UserDetailsService bean with name customUserDetailsService
2026-10-04T23:37:53.597+05:30  INFO 3044 --- [AIG-ForgeHub] [main] o.s.boot.tomcat.TomcatWebServer          : Tomcat started on port 8080 (http) with context path '/'
2026-10-04T23:37:53.601+05:30  INFO 3044 --- [AIG-ForgeHub] [main] c.e.AIG_ForgeHub.AigForgeHubApplication  : Started AigForgeHubApplication in 7.165 seconds (process running for 7.812)
2026-10-04T23:38:40.063+05:30  INFO 3044 --- [AIG-ForgeHub] [http-nio-8080-exec-1] o.a.c.c.C.[Tomcat].[localhost].[/]       : Initializing Spring DispatcherServlet 'dispatcherServlet'
2026-10-04T23:38:40.065+05:30  INFO 3044 --- [AIG-ForgeHub] [http-nio-8080-exec-1] o.s.web.servlet.DispatcherServlet        : Initializing Servlet 'dispatcherServlet'
2026-10-04T23:38:40.080+05:30  INFO 3044 --- [AIG-ForgeHub] [http-nio-8080-exec-1] o.s.web.servlet.DispatcherServlet        : Completed initialization in 10 ms
2026-10-04T23:38:55.662+05:30  INFO 3044 --- [AIG-ForgeHub] [http-nio-8080-exec-8] c.e.A.controller.AuthController          : Login attempt for email: shreyachindam1123@gmail.com
2026-10-04T23:38:55.662+05:30  INFO 3044 --- [AIG-ForgeHub] [http-nio-8080-exec-8] c.e.A.serviceImpl.AuthServiceImpl        : Authenticating user: shreyachindam1123@gmail.com
2026-10-04T23:38:55.749+05:30  INFO 3044 --- [AIG-ForgeHub] [http-nio-8080-exec-8] c.e.A.s.CustomUserDetailsService         : Loading user details for authentication: shreyachindam1123@gmail.com
2026-10-04T23:38:56.393+05:30  INFO 3044 --- [AIG-ForgeHub] [http-nio-8080-exec-8] c.e.A.serviceImpl.AuthServiceImpl        : Password authentication successful for user: shreyachindam1123@gmail.com
2026-10-04T23:38:56.399+05:30  INFO 3044 --- [AIG-ForgeHub] [http-nio-8080-exec-8] c.e.A.serviceImpl.AuthServiceImpl        : MFA verification required for user: shreyachindam1123@gmail.com
2026-10-04T23:38:56.401+05:30  INFO 3044 --- [AIG-ForgeHub] [http-nio-8080-exec-8] c.e.A.controller.AuthController          : Password authentication verified for email: shreyachindam1123@gmail.com
2026-10-04T23:38:56.402+05:30  INFO 3044 --- [AIG-ForgeHub] [http-nio-8080-exec-8] c.e.A.controller.AuthController          : Existing user requires 2FA verification for email: shreyachindam1123@gmail.com
2026-10-04T23:39:08.413+05:30  INFO 3044 --- [AIG-ForgeHub] [http-nio-8080-exec-2] c.e.A.controller.TwoFactorController     : 2FA OTP verification request received for user: shreyachindam1123@gmail.com
2026-10-04T23:39:08.414+05:30  INFO 3044 --- [AIG-ForgeHub] [http-nio-8080-exec-2] c.e.A.serviceImpl.TwoFactorServiceImpl   : 2FA OTP verification requested for user: shreyachindam1123@gmail.com
2026-10-04T23:39:08.434+05:30  INFO 3044 --- [AIG-ForgeHub] [http-nio-8080-exec-2] c.e.A.serviceImpl.TwoFactorServiceImpl   : 2FA OTP verified successfully for user: shreyachindam1123@gmail.com
2026-10-04T23:39:08.434+05:30  INFO 3044 --- [AIG-ForgeHub] [http-nio-8080-exec-2] c.e.A.serviceImpl.AuthServiceImpl        : Completing 2FA authentication for user: shreyachindam1123@gmail.com
2026-10-04T23:39:08.646+05:30  INFO 3044 --- [AIG-ForgeHub] [http-nio-8080-exec-2] c.e.A.s.RefreshTokenServiceImpl          : New refresh token generated and stored for user: shreyachindam1123@gmail.com with revoked=false
2026-10-04T23:39:08.649+05:30  INFO 3044 --- [AIG-ForgeHub] [http-nio-8080-exec-2] c.e.A.serviceImpl.AuthServiceImpl        : 2FA authentication completed successfully for user: shreyachindam1123@gmail.com
2026-10-04T23:39:08.664+05:30  INFO 3044 --- [AIG-ForgeHub] [http-nio-8080-exec-2] c.e.A.controller.TwoFactorController     : 2FA verification successful for user: shreyachindam1123@gmail.com
2026-10-04T23:39:08.734+05:30  INFO 3044 --- [AIG-ForgeHub] [http-nio-8080-exec-4] c.e.AIG_ForgeHub.security.JwtAuthFilter  : JWT authentication successful for user: shreyachindam1123@gmail.com with role: VENDOR
2026-10-04T23:39:08.745+05:30  INFO 3044 --- [AIG-ForgeHub] [http-nio-8080-exec-3] c.e.AIG_ForgeHub.security.JwtAuthFilter  : JWT authentication successful for user: shreyachindam1123@gmail.com with role: VENDOR
2026-10-04T23:39:08.789+05:30  INFO 3044 --- [AIG-ForgeHub] [http-nio-8080-exec-5] c.e.AIG_ForgeHub.security.JwtAuthFilter  : JWT authentication successful for user: shreyachindam1123@gmail.com with role: VENDOR
2026-10-04T23:39:08.824+05:30  INFO 3044 --- [AIG-ForgeHub] [http-nio-8080-exec-7] c.e.AIG_ForgeHub.security.JwtAuthFilter  : JWT authentication successful for user: shreyachindam1123@gmail.com with role: VENDOR
2026-10-04T23:39:08.831+05:30 ERROR 3044 --- [AIG-ForgeHub] [http-nio-8080-exec-7] c.e.A.exception.GlobalExceptionHandler   : Unexpected error | method=GET path=/favicon.ico

org.springframework.web.servlet.resource.NoResourceFoundException: No static resource favicon.ico for request '/favicon.ico'.
	at org.springframework.web.servlet.resource.ResourceHttpRequestHandler.handleRequest(ResourceHttpRequestHandler.java:527) ~[spring-webmvc-7.0.9.jar:7.0.9]
	at org.springframework.web.servlet.mvc.HttpRequestHandlerAdapter.handle(HttpRequestHandlerAdapter.java:50) ~[spring-webmvc-7.0.9.jar:7.0.9]
	at org.springframework.web.servlet.DispatcherServlet.doDispatch(DispatcherServlet.java:963) ~[spring-webmvc-7.0.9.jar:7.0.9]
	at org.springframework.web.servlet.DispatcherServlet.doService(DispatcherServlet.java:866) ~[spring-webmvc-7.0.9.jar:7.0.9]
	at org.springframework.web.servlet.FrameworkServlet.processRequest(FrameworkServlet.java:1000) ~[spring-webmvc-7.0.9.jar:7.0.9]
	at org.springframework.web.servlet.FrameworkServlet.doGet(FrameworkServlet.java:892) ~[spring-webmvc-7.0.9.jar:7.0.9]
	at jakarta.servlet.http.HttpServlet.service(HttpServlet.java:622) ~[tomcat-embed-core-11.0.24.jar:6.1]
	at org.springframework.web.servlet.FrameworkServlet.service(FrameworkServlet.java:874) ~[spring-webmvc-7.0.9.jar:7.0.9]
	at jakarta.servlet.http.HttpServlet.service(HttpServlet.java:710) ~[tomcat-embed-core-11.0.24.jar:6.1]
	at org.apache.catalina.core.ApplicationFilterChain.doFilter(ApplicationFilterChain.java:132) ~[tomcat-embed-core-11.0.24.jar:11.0.24]
	at org.apache.tomcat.websocket.server.WsFilter.doFilter(WsFilter.java:59) ~[tomcat-embed-websocket-11.0.24.jar:11.0.24]
	at org.apache.catalina.core.ApplicationFilterChain.doFilter(ApplicationFilterChain.java:111) ~[tomcat-embed-core-11.0.24.jar:11.0.24]
	at org.springframework.web.filter.OncePerRequestFilter.doFilter(OncePerRequestFilter.java:110) ~[spring-web-7.0.9.jar:7.0.9]
	at org.apache.catalina.core.ApplicationFilterChain.doFilter(ApplicationFilterChain.java:111) ~[tomcat-embed-core-11.0.24.jar:11.0.24]
	at org.springframework.web.filter.CompositeFilter$VirtualFilterChain.doFilter(CompositeFilter.java:108) ~[spring-web-7.0.9.jar:7.0.9]
	at org.springframework.security.web.FilterChainProxy.lambda$doFilterInternal$2(FilterChainProxy.java:235) ~[spring-security-web-7.1.1.jar:7.1.1]
	at org.springframework.security.web.FilterChainProxy$VirtualFilterChain.doFilter(FilterChainProxy.java:376) ~[spring-security-web-7.1.1.jar:7.1.1]
	at org.springframework.security.web.access.intercept.AuthorizationFilter.doFilter(AuthorizationFilter.java:101) ~[spring-security-web-7.1.1.jar:7.1.1]
	at org.springframework.security.web.FilterChainProxy$VirtualFilterChain.doFilter(FilterChainProxy.java:385) ~[spring-security-web-7.1.1.jar:7.1.1]
	at org.springframework.security.web.access.ExceptionTranslationFilter.doFilter(ExceptionTranslationFilter.java:126) ~[spring-security-web-7.1.1.jar:7.1.1]
	at org.springframework.security.web.access.ExceptionTranslationFilter.doFilter(ExceptionTranslationFilter.java:120) ~[spring-security-web-7.1.1.jar:7.1.1]
	at org.springframework.security.web.FilterChainProxy$VirtualFilterChain.doFilter(FilterChainProxy.java:385) ~[spring-security-web-7.1.1.jar:7.1.1]
	at org.springframework.security.web.session.SessionManagementFilter.doFilter(SessionManagementFilter.java:132) ~[spring-security-web-7.1.1.jar:7.1.1]
	at org.springframework.security.web.session.SessionManagementFilter.doFilter(SessionManagementFilter.java:86) ~[spring-security-web-7.1.1.jar:7.1.1]
	at org.springframework.security.web.FilterChainProxy$VirtualFilterChain.doFilter(FilterChainProxy.java:385) ~[spring-security-web-7.1.1.jar:7.1.1]
	at org.springframework.security.web.authentication.AnonymousAuthenticationFilter.doFilter(AnonymousAuthenticationFilter.java:100) ~[spring-security-web-7.1.1.jar:7.1.1]
	at org.springframework.security.web.FilterChainProxy$VirtualFilterChain.doFilter(FilterChainProxy.java:385) ~[spring-security-web-7.1.1.jar:7.1.1]
	at org.springframework.security.web.servletapi.SecurityContextHolderAwareRequestFilter.doFilter(SecurityContextHolderAwareRequestFilter.java:181) ~[spring-security-web-7.1.1.jar:7.1.1]
	at org.springframework.security.web.FilterChainProxy$VirtualFilterChain.doFilter(FilterChainProxy.java:385) ~[spring-security-web-7.1.1.jar:7.1.1]
	at org.springframework.security.web.savedrequest.RequestCacheAwareFilter.doFilter(RequestCacheAwareFilter.java:63) ~[spring-security-web-7.1.1.jar:7.1.1]
	at org.springframework.security.web.FilterChainProxy$VirtualFilterChain.doFilter(FilterChainProxy.java:385) ~[spring-security-web-7.1.1.jar:7.1.1]
	at com.example.AIG_ForgeHub.security.JwtAuthFilter.doFilterInternal(JwtAuthFilter.java:88) ~[classes/:na]
	at org.springframework.web.filter.OncePerRequestFilter.doFilter(OncePerRequestFilter.java:116) ~[spring-web-7.0.9.jar:7.0.9]
	at org.springframework.security.web.FilterChainProxy$VirtualFilterChain.doFilter(FilterChainProxy.java:385) ~[spring-security-web-7.1.1.jar:7.1.1]
	at org.springframework.security.web.authentication.logout.LogoutFilter.doFilter(LogoutFilter.java:110) ~[spring-security-web-7.1.1.jar:7.1.1]
	at org.springframework.security.web.authentication.logout.LogoutFilter.doFilter(LogoutFilter.java:96) ~[spring-security-web-7.1.1.jar:7.1.1]
	at org.springframework.security.web.FilterChainProxy$VirtualFilterChain.doFilter(FilterChainProxy.java:385) ~[spring-security-web-7.1.1.jar:7.1.1]
	at org.springframework.security.web.header.HeaderWriterFilter.doHeadersAfter(HeaderWriterFilter.java:90) ~[spring-security-web-7.1.1.jar:7.1.1]
	at org.springframework.security.web.header.HeaderWriterFilter.doFilterInternal(HeaderWriterFilter.java:75) ~[spring-security-web-7.1.1.jar:7.1.1]
	at org.springframework.web.filter.OncePerRequestFilter.doFilter(OncePerRequestFilter.java:116) ~[spring-web-7.0.9.jar:7.0.9]
	at org.springframework.security.web.FilterChainProxy$VirtualFilterChain.doFilter(FilterChainProxy.java:385) ~[spring-security-web-7.1.1.jar:7.1.1]
	at org.springframework.security.web.context.SecurityContextHolderFilter.doFilter(SecurityContextHolderFilter.java:82) ~[spring-security-web-7.1.1.jar:7.1.1]
	at org.springframework.security.web.context.SecurityContextHolderFilter.doFilter(SecurityContextHolderFilter.java:69) ~[spring-security-web-7.1.1.jar:7.1.1]
	at org.springframework.security.web.FilterChainProxy$VirtualFilterChain.doFilter(FilterChainProxy.java:385) ~[spring-security-web-7.1.1.jar:7.1.1]
	at org.springframework.security.web.context.request.async.WebAsyncManagerIntegrationFilter.doFilterInternal(WebAsyncManagerIntegrationFilter.java:62) ~[spring-security-web-7.1.1.jar:7.1.1]
	at org.springframework.web.filter.OncePerRequestFilter.doFilter(OncePerRequestFilter.java:116) ~[spring-web-7.0.9.jar:7.0.9]
	at org.springframework.security.web.FilterChainProxy$VirtualFilterChain.doFilter(FilterChainProxy.java:385) ~[spring-security-web-7.1.1.jar:7.1.1]
	at org.springframework.security.web.session.DisableEncodeUrlFilter.doFilterInternal(DisableEncodeUrlFilter.java:42) ~[spring-security-web-7.1.1.jar:7.1.1]
	at org.springframework.web.filter.OncePerRequestFilter.doFilter(OncePerRequestFilter.java:116) ~[spring-web-7.0.9.jar:7.0.9]
	at org.springframework.security.web.FilterChainProxy$VirtualFilterChain.doFilter(FilterChainProxy.java:385) ~[spring-security-web-7.1.1.jar:7.1.1]
	at org.springframework.security.web.FilterChainProxy.doFilterInternal(FilterChainProxy.java:237) ~[spring-security-web-7.1.1.jar:7.1.1]
	at org.springframework.security.web.FilterChainProxy.doFilter(FilterChainProxy.java:195) ~[spring-security-web-7.1.1.jar:7.1.1]
	at org.springframework.web.filter.CompositeFilter$VirtualFilterChain.doFilter(CompositeFilter.java:113) ~[spring-web-7.0.9.jar:7.0.9]
	at org.springframework.web.filter.ServletRequestPathFilter.doFilter(ServletRequestPathFilter.java:52) ~[spring-web-7.0.9.jar:7.0.9]
	at org.springframework.web.filter.CompositeFilter$VirtualFilterChain.doFilter(CompositeFilter.java:113) ~[spring-web-7.0.9.jar:7.0.9]
	at org.springframework.web.filter.CompositeFilter.doFilter(CompositeFilter.java:74) ~[spring-web-7.0.9.jar:7.0.9]
	at org.springframework.security.config.annotation.web.configuration.WebSecurityConfiguration$CompositeFilterChainProxy.doFilter(WebSecurityConfiguration.java:317) ~[spring-security-config-7.1.1.jar:7.1.1]
	at org.springframework.web.filter.DelegatingFilterProxy.invokeDelegate(DelegatingFilterProxy.java:355) ~[spring-web-7.0.9.jar:7.0.9]
	at org.springframework.web.filter.DelegatingFilterProxy.doFilter(DelegatingFilterProxy.java:272) ~[spring-web-7.0.9.jar:7.0.9]
	at org.apache.catalina.core.ApplicationFilterChain.doFilter(ApplicationFilterChain.java:111) ~[tomcat-embed-core-11.0.24.jar:11.0.24]
	at org.springframework.web.filter.RequestContextFilter.doFilterInternal(RequestContextFilter.java:100) ~[spring-web-7.0.9.jar:7.0.9]
	at org.springframework.web.filter.OncePerRequestFilter.doFilter(OncePerRequestFilter.java:116) ~[spring-web-7.0.9.jar:7.0.9]
	at org.apache.catalina.core.ApplicationFilterChain.doFilter(ApplicationFilterChain.java:111) ~[tomcat-embed-core-11.0.24.jar:11.0.24]
	at org.springframework.web.filter.FormContentFilter.doFilterInternal(FormContentFilter.java:93) ~[spring-web-7.0.9.jar:7.0.9]
	at org.springframework.web.filter.OncePerRequestFilter.doFilter(OncePerRequestFilter.java:116) ~[spring-web-7.0.9.jar:7.0.9]
	at org.apache.catalina.core.ApplicationFilterChain.doFilter(ApplicationFilterChain.java:111) ~[tomcat-embed-core-11.0.24.jar:11.0.24]
	at org.springframework.web.filter.CharacterEncodingFilter.doFilterInternal(CharacterEncodingFilter.java:199) ~[spring-web-7.0.9.jar:7.0.9]
	at org.springframework.web.filter.OncePerRequestFilter.doFilter(OncePerRequestFilter.java:116) ~[spring-web-7.0.9.jar:7.0.9]
	at org.apache.catalina.core.ApplicationFilterChain.doFilter(ApplicationFilterChain.java:111) ~[tomcat-embed-core-11.0.24.jar:11.0.24]
	at org.apache.catalina.core.StandardWrapperValve.invoke(StandardWrapperValve.java:165) ~[tomcat-embed-core-11.0.24.jar:11.0.24]
	at org.apache.catalina.core.StandardContextValve.invoke(StandardContextValve.java:77) ~[tomcat-embed-core-11.0.24.jar:11.0.24]
	at org.apache.catalina.authenticator.AuthenticatorBase.invoke(AuthenticatorBase.java:535) ~[tomcat-embed-core-11.0.24.jar:11.0.24]
	at org.apache.catalina.core.StandardHostValve.invoke(StandardHostValve.java:115) ~[tomcat-embed-core-11.0.24.jar:11.0.24]
	at org.apache.catalina.valves.ErrorReportValve.invoke(ErrorReportValve.java:86) ~[tomcat-embed-core-11.0.24.jar:11.0.24]
	at org.apache.catalina.core.StandardEngineValve.invoke(StandardEngineValve.java:71) ~[tomcat-embed-core-11.0.24.jar:11.0.24]
	at org.apache.catalina.connector.CoyoteAdapter.service(CoyoteAdapter.java:347) ~[tomcat-embed-core-11.0.24.jar:11.0.24]
	at org.apache.coyote.http11.Http11Processor.service(Http11Processor.java:406) ~[tomcat-embed-core-11.0.24.jar:11.0.24]
	at org.apache.coyote.AbstractProcessorLight.process(AbstractProcessorLight.java:71) ~[tomcat-embed-core-11.0.24.jar:11.0.24]
	at org.apache.coyote.AbstractProtocol$ConnectionHandler.process(AbstractProtocol.java:1307) ~[tomcat-embed-core-11.0.24.jar:11.0.24]
	at org.apache.tomcat.util.net.NioEndpoint$SocketProcessor.doRun(NioEndpoint.java:2036) ~[tomcat-embed-core-11.0.24.jar:11.0.24]
	at org.apache.tomcat.util.net.SocketProcessorBase.run(SocketProcessorBase.java:74) ~[tomcat-embed-core-11.0.24.jar:11.0.24]
	at org.apache.tomcat.util.threads.ThreadPoolExecutor.runWorker(ThreadPoolExecutor.java:949) ~[tomcat-embed-core-11.0.24.jar:11.0.24]
	at org.apache.tomcat.util.threads.ThreadPoolExecutor$Worker.run(ThreadPoolExecutor.java:483) ~[tomcat-embed-core-11.0.24.jar:11.0.24]
	at org.apache.tomcat.util.threads.TaskThread$WrappingRunnable.run(TaskThread.java:74) ~[tomcat-embed-core-11.0.24.jar:11.0.24]
	at java.base/java.lang.Thread.run(Thread.java:1583) ~[na:na]

2026-10-04T23:39:08.893+05:30  INFO 3044 --- [AIG-ForgeHub] [http-nio-8080-exec-6] c.e.AIG_ForgeHub.security.JwtAuthFilter  : JWT authentication successful for user: shreyachindam1123@gmail.com with role: VENDOR
2026-10-04T23:44:01.393+05:30  INFO 3044 --- [AIG-ForgeHub] [SpringApplicationShutdownHook] o.s.boot.tomcat.GracefulShutdown         : Commencing graceful shutdown. Waiting for active requests to complete
2026-10-04T23:44:01.414+05:30  INFO 3044 --- [AIG-ForgeHub] [tomcat-shutdown] o.s.boot.tomcat.GracefulShutdown         : Graceful shutdown complete
2026-10-04T23:44:01.434+05:30  INFO 3044 --- [AIG-ForgeHub] [SpringApplicationShutdownHook] j.LocalContainerEntityManagerFactoryBean : Closing JPA EntityManagerFactory for persistence unit 'default'
2026-10-04T23:44:01.454+05:30  INFO 3044 --- [AIG-ForgeHub] [SpringApplicationShutdownHook] com.zaxxer.hikari.HikariDataSource       : HikariPool-1 - Shutdown initiated...
2026-10-04T23:44:01.479+05:30  INFO 3044 --- [AIG-ForgeHub] [SpringApplicationShutdownHook] com.zaxxer.hikari.HikariDataSource       : HikariPool-1 - Shutdown completed.
2026-10-04T23:44:15.422+05:30  INFO 16156 --- [AIG-ForgeHub] [main] c.e.AIG_ForgeHub.AigForgeHubApplication  : Starting AigForgeHubApplication using Java 21.0.11 with PID 16156 (C:\Users\Saikiran\Downloads\AIG-ForgeHub\target\classes started by Saikiran in C:\Users\Saikiran\Downloads\AIG-ForgeHub)
2026-10-04T23:44:15.425+05:30  INFO 16156 --- [AIG-ForgeHub] [main] c.e.AIG_ForgeHub.AigForgeHubApplication  : No active profile set, falling back to 1 default profile: "default"
2026-10-04T23:44:16.265+05:30  INFO 16156 --- [AIG-ForgeHub] [main] .s.d.r.c.RepositoryConfigurationDelegate : Bootstrapping Spring Data JPA repositories in DEFAULT mode.
2026-10-04T23:44:16.338+05:30  INFO 16156 --- [AIG-ForgeHub] [main] .s.d.r.c.RepositoryConfigurationDelegate : Finished Spring Data repository scanning in 64 ms. Found 6 JPA repository interfaces.
2026-10-04T23:44:16.905+05:30  INFO 16156 --- [AIG-ForgeHub] [main] o.s.boot.tomcat.TomcatWebServer          : Tomcat initialized with port 8080 (http)
2026-10-04T23:44:16.920+05:30  INFO 16156 --- [AIG-ForgeHub] [main] o.apache.catalina.core.StandardService   : Starting service [Tomcat]
2026-10-04T23:44:16.921+05:30  INFO 16156 --- [AIG-ForgeHub] [main] o.apache.catalina.core.StandardEngine    : Starting Servlet engine: [Apache Tomcat/11.0.24]
2026-10-04T23:44:16.985+05:30  INFO 16156 --- [AIG-ForgeHub] [main] b.w.c.s.WebApplicationContextInitializer : Root WebApplicationContext: initialization completed in 1516 ms
2026-10-04T23:44:17.002+05:30  INFO 16156 --- [AIG-ForgeHub] [main] c.e.AIG_ForgeHub.security.JwtService     : JwtService initialized successfully
2026-10-04T23:44:17.175+05:30  INFO 16156 --- [AIG-ForgeHub] [main] org.hibernate.orm.jpa                    : HHH008540: Processing PersistenceUnitInfo [name: default]
2026-10-04T23:44:17.241+05:30  INFO 16156 --- [AIG-ForgeHub] [main] org.hibernate.orm.core                   : HHH000001: Hibernate ORM core version 7.4.5.Final
2026-10-04T23:44:17.706+05:30  INFO 16156 --- [AIG-ForgeHub] [main] o.s.o.j.p.SpringPersistenceUnitInfo      : No LoadTimeWeaver setup: ignoring JPA class transformer
2026-10-04T23:44:17.742+05:30  INFO 16156 --- [AIG-ForgeHub] [main] com.zaxxer.hikari.HikariDataSource       : HikariPool-1 - Starting...
2026-10-04T23:44:18.142+05:30  INFO 16156 --- [AIG-ForgeHub] [main] com.zaxxer.hikari.pool.HikariPool        : HikariPool-1 - Added connection com.mysql.cj.jdbc.ConnectionImpl@35af1558
2026-10-04T23:44:18.144+05:30  INFO 16156 --- [AIG-ForgeHub] [main] com.zaxxer.hikari.HikariDataSource       : HikariPool-1 - Start completed.
2026-10-04T23:44:18.248+05:30  INFO 16156 --- [AIG-ForgeHub] [main] org.hibernate.orm.connections.pooling    : HHH10001005: Database info:
	Database JDBC URL [jdbc:mysql://localhost:3306/forgehub]
	Database driver: MySQL Connector/J
	Database dialect: MySQLDialect
	Database version: 8.0.42
	Default catalog/schema: forgehub/undefined
	Autocommit mode: undefined/unknown
	Isolation level: REPEATABLE_READ [default REPEATABLE_READ]
	JDBC fetch size: none
	Pool: DataSourceConnectionProvider
	Minimum pool size: undefined/unknown
	Maximum pool size: undefined/unknown
2026-10-04T23:44:19.465+05:30  INFO 16156 --- [AIG-ForgeHub] [main] org.hibernate.orm.core                   : HHH000489: No JTA platform available (set 'hibernate.transaction.jta.platform' to enable JTA platform integration)
2026-10-04T23:44:19.473+05:30  INFO 16156 --- [AIG-ForgeHub] [main] j.LocalContainerEntityManagerFactoryBean : Initialized JPA EntityManagerFactory for persistence unit 'default'
2026-10-04T23:44:19.548+05:30  INFO 16156 --- [AIG-ForgeHub] [main] o.s.d.j.r.query.QueryEnhancerFactories   : Hibernate is in classpath; If applicable, HQL parser will be used.
2026-10-04T23:44:20.970+05:30  WARN 16156 --- [AIG-ForgeHub] [main] JpaBaseConfiguration$JpaWebConfiguration : spring.jpa.open-in-view is enabled by default. Therefore, database queries may be performed during view rendering. Explicitly configure spring.jpa.open-in-view to disable this warning
2026-10-04T23:44:20.998+05:30  INFO 16156 --- [AIG-ForgeHub] [main] r$InitializeUserDetailsManagerConfigurer : Global AuthenticationManager configured with UserDetailsService bean with name customUserDetailsService
2026-10-04T23:44:21.524+05:30  INFO 16156 --- [AIG-ForgeHub] [main] o.s.boot.tomcat.TomcatWebServer          : Tomcat started on port 8080 (http) with context path '/'
2026-10-04T23:44:21.529+05:30  INFO 16156 --- [AIG-ForgeHub] [main] c.e.AIG_ForgeHub.AigForgeHubApplication  : Started AigForgeHubApplication in 6.674 seconds (process running for 7.306)
2026-10-04T23:44:29.909+05:30  INFO 16156 --- [AIG-ForgeHub] [http-nio-8080-exec-1] o.a.c.c.C.[Tomcat].[localhost].[/]       : Initializing Spring DispatcherServlet 'dispatcherServlet'
2026-10-04T23:44:29.910+05:30  INFO 16156 --- [AIG-ForgeHub] [http-nio-8080-exec-1] o.s.web.servlet.DispatcherServlet        : Initializing Servlet 'dispatcherServlet'
2026-10-04T23:44:29.912+05:30  INFO 16156 --- [AIG-ForgeHub] [http-nio-8080-exec-1] o.s.web.servlet.DispatcherServlet        : Completed initialization in 2 ms
2026-10-04T23:44:40.840+05:30  INFO 16156 --- [AIG-ForgeHub] [http-nio-8080-exec-8] c.e.A.controller.AuthController          : Login attempt for email: shreyachindam1123@gmail.com
2026-10-04T23:44:40.841+05:30  INFO 16156 --- [AIG-ForgeHub] [http-nio-8080-exec-8] c.e.A.serviceImpl.AuthServiceImpl        : Authenticating user: shreyachindam1123@gmail.com
2026-10-04T23:44:40.931+05:30  INFO 16156 --- [AIG-ForgeHub] [http-nio-8080-exec-8] c.e.A.s.CustomUserDetailsService         : Loading user details for authentication: shreyachindam1123@gmail.com
2026-10-04T23:44:41.165+05:30  WARN 16156 --- [AIG-ForgeHub] [http-nio-8080-exec-8] c.e.A.controller.AuthController          : Login failed for email: shreyachindam1123@gmail.com
2026-10-04T23:44:55.808+05:30  INFO 16156 --- [AIG-ForgeHub] [http-nio-8080-exec-2] c.e.A.controller.AuthController          : Login attempt for email: shreyachindam1123@gmail.com
2026-10-04T23:44:55.808+05:30  INFO 16156 --- [AIG-ForgeHub] [http-nio-8080-exec-2] c.e.A.serviceImpl.AuthServiceImpl        : Authenticating user: shreyachindam1123@gmail.com
2026-10-04T23:44:55.809+05:30  INFO 16156 --- [AIG-ForgeHub] [http-nio-8080-exec-2] c.e.A.s.CustomUserDetailsService         : Loading user details for authentication: shreyachindam1123@gmail.com
2026-10-04T23:44:55.889+05:30  INFO 16156 --- [AIG-ForgeHub] [http-nio-8080-exec-2] c.e.A.serviceImpl.AuthServiceImpl        : Password authentication successful for user: shreyachindam1123@gmail.com
2026-10-04T23:44:55.891+05:30  INFO 16156 --- [AIG-ForgeHub] [http-nio-8080-exec-2] c.e.A.serviceImpl.AuthServiceImpl        : MFA verification required for user: shreyachindam1123@gmail.com
2026-10-04T23:44:55.892+05:30  INFO 16156 --- [AIG-ForgeHub] [http-nio-8080-exec-2] c.e.A.controller.AuthController          : Password authentication verified for email: shreyachindam1123@gmail.com
2026-10-04T23:44:55.892+05:30  INFO 16156 --- [AIG-ForgeHub] [http-nio-8080-exec-2] c.e.A.controller.AuthController          : Existing user requires 2FA verification for email: shreyachindam1123@gmail.com
2026-10-04T23:45:07.134+05:30  INFO 16156 --- [AIG-ForgeHub] [http-nio-8080-exec-6] c.e.A.controller.TwoFactorController     : 2FA OTP verification request received for user: shreyachindam1123@gmail.com
2026-10-04T23:45:07.135+05:30  INFO 16156 --- [AIG-ForgeHub] [http-nio-8080-exec-6] c.e.A.serviceImpl.TwoFactorServiceImpl   : 2FA OTP verification requested for user: shreyachindam1123@gmail.com
2026-10-04T23:45:07.148+05:30  INFO 16156 --- [AIG-ForgeHub] [http-nio-8080-exec-6] c.e.A.serviceImpl.TwoFactorServiceImpl   : 2FA OTP verified successfully for user: shreyachindam1123@gmail.com
2026-10-04T23:45:07.148+05:30  INFO 16156 --- [AIG-ForgeHub] [http-nio-8080-exec-6] c.e.A.serviceImpl.AuthServiceImpl        : Completing 2FA authentication for user: shreyachindam1123@gmail.com
2026-10-04T23:45:07.302+05:30  INFO 16156 --- [AIG-ForgeHub] [http-nio-8080-exec-6] c.e.A.s.RefreshTokenServiceImpl          : New refresh token generated and stored for user: shreyachindam1123@gmail.com with revoked=false
2026-10-04T23:45:07.304+05:30  INFO 16156 --- [AIG-ForgeHub] [http-nio-8080-exec-6] c.e.A.serviceImpl.AuthServiceImpl        : 2FA authentication completed successfully for user: shreyachindam1123@gmail.com
2026-10-04T23:45:07.315+05:30  INFO 16156 --- [AIG-ForgeHub] [http-nio-8080-exec-6] c.e.A.controller.TwoFactorController     : 2FA verification successful for user: shreyachindam1123@gmail.com
2026-10-04T23:45:07.375+05:30  INFO 16156 --- [AIG-ForgeHub] [http-nio-8080-exec-7] c.e.AIG_ForgeHub.security.JwtAuthFilter  : JWT authentication successful for user: shreyachindam1123@gmail.com with role: VENDOR
2026-10-04T23:45:07.397+05:30  INFO 16156 --- [AIG-ForgeHub] [http-nio-8080-exec-8] c.e.AIG_ForgeHub.security.JwtAuthFilter  : JWT authentication successful for user: shreyachindam1123@gmail.com with role: VENDOR
2026-10-04T23:45:07.813+05:30  WARN 16156 --- [AIG-ForgeHub] [http-nio-8080-exec-8] org.hibernate.orm.jdbc.error             : HHH000247: ErrorCode: 1146, SQLState: 42S02
2026-10-04T23:45:07.813+05:30  WARN 16156 --- [AIG-ForgeHub] [http-nio-8080-exec-8] org.hibernate.orm.jdbc.error             : Table 'forgehub.rfqvendors' doesn't exist
2026-10-04T23:45:07.821+05:30 ERROR 16156 --- [AIG-ForgeHub] [http-nio-8080-exec-8] c.e.A.exception.GlobalExceptionHandler   : Unexpected error | method=GET path=/vendor/open-rfq

org.springframework.dao.InvalidDataAccessResourceUsageException: JDBC exception executing SQL [Table 'forgehub.rfqvendors' doesn't exist] [select r2_0.RFQId,r2_0.BidDate,r2_0.ContactPerson,r2_0.ExpiryDateofBid,r2_0.IndentNo,r2_0.IsDeleted,r2_0.Mobile,r2_0.RFQNo,r2_0.Status,r2_0.UserId from RFQVendors r1_0 join RFQs r2_0 on r2_0.RFQId=r1_0.RFQId where r1_0.VendorId=? and r2_0.IsDeleted=false and r2_0.Status in ('OPEN','REOPENED') order by r1_0.RFQId desc]; SQL [select r2_0.RFQId,r2_0.BidDate,r2_0.ContactPerson,r2_0.ExpiryDateofBid,r2_0.IndentNo,r2_0.IsDeleted,r2_0.Mobile,r2_0.RFQNo,r2_0.Status,r2_0.UserId from RFQVendors r1_0 join RFQs r2_0 on r2_0.RFQId=r1_0.RFQId where r1_0.VendorId=? and r2_0.IsDeleted=false and r2_0.Status in ('OPEN','REOPENED') order by r1_0.RFQId desc]
	at org.springframework.orm.jpa.hibernate.HibernateExceptionTranslator.convertHibernateAccessException(HibernateExceptionTranslator.java:156) ~[spring-orm-7.0.9.jar:7.0.9]
	at org.springframework.orm.jpa.hibernate.HibernateExceptionTranslator.convertHibernateAccessException(HibernateExceptionTranslator.java:131) ~[spring-orm-7.0.9.jar:7.0.9]
	at org.springframework.orm.jpa.hibernate.HibernateExceptionTranslator.translateExceptionIfPossible(HibernateExceptionTranslator.java:105) ~[spring-orm-7.0.9.jar:7.0.9]
	at org.springframework.orm.jpa.vendor.HibernateJpaDialect.translateExceptionIfPossible(HibernateJpaDialect.java:223) ~[spring-orm-7.0.9.jar:7.0.9]
	at org.springframework.orm.jpa.AbstractEntityManagerFactoryBean.translateExceptionIfPossible(AbstractEntityManagerFactoryBean.java:577) ~[spring-orm-7.0.9.jar:7.0.9]
	at org.springframework.dao.support.ChainedPersistenceExceptionTranslator.translateExceptionIfPossible(ChainedPersistenceExceptionTranslator.java:61) ~[spring-tx-7.0.9.jar:7.0.9]
	at org.springframework.dao.support.DataAccessUtils.translateIfNecessary(DataAccessUtils.java:346) ~[spring-tx-7.0.9.jar:7.0.9]
	at org.springframework.dao.support.PersistenceExceptionTranslationInterceptor.invoke(PersistenceExceptionTranslationInterceptor.java:157) ~[spring-tx-7.0.9.jar:7.0.9]
	at org.springframework.aop.framework.ReflectiveMethodInvocation.proceed(ReflectiveMethodInvocation.java:179) ~[spring-aop-7.0.9.jar:7.0.9]
	at org.springframework.data.jpa.repository.support.CrudMethodMetadataPostProcessor$CrudMethodMetadataPopulatingMethodInterceptor.invoke(CrudMethodMetadataPostProcessor.java:137) ~[spring-data-jpa-4.1.1.jar:4.1.1]
	at org.springframework.aop.framework.ReflectiveMethodInvocation.proceed(ReflectiveMethodInvocation.java:179) ~[spring-aop-7.0.9.jar:7.0.9]
	at org.springframework.aop.framework.JdkDynamicAopProxy.invoke(JdkDynamicAopProxy.java:222) ~[spring-aop-7.0.9.jar:7.0.9]
	at jdk.proxy2/jdk.proxy2.$Proxy141.findActiveAssignedRfqs(Unknown Source) ~[na:na]
	at com.example.AIG_ForgeHub.serviceImpl.VendorServiceImpl.getOpenRfqs(VendorServiceImpl.java:69) ~[classes/:na]
	at java.base/jdk.internal.reflect.DirectMethodHandleAccessor.invoke(DirectMethodHandleAccessor.java:103) ~[na:na]
	at java.base/java.lang.reflect.Method.invoke(Method.java:580) ~[na:na]
	at org.springframework.aop.support.AopUtils.invokeJoinpointUsingReflection(AopUtils.java:359) ~[spring-aop-7.0.9.jar:7.0.9]
	at org.springframework.aop.framework.ReflectiveMethodInvocation.invokeJoinpoint(ReflectiveMethodInvocation.java:190) ~[spring-aop-7.0.9.jar:7.0.9]
	at org.springframework.aop.framework.ReflectiveMethodInvocation.proceed(ReflectiveMethodInvocation.java:158) ~[spring-aop-7.0.9.jar:7.0.9]
	at org.springframework.transaction.interceptor.TransactionInterceptor$1.proceedWithInvocation(TransactionInterceptor.java:133) ~[spring-tx-7.0.9.jar:7.0.9]
	at org.springframework.transaction.interceptor.TransactionAspectSupport.invokeWithinTransaction(TransactionAspectSupport.java:371) ~[spring-tx-7.0.9.jar:7.0.9]
	at org.springframework.transaction.interceptor.TransactionInterceptor.invoke(TransactionInterceptor.java:130) ~[spring-tx-7.0.9.jar:7.0.9]
	at org.springframework.aop.framework.ReflectiveMethodInvocation.proceed(ReflectiveMethodInvocation.java:179) ~[spring-aop-7.0.9.jar:7.0.9]
	at org.springframework.aop.framework.CglibAopProxy$DynamicAdvisedInterceptor.intercept(CglibAopProxy.java:719) ~[spring-aop-7.0.9.jar:7.0.9]
	at com.example.AIG_ForgeHub.serviceImpl.VendorServiceImpl$$SpringCGLIB$$0.getOpenRfqs(<generated>) ~[classes/:na]
	at com.example.AIG_ForgeHub.controller.VendorController.openRfqs(VendorController.java:78) ~[classes/:na]
	at java.base/jdk.internal.reflect.DirectMethodHandleAccessor.invoke(DirectMethodHandleAccessor.java:103) ~[na:na]
	at java.base/java.lang.reflect.Method.invoke(Method.java:580) ~[na:na]
	at org.springframework.web.method.support.InvocableHandlerMethod.doInvoke(InvocableHandlerMethod.java:252) ~[spring-web-7.0.9.jar:7.0.9]
	at org.springframework.web.method.support.InvocableHandlerMethod.invokeForRequest(InvocableHandlerMethod.java:184) ~[spring-web-7.0.9.jar:7.0.9]
	at org.springframework.web.servlet.mvc.method.annotation.ServletInvocableHandlerMethod.invokeAndHandle(ServletInvocableHandlerMethod.java:117) ~[spring-webmvc-7.0.9.jar:7.0.9]
	at org.springframework.web.servlet.mvc.method.annotation.RequestMappingHandlerAdapter.invokeHandlerMethod(RequestMappingHandlerAdapter.java:934) ~[spring-webmvc-7.0.9.jar:7.0.9]
	at org.springframework.web.servlet.mvc.method.annotation.RequestMappingHandlerAdapter.handleInternal(RequestMappingHandlerAdapter.java:853) ~[spring-webmvc-7.0.9.jar:7.0.9]
	at org.springframework.web.servlet.mvc.method.AbstractHandlerMethodAdapter.handle(AbstractHandlerMethodAdapter.java:86) ~[spring-webmvc-7.0.9.jar:7.0.9]
	at org.springframework.web.servlet.DispatcherServlet.doDispatch(DispatcherServlet.java:963) ~[spring-webmvc-7.0.9.jar:7.0.9]
	at org.springframework.web.servlet.DispatcherServlet.doService(DispatcherServlet.java:866) ~[spring-webmvc-7.0.9.jar:7.0.9]
	at org.springframework.web.servlet.FrameworkServlet.processRequest(FrameworkServlet.java:1000) ~[spring-webmvc-7.0.9.jar:7.0.9]
	at org.springframework.web.servlet.FrameworkServlet.doGet(FrameworkServlet.java:892) ~[spring-webmvc-7.0.9.jar:7.0.9]
	at jakarta.servlet.http.HttpServlet.service(HttpServlet.java:622) ~[tomcat-embed-core-11.0.24.jar:6.1]
	at org.springframework.web.servlet.FrameworkServlet.service(FrameworkServlet.java:874) ~[spring-webmvc-7.0.9.jar:7.0.9]
	at jakarta.servlet.http.HttpServlet.service(HttpServlet.java:710) ~[tomcat-embed-core-11.0.24.jar:6.1]
	at org.apache.catalina.core.ApplicationFilterChain.doFilter(ApplicationFilterChain.java:132) ~[tomcat-embed-core-11.0.24.jar:11.0.24]
	at org.apache.tomcat.websocket.server.WsFilter.doFilter(WsFilter.java:59) ~[tomcat-embed-websocket-11.0.24.jar:11.0.24]
	at org.apache.catalina.core.ApplicationFilterChain.doFilter(ApplicationFilterChain.java:111) ~[tomcat-embed-core-11.0.24.jar:11.0.24]
	at org.springframework.web.filter.OncePerRequestFilter.doFilter(OncePerRequestFilter.java:110) ~[spring-web-7.0.9.jar:7.0.9]
	at org.apache.catalina.core.ApplicationFilterChain.doFilter(ApplicationFilterChain.java:111) ~[tomcat-embed-core-11.0.24.jar:11.0.24]
	at org.springframework.web.filter.CompositeFilter$VirtualFilterChain.doFilter(CompositeFilter.java:108) ~[spring-web-7.0.9.jar:7.0.9]
	at org.springframework.security.web.FilterChainProxy.lambda$doFilterInternal$2(FilterChainProxy.java:235) ~[spring-security-web-7.1.1.jar:7.1.1]
	at org.springframework.security.web.FilterChainProxy$VirtualFilterChain.doFilter(FilterChainProxy.java:376) ~[spring-security-web-7.1.1.jar:7.1.1]
	at org.springframework.security.web.access.intercept.AuthorizationFilter.doFilter(AuthorizationFilter.java:101) ~[spring-security-web-7.1.1.jar:7.1.1]
	at org.springframework.security.web.FilterChainProxy$VirtualFilterChain.doFilter(FilterChainProxy.java:385) ~[spring-security-web-7.1.1.jar:7.1.1]
	at org.springframework.security.web.access.ExceptionTranslationFilter.doFilter(ExceptionTranslationFilter.java:126) ~[spring-security-web-7.1.1.jar:7.1.1]
	at org.springframework.security.web.access.ExceptionTranslationFilter.doFilter(ExceptionTranslationFilter.java:120) ~[spring-security-web-7.1.1.jar:7.1.1]
	at org.springframework.security.web.FilterChainProxy$VirtualFilterChain.doFilter(FilterChainProxy.java:385) ~[spring-security-web-7.1.1.jar:7.1.1]
	at org.springframework.security.web.session.SessionManagementFilter.doFilter(SessionManagementFilter.java:132) ~[spring-security-web-7.1.1.jar:7.1.1]
	at org.springframework.security.web.session.SessionManagementFilter.doFilter(SessionManagementFilter.java:86) ~[spring-security-web-7.1.1.jar:7.1.1]
	at org.springframework.security.web.FilterChainProxy$VirtualFilterChain.doFilter(FilterChainProxy.java:385) ~[spring-security-web-7.1.1.jar:7.1.1]
	at org.springframework.security.web.authentication.AnonymousAuthenticationFilter.doFilter(AnonymousAuthenticationFilter.java:100) ~[spring-security-web-7.1.1.jar:7.1.1]
	at org.springframework.security.web.FilterChainProxy$VirtualFilterChain.doFilter(FilterChainProxy.java:385) ~[spring-security-web-7.1.1.jar:7.1.1]
	at org.springframework.security.web.servletapi.SecurityContextHolderAwareRequestFilter.doFilter(SecurityContextHolderAwareRequestFilter.java:181) ~[spring-security-web-7.1.1.jar:7.1.1]
	at org.springframework.security.web.FilterChainProxy$VirtualFilterChain.doFilter(FilterChainProxy.java:385) ~[spring-security-web-7.1.1.jar:7.1.1]
	at org.springframework.security.web.savedrequest.RequestCacheAwareFilter.doFilter(RequestCacheAwareFilter.java:63) ~[spring-security-web-7.1.1.jar:7.1.1]
	at org.springframework.security.web.FilterChainProxy$VirtualFilterChain.doFilter(FilterChainProxy.java:385) ~[spring-security-web-7.1.1.jar:7.1.1]
	at com.example.AIG_ForgeHub.security.JwtAuthFilter.doFilterInternal(JwtAuthFilter.java:88) ~[classes/:na]
	at org.springframework.web.filter.OncePerRequestFilter.doFilter(OncePerRequestFilter.java:116) ~[spring-web-7.0.9.jar:7.0.9]
	at org.springframework.security.web.FilterChainProxy$VirtualFilterChain.doFilter(FilterChainProxy.java:385) ~[spring-security-web-7.1.1.jar:7.1.1]
	at org.springframework.security.web.authentication.logout.LogoutFilter.doFilter(LogoutFilter.java:110) ~[spring-security-web-7.1.1.jar:7.1.1]
	at org.springframework.security.web.authentication.logout.LogoutFilter.doFilter(LogoutFilter.java:96) ~[spring-security-web-7.1.1.jar:7.1.1]
	at org.springframework.security.web.FilterChainProxy$VirtualFilterChain.doFilter(FilterChainProxy.java:385) ~[spring-security-web-7.1.1.jar:7.1.1]
	at org.springframework.security.web.header.HeaderWriterFilter.doHeadersAfter(HeaderWriterFilter.java:90) ~[spring-security-web-7.1.1.jar:7.1.1]
	at org.springframework.security.web.header.HeaderWriterFilter.doFilterInternal(HeaderWriterFilter.java:75) ~[spring-security-web-7.1.1.jar:7.1.1]
	at org.springframework.web.filter.OncePerRequestFilter.doFilter(OncePerRequestFilter.java:116) ~[spring-web-7.0.9.jar:7.0.9]
	at org.springframework.security.web.FilterChainProxy$VirtualFilterChain.doFilter(FilterChainProxy.java:385) ~[spring-security-web-7.1.1.jar:7.1.1]
	at org.springframework.security.web.context.SecurityContextHolderFilter.doFilter(SecurityContextHolderFilter.java:82) ~[spring-security-web-7.1.1.jar:7.1.1]
	at org.springframework.security.web.context.SecurityContextHolderFilter.doFilter(SecurityContextHolderFilter.java:69) ~[spring-security-web-7.1.1.jar:7.1.1]
	at org.springframework.security.web.FilterChainProxy$VirtualFilterChain.doFilter(FilterChainProxy.java:385) ~[spring-security-web-7.1.1.jar:7.1.1]
	at org.springframework.security.web.context.request.async.WebAsyncManagerIntegrationFilter.doFilterInternal(WebAsyncManagerIntegrationFilter.java:62) ~[spring-security-web-7.1.1.jar:7.1.1]
	at org.springframework.web.filter.OncePerRequestFilter.doFilter(OncePerRequestFilter.java:116) ~[spring-web-7.0.9.jar:7.0.9]
	at org.springframework.security.web.FilterChainProxy$VirtualFilterChain.doFilter(FilterChainProxy.java:385) ~[spring-security-web-7.1.1.jar:7.1.1]
	at org.springframework.security.web.session.DisableEncodeUrlFilter.doFilterInternal(DisableEncodeUrlFilter.java:42) ~[spring-security-web-7.1.1.jar:7.1.1]
	at org.springframework.web.filter.OncePerRequestFilter.doFilter(OncePerRequestFilter.java:116) ~[spring-web-7.0.9.jar:7.0.9]
	at org.springframework.security.web.FilterChainProxy$VirtualFilterChain.doFilter(FilterChainProxy.java:385) ~[spring-security-web-7.1.1.jar:7.1.1]
	at org.springframework.security.web.FilterChainProxy.doFilterInternal(FilterChainProxy.java:237) ~[spring-security-web-7.1.1.jar:7.1.1]
	at org.springframework.security.web.FilterChainProxy.doFilter(FilterChainProxy.java:195) ~[spring-security-web-7.1.1.jar:7.1.1]
	at org.springframework.web.filter.CompositeFilter$VirtualFilterChain.doFilter(CompositeFilter.java:113) ~[spring-web-7.0.9.jar:7.0.9]
	at org.springframework.web.filter.ServletRequestPathFilter.doFilter(ServletRequestPathFilter.java:52) ~[spring-web-7.0.9.jar:7.0.9]
	at org.springframework.web.filter.CompositeFilter$VirtualFilterChain.doFilter(CompositeFilter.java:113) ~[spring-web-7.0.9.jar:7.0.9]
	at org.springframework.web.filter.CompositeFilter.doFilter(CompositeFilter.java:74) ~[spring-web-7.0.9.jar:7.0.9]
	at org.springframework.security.config.annotation.web.configuration.WebSecurityConfiguration$CompositeFilterChainProxy.doFilter(WebSecurityConfiguration.java:317) ~[spring-security-config-7.1.1.jar:7.1.1]
	at org.springframework.web.filter.DelegatingFilterProxy.invokeDelegate(DelegatingFilterProxy.java:355) ~[spring-web-7.0.9.jar:7.0.9]
	at org.springframework.web.filter.DelegatingFilterProxy.doFilter(DelegatingFilterProxy.java:272) ~[spring-web-7.0.9.jar:7.0.9]
	at org.apache.catalina.core.ApplicationFilterChain.doFilter(ApplicationFilterChain.java:111) ~[tomcat-embed-core-11.0.24.jar:11.0.24]
	at org.springframework.web.filter.RequestContextFilter.doFilterInternal(RequestContextFilter.java:100) ~[spring-web-7.0.9.jar:7.0.9]
	at org.springframework.web.filter.OncePerRequestFilter.doFilter(OncePerRequestFilter.java:116) ~[spring-web-7.0.9.jar:7.0.9]
	at org.apache.catalina.core.ApplicationFilterChain.doFilter(ApplicationFilterChain.java:111) ~[tomcat-embed-core-11.0.24.jar:11.0.24]
	at org.springframework.web.filter.FormContentFilter.doFilterInternal(FormContentFilter.java:93) ~[spring-web-7.0.9.jar:7.0.9]
	at org.springframework.web.filter.OncePerRequestFilter.doFilter(OncePerRequestFilter.java:116) ~[spring-web-7.0.9.jar:7.0.9]
	at org.apache.catalina.core.ApplicationFilterChain.doFilter(ApplicationFilterChain.java:111) ~[tomcat-embed-core-11.0.24.jar:11.0.24]
	at org.springframework.web.filter.CharacterEncodingFilter.doFilterInternal(CharacterEncodingFilter.java:199) ~[spring-web-7.0.9.jar:7.0.9]
	at org.springframework.web.filter.OncePerRequestFilter.doFilter(OncePerRequestFilter.java:116) ~[spring-web-7.0.9.jar:7.0.9]
	at org.apache.catalina.core.ApplicationFilterChain.doFilter(ApplicationFilterChain.java:111) ~[tomcat-embed-core-11.0.24.jar:11.0.24]
	at org.apache.catalina.core.StandardWrapperValve.invoke(StandardWrapperValve.java:165) ~[tomcat-embed-core-11.0.24.jar:11.0.24]
	at org.apache.catalina.core.StandardContextValve.invoke(StandardContextValve.java:77) ~[tomcat-embed-core-11.0.24.jar:11.0.24]
	at org.apache.catalina.authenticator.AuthenticatorBase.invoke(AuthenticatorBase.java:535) ~[tomcat-embed-core-11.0.24.jar:11.0.24]
	at org.apache.catalina.core.StandardHostValve.invoke(StandardHostValve.java:115) ~[tomcat-embed-core-11.0.24.jar:11.0.24]
	at org.apache.catalina.valves.ErrorReportValve.invoke(ErrorReportValve.java:86) ~[tomcat-embed-core-11.0.24.jar:11.0.24]
	at org.apache.catalina.core.StandardEngineValve.invoke(StandardEngineValve.java:71) ~[tomcat-embed-core-11.0.24.jar:11.0.24]
	at org.apache.catalina.connector.CoyoteAdapter.service(CoyoteAdapter.java:347) ~[tomcat-embed-core-11.0.24.jar:11.0.24]
	at org.apache.coyote.http11.Http11Processor.service(Http11Processor.java:406) ~[tomcat-embed-core-11.0.24.jar:11.0.24]
	at org.apache.coyote.AbstractProcessorLight.process(AbstractProcessorLight.java:71) ~[tomcat-embed-core-11.0.24.jar:11.0.24]
	at org.apache.coyote.AbstractProtocol$ConnectionHandler.process(AbstractProtocol.java:1307) ~[tomcat-embed-core-11.0.24.jar:11.0.24]
	at org.apache.tomcat.util.net.NioEndpoint$SocketProcessor.doRun(NioEndpoint.java:2036) ~[tomcat-embed-core-11.0.24.jar:11.0.24]
	at org.apache.tomcat.util.net.SocketProcessorBase.run(SocketProcessorBase.java:74) ~[tomcat-embed-core-11.0.24.jar:11.0.24]
	at org.apache.tomcat.util.threads.ThreadPoolExecutor.runWorker(ThreadPoolExecutor.java:949) ~[tomcat-embed-core-11.0.24.jar:11.0.24]
	at org.apache.tomcat.util.threads.ThreadPoolExecutor$Worker.run(ThreadPoolExecutor.java:483) ~[tomcat-embed-core-11.0.24.jar:11.0.24]
	at org.apache.tomcat.util.threads.TaskThread$WrappingRunnable.run(TaskThread.java:74) ~[tomcat-embed-core-11.0.24.jar:11.0.24]
	at java.base/java.lang.Thread.run(Thread.java:1583) ~[na:na]
Caused by: org.hibernate.exception.SQLGrammarException: JDBC exception executing SQL [Table 'forgehub.rfqvendors' doesn't exist] [select r2_0.RFQId,r2_0.BidDate,r2_0.ContactPerson,r2_0.ExpiryDateofBid,r2_0.IndentNo,r2_0.IsDeleted,r2_0.Mobile,r2_0.RFQNo,r2_0.Status,r2_0.UserId from RFQVendors r1_0 join RFQs r2_0 on r2_0.RFQId=r1_0.RFQId where r1_0.VendorId=? and r2_0.IsDeleted=false and r2_0.Status in ('OPEN','REOPENED') order by r1_0.RFQId desc]
	at org.hibernate.exception.internal.SQLExceptionTypeDelegate.convert(SQLExceptionTypeDelegate.java:64) ~[hibernate-core-7.4.5.Final.jar:7.4.5.Final]
	at org.hibernate.exception.internal.StandardSQLExceptionConverter.convert(StandardSQLExceptionConverter.java:34) ~[hibernate-core-7.4.5.Final.jar:7.4.5.Final]
	at org.hibernate.engine.jdbc.spi.SqlExceptionHelper.convert(SqlExceptionHelper.java:115) ~[hibernate-core-7.4.5.Final.jar:7.4.5.Final]
	at org.hibernate.sql.results.jdbc.internal.DeferredResultSetAccess.executeQuery(DeferredResultSetAccess.java:292) ~[hibernate-core-7.4.5.Final.jar:7.4.5.Final]
	at org.hibernate.sql.results.jdbc.internal.DeferredResultSetAccess.getResultSet(DeferredResultSetAccess.java:188) ~[hibernate-core-7.4.5.Final.jar:7.4.5.Final]
	at org.hibernate.sql.results.jdbc.internal.JdbcValuesResultSetImpl.<init>(JdbcValuesResultSetImpl.java:71) ~[hibernate-core-7.4.5.Final.jar:7.4.5.Final]
	at org.hibernate.sql.exec.internal.JdbcSelectExecutorStandardImpl.resolveJdbcValues(JdbcSelectExecutorStandardImpl.java:422) ~[hibernate-core-7.4.5.Final.jar:7.4.5.Final]
	at org.hibernate.sql.exec.internal.JdbcSelectExecutorStandardImpl.resolveJdbcValuesSource(JdbcSelectExecutorStandardImpl.java:349) ~[hibernate-core-7.4.5.Final.jar:7.4.5.Final]
	at org.hibernate.sql.exec.internal.JdbcSelectExecutorStandardImpl.doExecuteQuery(JdbcSelectExecutorStandardImpl.java:143) ~[hibernate-core-7.4.5.Final.jar:7.4.5.Final]
	at org.hibernate.sql.exec.internal.JdbcSelectExecutorStandardImpl.executeQuery(JdbcSelectExecutorStandardImpl.java:100) ~[hibernate-core-7.4.5.Final.jar:7.4.5.Final]
	at org.hibernate.sql.exec.spi.JdbcSelectExecutor.executeQuery(JdbcSelectExecutor.java:63) ~[hibernate-core-7.4.5.Final.jar:7.4.5.Final]
	at org.hibernate.sql.exec.spi.JdbcSelectExecutor.list(JdbcSelectExecutor.java:137) ~[hibernate-core-7.4.5.Final.jar:7.4.5.Final]
	at org.hibernate.query.sqm.internal.ConcreteSqmSelectQueryPlan.lambda$new$1(ConcreteSqmSelectQueryPlan.java:136) ~[hibernate-core-7.4.5.Final.jar:7.4.5.Final]
	at org.hibernate.query.sqm.internal.ConcreteSqmSelectQueryPlan.withCacheableSqmInterpretation(ConcreteSqmSelectQueryPlan.java:484) ~[hibernate-core-7.4.5.Final.jar:7.4.5.Final]
	at org.hibernate.query.sqm.internal.ConcreteSqmSelectQueryPlan.performList(ConcreteSqmSelectQueryPlan.java:411) ~[hibernate-core-7.4.5.Final.jar:7.4.5.Final]
	at org.hibernate.query.sqm.internal.SqmQueryImpl.doList(SqmQueryImpl.java:379) ~[hibernate-core-7.4.5.Final.jar:7.4.5.Final]
	at org.hibernate.query.spi.AbstractSelectionQuery.list(AbstractSelectionQuery.java:153) ~[hibernate-core-7.4.5.Final.jar:7.4.5.Final]
	at org.hibernate.query.Query.getResultList(Query.java:121) ~[hibernate-core-7.4.5.Final.jar:7.4.5.Final]
	at org.springframework.data.jpa.repository.query.JpaQueryExecution$CollectionExecution.doExecute(JpaQueryExecution.java:141) ~[spring-data-jpa-4.1.1.jar:4.1.1]
	at org.springframework.data.jpa.repository.query.JpaQueryExecution.execute(JpaQueryExecution.java:100) ~[spring-data-jpa-4.1.1.jar:4.1.1]
	at org.springframework.data.jpa.repository.query.AbstractJpaQuery.doExecute(AbstractJpaQuery.java:166) ~[spring-data-jpa-4.1.1.jar:4.1.1]
	at org.springframework.data.jpa.repository.query.AbstractJpaQuery.execute(AbstractJpaQuery.java:156) ~[spring-data-jpa-4.1.1.jar:4.1.1]
	at org.springframework.data.repository.core.support.RepositoryMethodInvoker.doInvoke(RepositoryMethodInvoker.java:169) ~[spring-data-commons-4.1.1.jar:4.1.1]
	at org.springframework.data.repository.core.support.RepositoryMethodInvoker.invoke(RepositoryMethodInvoker.java:158) ~[spring-data-commons-4.1.1.jar:4.1.1]
	at org.springframework.data.repository.core.support.QueryExecutorMethodInterceptor.doInvoke(QueryExecutorMethodInterceptor.java:167) ~[spring-data-commons-4.1.1.jar:4.1.1]
	at org.springframework.data.repository.core.support.QueryExecutorMethodInterceptor.invoke(QueryExecutorMethodInterceptor.java:146) ~[spring-data-commons-4.1.1.jar:4.1.1]
	at org.springframework.aop.framework.ReflectiveMethodInvocation.proceed(ReflectiveMethodInvocation.java:179) ~[spring-aop-7.0.9.jar:7.0.9]
	at org.springframework.data.projection.DefaultMethodInvokingMethodInterceptor.invoke(DefaultMethodInvokingMethodInterceptor.java:69) ~[spring-data-commons-4.1.1.jar:4.1.1]
	at org.springframework.aop.framework.ReflectiveMethodInvocation.proceed(ReflectiveMethodInvocation.java:179) ~[spring-aop-7.0.9.jar:7.0.9]
	at org.springframework.transaction.interceptor.TransactionInterceptor$1.proceedWithInvocation(TransactionInterceptor.java:133) ~[spring-tx-7.0.9.jar:7.0.9]
	at org.springframework.transaction.interceptor.TransactionAspectSupport.invokeWithinTransaction(TransactionAspectSupport.java:371) ~[spring-tx-7.0.9.jar:7.0.9]
	at org.springframework.transaction.interceptor.TransactionInterceptor.invoke(TransactionInterceptor.java:130) ~[spring-tx-7.0.9.jar:7.0.9]
	at org.springframework.aop.framework.ReflectiveMethodInvocation.proceed(ReflectiveMethodInvocation.java:179) ~[spring-aop-7.0.9.jar:7.0.9]
	at org.springframework.dao.support.PersistenceExceptionTranslationInterceptor.invoke(PersistenceExceptionTranslationInterceptor.java:135) ~[spring-tx-7.0.9.jar:7.0.9]
	... 109 common frames omitted
Caused by: java.sql.SQLSyntaxErrorException: Table 'forgehub.rfqvendors' doesn't exist
	at com.mysql.cj.jdbc.exceptions.SQLError.createSQLException(SQLError.java:112) ~[mysql-connector-j-9.7.0.jar:9.7.0]
	at com.mysql.cj.jdbc.exceptions.SQLExceptionsMapping.translateException(SQLExceptionsMapping.java:114) ~[mysql-connector-j-9.7.0.jar:9.7.0]
	at com.mysql.cj.jdbc.ClientPreparedStatement.executeInternal(ClientPreparedStatement.java:988) ~[mysql-connector-j-9.7.0.jar:9.7.0]
	at com.mysql.cj.jdbc.ClientPreparedStatement.executeQuery(ClientPreparedStatement.java:1056) ~[mysql-connector-j-9.7.0.jar:9.7.0]
	at com.zaxxer.hikari.pool.ProxyPreparedStatement.executeQuery(ProxyPreparedStatement.java:52) ~[HikariCP-7.0.2.jar:na]
	at com.zaxxer.hikari.pool.HikariProxyPreparedStatement.executeQuery(HikariProxyPreparedStatement.java) ~[HikariCP-7.0.2.jar:na]
	at org.hibernate.sql.results.jdbc.internal.DeferredResultSetAccess.executeQuery(DeferredResultSetAccess.java:269) ~[hibernate-core-7.4.5.Final.jar:7.4.5.Final]
	... 139 common frames omitted

2026-10-04T23:45:07.857+05:30  INFO 16156 --- [AIG-ForgeHub] [http-nio-8080-exec-9] c.e.AIG_ForgeHub.security.JwtAuthFilter  : JWT authentication successful for user: shreyachindam1123@gmail.com with role: VENDOR
2026-10-04T23:45:07.915+05:30  INFO 16156 --- [AIG-ForgeHub] [http-nio-8080-exec-10] c.e.AIG_ForgeHub.security.JwtAuthFilter  : JWT authentication successful for user: shreyachindam1123@gmail.com with role: VENDOR
2026-10-04T23:45:07.967+05:30  INFO 16156 --- [AIG-ForgeHub] [http-nio-8080-exec-1] c.e.AIG_ForgeHub.security.JwtAuthFilter  : JWT authentication successful for user: shreyachindam1123@gmail.com with role: VENDOR
2026-10-04T23:45:07.973+05:30 ERROR 16156 --- [AIG-ForgeHub] [http-nio-8080-exec-1] c.e.A.exception.GlobalExceptionHandler   : Unexpected error | method=GET path=/favicon.ico

org.springframework.web.servlet.resource.NoResourceFoundException: No static resource favicon.ico for request '/favicon.ico'.
	at org.springframework.web.servlet.resource.ResourceHttpRequestHandler.handleRequest(ResourceHttpRequestHandler.java:527) ~[spring-webmvc-7.0.9.jar:7.0.9]
	at org.springframework.web.servlet.mvc.HttpRequestHandlerAdapter.handle(HttpRequestHandlerAdapter.java:50) ~[spring-webmvc-7.0.9.jar:7.0.9]
	at org.springframework.web.servlet.DispatcherServlet.doDispatch(DispatcherServlet.java:963) ~[spring-webmvc-7.0.9.jar:7.0.9]
	at org.springframework.web.servlet.DispatcherServlet.doService(DispatcherServlet.java:866) ~[spring-webmvc-7.0.9.jar:7.0.9]
	at org.springframework.web.servlet.FrameworkServlet.processRequest(FrameworkServlet.java:1000) ~[spring-webmvc-7.0.9.jar:7.0.9]
	at org.springframework.web.servlet.FrameworkServlet.doGet(FrameworkServlet.java:892) ~[spring-webmvc-7.0.9.jar:7.0.9]
	at jakarta.servlet.http.HttpServlet.service(HttpServlet.java:622) ~[tomcat-embed-core-11.0.24.jar:6.1]
	at org.springframework.web.servlet.FrameworkServlet.service(FrameworkServlet.java:874) ~[spring-webmvc-7.0.9.jar:7.0.9]
	at jakarta.servlet.http.HttpServlet.service(HttpServlet.java:710) ~[tomcat-embed-core-11.0.24.jar:6.1]
	at org.apache.catalina.core.ApplicationFilterChain.doFilter(ApplicationFilterChain.java:132) ~[tomcat-embed-core-11.0.24.jar:11.0.24]
	at org.apache.tomcat.websocket.server.WsFilter.doFilter(WsFilter.java:59) ~[tomcat-embed-websocket-11.0.24.jar:11.0.24]
	at org.apache.catalina.core.ApplicationFilterChain.doFilter(ApplicationFilterChain.java:111) ~[tomcat-embed-core-11.0.24.jar:11.0.24]
	at org.springframework.web.filter.OncePerRequestFilter.doFilter(OncePerRequestFilter.java:110) ~[spring-web-7.0.9.jar:7.0.9]
	at org.apache.catalina.core.ApplicationFilterChain.doFilter(ApplicationFilterChain.java:111) ~[tomcat-embed-core-11.0.24.jar:11.0.24]
	at org.springframework.web.filter.CompositeFilter$VirtualFilterChain.doFilter(CompositeFilter.java:108) ~[spring-web-7.0.9.jar:7.0.9]
	at org.springframework.security.web.FilterChainProxy.lambda$doFilterInternal$2(FilterChainProxy.java:235) ~[spring-security-web-7.1.1.jar:7.1.1]
	at org.springframework.security.web.FilterChainProxy$VirtualFilterChain.doFilter(FilterChainProxy.java:376) ~[spring-security-web-7.1.1.jar:7.1.1]
	at org.springframework.security.web.access.intercept.AuthorizationFilter.doFilter(AuthorizationFilter.java:101) ~[spring-security-web-7.1.1.jar:7.1.1]
	at org.springframework.security.web.FilterChainProxy$VirtualFilterChain.doFilter(FilterChainProxy.java:385) ~[spring-security-web-7.1.1.jar:7.1.1]
	at org.springframework.security.web.access.ExceptionTranslationFilter.doFilter(ExceptionTranslationFilter.java:126) ~[spring-security-web-7.1.1.jar:7.1.1]
	at org.springframework.security.web.access.ExceptionTranslationFilter.doFilter(ExceptionTranslationFilter.java:120) ~[spring-security-web-7.1.1.jar:7.1.1]
	at org.springframework.security.web.FilterChainProxy$VirtualFilterChain.doFilter(FilterChainProxy.java:385) ~[spring-security-web-7.1.1.jar:7.1.1]
	at org.springframework.security.web.session.SessionManagementFilter.doFilter(SessionManagementFilter.java:132) ~[spring-security-web-7.1.1.jar:7.1.1]
	at org.springframework.security.web.session.SessionManagementFilter.doFilter(SessionManagementFilter.java:86) ~[spring-security-web-7.1.1.jar:7.1.1]
	at org.springframework.security.web.FilterChainProxy$VirtualFilterChain.doFilter(FilterChainProxy.java:385) ~[spring-security-web-7.1.1.jar:7.1.1]
	at org.springframework.security.web.authentication.AnonymousAuthenticationFilter.doFilter(AnonymousAuthenticationFilter.java:100) ~[spring-security-web-7.1.1.jar:7.1.1]
	at org.springframework.security.web.FilterChainProxy$VirtualFilterChain.doFilter(FilterChainProxy.java:385) ~[spring-security-web-7.1.1.jar:7.1.1]
	at org.springframework.security.web.servletapi.SecurityContextHolderAwareRequestFilter.doFilter(SecurityContextHolderAwareRequestFilter.java:181) ~[spring-security-web-7.1.1.jar:7.1.1]
	at org.springframework.security.web.FilterChainProxy$VirtualFilterChain.doFilter(FilterChainProxy.java:385) ~[spring-security-web-7.1.1.jar:7.1.1]
	at org.springframework.security.web.savedrequest.RequestCacheAwareFilter.doFilter(RequestCacheAwareFilter.java:63) ~[spring-security-web-7.1.1.jar:7.1.1]
	at org.springframework.security.web.FilterChainProxy$VirtualFilterChain.doFilter(FilterChainProxy.java:385) ~[spring-security-web-7.1.1.jar:7.1.1]
	at com.example.AIG_ForgeHub.security.JwtAuthFilter.doFilterInternal(JwtAuthFilter.java:88) ~[classes/:na]
	at org.springframework.web.filter.OncePerRequestFilter.doFilter(OncePerRequestFilter.java:116) ~[spring-web-7.0.9.jar:7.0.9]
	at org.springframework.security.web.FilterChainProxy$VirtualFilterChain.doFilter(FilterChainProxy.java:385) ~[spring-security-web-7.1.1.jar:7.1.1]
	at org.springframework.security.web.authentication.logout.LogoutFilter.doFilter(LogoutFilter.java:110) ~[spring-security-web-7.1.1.jar:7.1.1]
	at org.springframework.security.web.authentication.logout.LogoutFilter.doFilter(LogoutFilter.java:96) ~[spring-security-web-7.1.1.jar:7.1.1]
	at org.springframework.security.web.FilterChainProxy$VirtualFilterChain.doFilter(FilterChainProxy.java:385) ~[spring-security-web-7.1.1.jar:7.1.1]
	at org.springframework.security.web.header.HeaderWriterFilter.doHeadersAfter(HeaderWriterFilter.java:90) ~[spring-security-web-7.1.1.jar:7.1.1]
	at org.springframework.security.web.header.HeaderWriterFilter.doFilterInternal(HeaderWriterFilter.java:75) ~[spring-security-web-7.1.1.jar:7.1.1]
	at org.springframework.web.filter.OncePerRequestFilter.doFilter(OncePerRequestFilter.java:116) ~[spring-web-7.0.9.jar:7.0.9]
	at org.springframework.security.web.FilterChainProxy$VirtualFilterChain.doFilter(FilterChainProxy.java:385) ~[spring-security-web-7.1.1.jar:7.1.1]
	at org.springframework.security.web.context.SecurityContextHolderFilter.doFilter(SecurityContextHolderFilter.java:82) ~[spring-security-web-7.1.1.jar:7.1.1]
	at org.springframework.security.web.context.SecurityContextHolderFilter.doFilter(SecurityContextHolderFilter.java:69) ~[spring-security-web-7.1.1.jar:7.1.1]
	at org.springframework.security.web.FilterChainProxy$VirtualFilterChain.doFilter(FilterChainProxy.java:385) ~[spring-security-web-7.1.1.jar:7.1.1]
	at org.springframework.security.web.context.request.async.WebAsyncManagerIntegrationFilter.doFilterInternal(WebAsyncManagerIntegrationFilter.java:62) ~[spring-security-web-7.1.1.jar:7.1.1]
	at org.springframework.web.filter.OncePerRequestFilter.doFilter(OncePerRequestFilter.java:116) ~[spring-web-7.0.9.jar:7.0.9]
	at org.springframework.security.web.FilterChainProxy$VirtualFilterChain.doFilter(FilterChainProxy.java:385) ~[spring-security-web-7.1.1.jar:7.1.1]
	at org.springframework.security.web.session.DisableEncodeUrlFilter.doFilterInternal(DisableEncodeUrlFilter.java:42) ~[spring-security-web-7.1.1.jar:7.1.1]
	at org.springframework.web.filter.OncePerRequestFilter.doFilter(OncePerRequestFilter.java:116) ~[spring-web-7.0.9.jar:7.0.9]
	at org.springframework.security.web.FilterChainProxy$VirtualFilterChain.doFilter(FilterChainProxy.java:385) ~[spring-security-web-7.1.1.jar:7.1.1]
	at org.springframework.security.web.FilterChainProxy.doFilterInternal(FilterChainProxy.java:237) ~[spring-security-web-7.1.1.jar:7.1.1]
	at org.springframework.security.web.FilterChainProxy.doFilter(FilterChainProxy.java:195) ~[spring-security-web-7.1.1.jar:7.1.1]
	at org.springframework.web.filter.CompositeFilter$VirtualFilterChain.doFilter(CompositeFilter.java:113) ~[spring-web-7.0.9.jar:7.0.9]
	at org.springframework.web.filter.ServletRequestPathFilter.doFilter(ServletRequestPathFilter.java:52) ~[spring-web-7.0.9.jar:7.0.9]
	at org.springframework.web.filter.CompositeFilter$VirtualFilterChain.doFilter(CompositeFilter.java:113) ~[spring-web-7.0.9.jar:7.0.9]
	at org.springframework.web.filter.CompositeFilter.doFilter(CompositeFilter.java:74) ~[spring-web-7.0.9.jar:7.0.9]
	at org.springframework.security.config.annotation.web.configuration.WebSecurityConfiguration$CompositeFilterChainProxy.doFilter(WebSecurityConfiguration.java:317) ~[spring-security-config-7.1.1.jar:7.1.1]
	at org.springframework.web.filter.DelegatingFilterProxy.invokeDelegate(DelegatingFilterProxy.java:355) ~[spring-web-7.0.9.jar:7.0.9]
	at org.springframework.web.filter.DelegatingFilterProxy.doFilter(DelegatingFilterProxy.java:272) ~[spring-web-7.0.9.jar:7.0.9]
	at org.apache.catalina.core.ApplicationFilterChain.doFilter(ApplicationFilterChain.java:111) ~[tomcat-embed-core-11.0.24.jar:11.0.24]
	at org.springframework.web.filter.RequestContextFilter.doFilterInternal(RequestContextFilter.java:100) ~[spring-web-7.0.9.jar:7.0.9]
	at org.springframework.web.filter.OncePerRequestFilter.doFilter(OncePerRequestFilter.java:116) ~[spring-web-7.0.9.jar:7.0.9]
	at org.apache.catalina.core.ApplicationFilterChain.doFilter(ApplicationFilterChain.java:111) ~[tomcat-embed-core-11.0.24.jar:11.0.24]
	at org.springframework.web.filter.FormContentFilter.doFilterInternal(FormContentFilter.java:93) ~[spring-web-7.0.9.jar:7.0.9]
	at org.springframework.web.filter.OncePerRequestFilter.doFilter(OncePerRequestFilter.java:116) ~[spring-web-7.0.9.jar:7.0.9]
	at org.apache.catalina.core.ApplicationFilterChain.doFilter(ApplicationFilterChain.java:111) ~[tomcat-embed-core-11.0.24.jar:11.0.24]
	at org.springframework.web.filter.CharacterEncodingFilter.doFilterInternal(CharacterEncodingFilter.java:199) ~[spring-web-7.0.9.jar:7.0.9]
	at org.springframework.web.filter.OncePerRequestFilter.doFilter(OncePerRequestFilter.java:116) ~[spring-web-7.0.9.jar:7.0.9]
	at org.apache.catalina.core.ApplicationFilterChain.doFilter(ApplicationFilterChain.java:111) ~[tomcat-embed-core-11.0.24.jar:11.0.24]
	at org.apache.catalina.core.StandardWrapperValve.invoke(StandardWrapperValve.java:165) ~[tomcat-embed-core-11.0.24.jar:11.0.24]
	at org.apache.catalina.core.StandardContextValve.invoke(StandardContextValve.java:77) ~[tomcat-embed-core-11.0.24.jar:11.0.24]
	at org.apache.catalina.authenticator.AuthenticatorBase.invoke(AuthenticatorBase.java:535) ~[tomcat-embed-core-11.0.24.jar:11.0.24]
	at org.apache.catalina.core.StandardHostValve.invoke(StandardHostValve.java:115) ~[tomcat-embed-core-11.0.24.jar:11.0.24]
	at org.apache.catalina.valves.ErrorReportValve.invoke(ErrorReportValve.java:86) ~[tomcat-embed-core-11.0.24.jar:11.0.24]
	at org.apache.catalina.core.StandardEngineValve.invoke(StandardEngineValve.java:71) ~[tomcat-embed-core-11.0.24.jar:11.0.24]
	at org.apache.catalina.connector.CoyoteAdapter.service(CoyoteAdapter.java:347) ~[tomcat-embed-core-11.0.24.jar:11.0.24]
	at org.apache.coyote.http11.Http11Processor.service(Http11Processor.java:406) ~[tomcat-embed-core-11.0.24.jar:11.0.24]
	at org.apache.coyote.AbstractProcessorLight.process(AbstractProcessorLight.java:71) ~[tomcat-embed-core-11.0.24.jar:11.0.24]
	at org.apache.coyote.AbstractProtocol$ConnectionHandler.process(AbstractProtocol.java:1307) ~[tomcat-embed-core-11.0.24.jar:11.0.24]
	at org.apache.tomcat.util.net.NioEndpoint$SocketProcessor.doRun(NioEndpoint.java:2036) ~[tomcat-embed-core-11.0.24.jar:11.0.24]
	at org.apache.tomcat.util.net.SocketProcessorBase.run(SocketProcessorBase.java:74) ~[tomcat-embed-core-11.0.24.jar:11.0.24]
	at org.apache.tomcat.util.threads.ThreadPoolExecutor.runWorker(ThreadPoolExecutor.java:949) ~[tomcat-embed-core-11.0.24.jar:11.0.24]
	at org.apache.tomcat.util.threads.ThreadPoolExecutor$Worker.run(ThreadPoolExecutor.java:483) ~[tomcat-embed-core-11.0.24.jar:11.0.24]
	at org.apache.tomcat.util.threads.TaskThread$WrappingRunnable.run(TaskThread.java:74) ~[tomcat-embed-core-11.0.24.jar:11.0.24]
	at java.base/java.lang.Thread.run(Thread.java:1583) ~[na:na]

2026-10-04T23:45:07.983+05:30  INFO 16156 --- [AIG-ForgeHub] [http-nio-8080-exec-2] c.e.AIG_ForgeHub.security.JwtAuthFilter  : JWT authentication successful for user: shreyachindam1123@gmail.com with role: VENDOR
2026-10-04T23:51:17.421+05:30  INFO 16156 --- [AIG-ForgeHub] [SpringApplicationShutdownHook] o.s.boot.tomcat.GracefulShutdown         : Commencing graceful shutdown. Waiting for active requests to complete
2026-10-04T23:51:17.439+05:30  INFO 16156 --- [AIG-ForgeHub] [tomcat-shutdown] o.s.boot.tomcat.GracefulShutdown         : Graceful shutdown complete
2026-10-04T23:51:17.452+05:30  INFO 16156 --- [AIG-ForgeHub] [SpringApplicationShutdownHook] j.LocalContainerEntityManagerFactoryBean : Closing JPA EntityManagerFactory for persistence unit 'default'
2026-10-04T23:51:17.464+05:30  INFO 16156 --- [AIG-ForgeHub] [SpringApplicationShutdownHook] com.zaxxer.hikari.HikariDataSource       : HikariPool-1 - Shutdown initiated...
2026-10-04T23:51:17.487+05:30  INFO 16156 --- [AIG-ForgeHub] [SpringApplicationShutdownHook] com.zaxxer.hikari.HikariDataSource       : HikariPool-1 - Shutdown completed.
2026-10-04T23:51:49.751+05:30  INFO 16576 --- [AIG-ForgeHub] [main] c.e.AIG_ForgeHub.AigForgeHubApplication  : Starting AigForgeHubApplication using Java 21.0.11 with PID 16576 (C:\Users\Saikiran\Downloads\AIG-ForgeHub\target\classes started by Saikiran in C:\Users\Saikiran\Downloads\AIG-ForgeHub)
2026-10-04T23:51:49.755+05:30  INFO 16576 --- [AIG-ForgeHub] [main] c.e.AIG_ForgeHub.AigForgeHubApplication  : No active profile set, falling back to 1 default profile: "default"
2026-10-04T23:51:50.501+05:30  INFO 16576 --- [AIG-ForgeHub] [main] .s.d.r.c.RepositoryConfigurationDelegate : Bootstrapping Spring Data JPA repositories in DEFAULT mode.
2026-10-04T23:51:50.573+05:30  INFO 16576 --- [AIG-ForgeHub] [main] .s.d.r.c.RepositoryConfigurationDelegate : Finished Spring Data repository scanning in 64 ms. Found 6 JPA repository interfaces.
2026-10-04T23:51:51.190+05:30  INFO 16576 --- [AIG-ForgeHub] [main] o.s.boot.tomcat.TomcatWebServer          : Tomcat initialized with port 8080 (http)
2026-10-04T23:51:51.205+05:30  INFO 16576 --- [AIG-ForgeHub] [main] o.apache.catalina.core.StandardService   : Starting service [Tomcat]
2026-10-04T23:51:51.206+05:30  INFO 16576 --- [AIG-ForgeHub] [main] o.apache.catalina.core.StandardEngine    : Starting Servlet engine: [Apache Tomcat/11.0.24]
2026-10-04T23:51:51.276+05:30  INFO 16576 --- [AIG-ForgeHub] [main] b.w.c.s.WebApplicationContextInitializer : Root WebApplicationContext: initialization completed in 1472 ms
2026-10-04T23:51:51.314+05:30  INFO 16576 --- [AIG-ForgeHub] [main] c.e.AIG_ForgeHub.security.JwtService     : JwtService initialized successfully
2026-10-04T23:51:51.515+05:30  INFO 16576 --- [AIG-ForgeHub] [main] org.hibernate.orm.jpa                    : HHH008540: Processing PersistenceUnitInfo [name: default]
2026-10-04T23:51:51.587+05:30  INFO 16576 --- [AIG-ForgeHub] [main] org.hibernate.orm.core                   : HHH000001: Hibernate ORM core version 7.4.5.Final
2026-10-04T23:51:52.079+05:30  INFO 16576 --- [AIG-ForgeHub] [main] o.s.o.j.p.SpringPersistenceUnitInfo      : No LoadTimeWeaver setup: ignoring JPA class transformer
2026-10-04T23:51:52.115+05:30  INFO 16576 --- [AIG-ForgeHub] [main] com.zaxxer.hikari.HikariDataSource       : HikariPool-1 - Starting...
2026-10-04T23:51:52.493+05:30  INFO 16576 --- [AIG-ForgeHub] [main] com.zaxxer.hikari.pool.HikariPool        : HikariPool-1 - Added connection com.mysql.cj.jdbc.ConnectionImpl@35af1558
2026-10-04T23:51:52.495+05:30  INFO 16576 --- [AIG-ForgeHub] [main] com.zaxxer.hikari.HikariDataSource       : HikariPool-1 - Start completed.
2026-10-04T23:51:52.574+05:30  INFO 16576 --- [AIG-ForgeHub] [main] org.hibernate.orm.connections.pooling    : HHH10001005: Database info:
	Database JDBC URL [jdbc:mysql://localhost:3306/forgehub]
	Database driver: MySQL Connector/J
	Database dialect: MySQLDialect
	Database version: 8.0.42
	Default catalog/schema: forgehub/undefined
	Autocommit mode: undefined/unknown
	Isolation level: REPEATABLE_READ [default REPEATABLE_READ]
	JDBC fetch size: none
	Pool: DataSourceConnectionProvider
	Minimum pool size: undefined/unknown
	Maximum pool size: undefined/unknown
2026-10-04T23:51:53.748+05:30  INFO 16576 --- [AIG-ForgeHub] [main] org.hibernate.orm.core                   : HHH000489: No JTA platform available (set 'hibernate.transaction.jta.platform' to enable JTA platform integration)
2026-10-04T23:51:53.757+05:30  INFO 16576 --- [AIG-ForgeHub] [main] j.LocalContainerEntityManagerFactoryBean : Initialized JPA EntityManagerFactory for persistence unit 'default'
2026-10-04T23:51:53.846+05:30  INFO 16576 --- [AIG-ForgeHub] [main] o.s.d.j.r.query.QueryEnhancerFactories   : Hibernate is in classpath; If applicable, HQL parser will be used.
2026-10-04T23:51:55.330+05:30  WARN 16576 --- [AIG-ForgeHub] [main] JpaBaseConfiguration$JpaWebConfiguration : spring.jpa.open-in-view is enabled by default. Therefore, database queries may be performed during view rendering. Explicitly configure spring.jpa.open-in-view to disable this warning
2026-10-04T23:51:55.354+05:30  INFO 16576 --- [AIG-ForgeHub] [main] r$InitializeUserDetailsManagerConfigurer : Global AuthenticationManager configured with UserDetailsService bean with name customUserDetailsService
2026-10-04T23:51:55.799+05:30  INFO 16576 --- [AIG-ForgeHub] [main] o.s.boot.tomcat.TomcatWebServer          : Tomcat started on port 8080 (http) with context path '/'
2026-10-04T23:51:55.803+05:30  INFO 16576 --- [AIG-ForgeHub] [main] c.e.AIG_ForgeHub.AigForgeHubApplication  : Started AigForgeHubApplication in 6.596 seconds (process running for 7.27)
2026-10-04T23:52:08.928+05:30  INFO 16576 --- [AIG-ForgeHub] [http-nio-8080-exec-2] o.a.c.c.C.[Tomcat].[localhost].[/]       : Initializing Spring DispatcherServlet 'dispatcherServlet'
2026-10-04T23:52:08.930+05:30  INFO 16576 --- [AIG-ForgeHub] [http-nio-8080-exec-2] o.s.web.servlet.DispatcherServlet        : Initializing Servlet 'dispatcherServlet'
2026-10-04T23:52:08.937+05:30  INFO 16576 --- [AIG-ForgeHub] [http-nio-8080-exec-2] o.s.web.servlet.DispatcherServlet        : Completed initialization in 7 ms
2026-10-04T23:53:45.450+05:30  INFO 16576 --- [AIG-ForgeHub] [http-nio-8080-exec-9] c.e.A.controller.AuthController          : Login attempt for email: shreya1123@gmail.com
2026-10-04T23:53:45.453+05:30  INFO 16576 --- [AIG-ForgeHub] [http-nio-8080-exec-9] c.e.A.serviceImpl.AuthServiceImpl        : Authenticating user: shreya1123@gmail.com
2026-10-04T23:53:45.541+05:30  INFO 16576 --- [AIG-ForgeHub] [http-nio-8080-exec-9] c.e.A.s.CustomUserDetailsService         : Loading user details for authentication: shreya1123@gmail.com
2026-10-04T23:53:45.824+05:30  INFO 16576 --- [AIG-ForgeHub] [http-nio-8080-exec-9] c.e.A.serviceImpl.AuthServiceImpl        : Password authentication successful for user: shreya1123@gmail.com
2026-10-04T23:53:45.908+05:30  INFO 16576 --- [AIG-ForgeHub] [http-nio-8080-exec-9] c.e.A.serviceImpl.AuthServiceImpl        : 2FA secret generated for user: shreya1123@gmail.com
2026-10-04T23:53:45.908+05:30  INFO 16576 --- [AIG-ForgeHub] [http-nio-8080-exec-9] c.e.A.serviceImpl.AuthServiceImpl        : MFA verification required for user: shreya1123@gmail.com
2026-10-04T23:53:45.910+05:30  INFO 16576 --- [AIG-ForgeHub] [http-nio-8080-exec-9] c.e.A.controller.AuthController          : Password authentication verified for email: shreya1123@gmail.com
2026-10-04T23:53:45.910+05:30  INFO 16576 --- [AIG-ForgeHub] [http-nio-8080-exec-9] c.e.A.controller.AuthController          : First time login detected for email: shreya1123@gmail.com
2026-10-04T23:53:45.910+05:30  INFO 16576 --- [AIG-ForgeHub] [http-nio-8080-exec-9] c.e.A.serviceImpl.TwoFactorServiceImpl   : QR code generation requested for user: shreya1123@gmail.com
2026-10-04T23:53:46.081+05:30  INFO 16576 --- [AIG-ForgeHub] [http-nio-8080-exec-9] c.e.A.serviceImpl.TwoFactorServiceImpl   : 2FA QR code generated successfully for user: shreya1123@gmail.com
2026-10-04T23:55:48.767+05:30  INFO 16576 --- [AIG-ForgeHub] [http-nio-8080-exec-5] c.e.A.controller.TwoFactorController     : Proceed to 2FA verification requested for user: shreya1123@gmail.com
2026-10-04T23:56:07.225+05:30  INFO 16576 --- [AIG-ForgeHub] [http-nio-8080-exec-9] c.e.A.controller.TwoFactorController     : 2FA OTP verification request received for user: shreya1123@gmail.com
2026-10-04T23:56:07.226+05:30  INFO 16576 --- [AIG-ForgeHub] [http-nio-8080-exec-9] c.e.A.serviceImpl.TwoFactorServiceImpl   : 2FA OTP verification requested for user: shreya1123@gmail.com
2026-10-04T23:56:07.246+05:30  INFO 16576 --- [AIG-ForgeHub] [http-nio-8080-exec-9] c.e.A.serviceImpl.TwoFactorServiceImpl   : 2FA OTP verified successfully for user: shreya1123@gmail.com
2026-10-04T23:56:07.247+05:30  INFO 16576 --- [AIG-ForgeHub] [http-nio-8080-exec-9] c.e.A.serviceImpl.AuthServiceImpl        : Completing 2FA authentication for user: shreya1123@gmail.com
2026-10-04T23:56:07.435+05:30  INFO 16576 --- [AIG-ForgeHub] [http-nio-8080-exec-9] c.e.A.s.RefreshTokenServiceImpl          : New refresh token generated and stored for user: shreya1123@gmail.com with revoked=false
2026-10-04T23:56:07.442+05:30  INFO 16576 --- [AIG-ForgeHub] [http-nio-8080-exec-9] c.e.A.serviceImpl.AuthServiceImpl        : 2FA authentication completed successfully for user: shreya1123@gmail.com
2026-10-04T23:56:07.460+05:30  INFO 16576 --- [AIG-ForgeHub] [http-nio-8080-exec-9] c.e.A.controller.TwoFactorController     : 2FA verification successful for user: shreya1123@gmail.com
2026-10-04T23:56:07.527+05:30  INFO 16576 --- [AIG-ForgeHub] [http-nio-8080-exec-10] c.e.AIG_ForgeHub.security.JwtAuthFilter  : JWT authentication successful for user: shreya1123@gmail.com with role: ADMIN
2026-10-04T23:56:07.666+05:30  INFO 16576 --- [AIG-ForgeHub] [http-nio-8080-exec-2] c.e.AIG_ForgeHub.security.JwtAuthFilter  : JWT authentication successful for user: shreya1123@gmail.com with role: ADMIN
2026-10-04T23:56:07.680+05:30 ERROR 16576 --- [AIG-ForgeHub] [http-nio-8080-exec-2] c.e.A.exception.GlobalExceptionHandler   : Unexpected error | method=GET path=/css/admin.css

org.springframework.web.servlet.resource.NoResourceFoundException: No static resource css/admin.css for request '/css/admin.css'.
	at org.springframework.web.servlet.resource.ResourceHttpRequestHandler.handleRequest(ResourceHttpRequestHandler.java:527) ~[spring-webmvc-7.0.9.jar:7.0.9]
	at org.springframework.web.servlet.mvc.HttpRequestHandlerAdapter.handle(HttpRequestHandlerAdapter.java:50) ~[spring-webmvc-7.0.9.jar:7.0.9]
	at org.springframework.web.servlet.DispatcherServlet.doDispatch(DispatcherServlet.java:963) ~[spring-webmvc-7.0.9.jar:7.0.9]
	at org.springframework.web.servlet.DispatcherServlet.doService(DispatcherServlet.java:866) ~[spring-webmvc-7.0.9.jar:7.0.9]
	at org.springframework.web.servlet.FrameworkServlet.processRequest(FrameworkServlet.java:1000) ~[spring-webmvc-7.0.9.jar:7.0.9]
	at org.springframework.web.servlet.FrameworkServlet.doGet(FrameworkServlet.java:892) ~[spring-webmvc-7.0.9.jar:7.0.9]
	at jakarta.servlet.http.HttpServlet.service(HttpServlet.java:622) ~[tomcat-embed-core-11.0.24.jar:6.1]
	at org.springframework.web.servlet.FrameworkServlet.service(FrameworkServlet.java:874) ~[spring-webmvc-7.0.9.jar:7.0.9]
	at jakarta.servlet.http.HttpServlet.service(HttpServlet.java:710) ~[tomcat-embed-core-11.0.24.jar:6.1]
	at org.apache.catalina.core.ApplicationFilterChain.doFilter(ApplicationFilterChain.java:132) ~[tomcat-embed-core-11.0.24.jar:11.0.24]
	at org.apache.tomcat.websocket.server.WsFilter.doFilter(WsFilter.java:59) ~[tomcat-embed-websocket-11.0.24.jar:11.0.24]
	at org.apache.catalina.core.ApplicationFilterChain.doFilter(ApplicationFilterChain.java:111) ~[tomcat-embed-core-11.0.24.jar:11.0.24]
	at org.springframework.web.filter.OncePerRequestFilter.doFilter(OncePerRequestFilter.java:110) ~[spring-web-7.0.9.jar:7.0.9]
	at org.apache.catalina.core.ApplicationFilterChain.doFilter(ApplicationFilterChain.java:111) ~[tomcat-embed-core-11.0.24.jar:11.0.24]
	at org.springframework.web.filter.CompositeFilter$VirtualFilterChain.doFilter(CompositeFilter.java:108) ~[spring-web-7.0.9.jar:7.0.9]
	at org.springframework.security.web.FilterChainProxy.lambda$doFilterInternal$2(FilterChainProxy.java:235) ~[spring-security-web-7.1.1.jar:7.1.1]
	at org.springframework.security.web.FilterChainProxy$VirtualFilterChain.doFilter(FilterChainProxy.java:376) ~[spring-security-web-7.1.1.jar:7.1.1]
	at org.springframework.security.web.access.intercept.AuthorizationFilter.doFilter(AuthorizationFilter.java:101) ~[spring-security-web-7.1.1.jar:7.1.1]
	at org.springframework.security.web.FilterChainProxy$VirtualFilterChain.doFilter(FilterChainProxy.java:385) ~[spring-security-web-7.1.1.jar:7.1.1]
	at org.springframework.security.web.access.ExceptionTranslationFilter.doFilter(ExceptionTranslationFilter.java:126) ~[spring-security-web-7.1.1.jar:7.1.1]
	at org.springframework.security.web.access.ExceptionTranslationFilter.doFilter(ExceptionTranslationFilter.java:120) ~[spring-security-web-7.1.1.jar:7.1.1]
	at org.springframework.security.web.FilterChainProxy$VirtualFilterChain.doFilter(FilterChainProxy.java:385) ~[spring-security-web-7.1.1.jar:7.1.1]
	at org.springframework.security.web.session.SessionManagementFilter.doFilter(SessionManagementFilter.java:132) ~[spring-security-web-7.1.1.jar:7.1.1]
	at org.springframework.security.web.session.SessionManagementFilter.doFilter(SessionManagementFilter.java:86) ~[spring-security-web-7.1.1.jar:7.1.1]
	at org.springframework.security.web.FilterChainProxy$VirtualFilterChain.doFilter(FilterChainProxy.java:385) ~[spring-security-web-7.1.1.jar:7.1.1]
	at org.springframework.security.web.authentication.AnonymousAuthenticationFilter.doFilter(AnonymousAuthenticationFilter.java:100) ~[spring-security-web-7.1.1.jar:7.1.1]
	at org.springframework.security.web.FilterChainProxy$VirtualFilterChain.doFilter(FilterChainProxy.java:385) ~[spring-security-web-7.1.1.jar:7.1.1]
	at org.springframework.security.web.servletapi.SecurityContextHolderAwareRequestFilter.doFilter(SecurityContextHolderAwareRequestFilter.java:181) ~[spring-security-web-7.1.1.jar:7.1.1]
	at org.springframework.security.web.FilterChainProxy$VirtualFilterChain.doFilter(FilterChainProxy.java:385) ~[spring-security-web-7.1.1.jar:7.1.1]
	at org.springframework.security.web.savedrequest.RequestCacheAwareFilter.doFilter(RequestCacheAwareFilter.java:63) ~[spring-security-web-7.1.1.jar:7.1.1]
	at org.springframework.security.web.FilterChainProxy$VirtualFilterChain.doFilter(FilterChainProxy.java:385) ~[spring-security-web-7.1.1.jar:7.1.1]
	at com.example.AIG_ForgeHub.security.JwtAuthFilter.doFilterInternal(JwtAuthFilter.java:88) ~[classes/:na]
	at org.springframework.web.filter.OncePerRequestFilter.doFilter(OncePerRequestFilter.java:116) ~[spring-web-7.0.9.jar:7.0.9]
	at org.springframework.security.web.FilterChainProxy$VirtualFilterChain.doFilter(FilterChainProxy.java:385) ~[spring-security-web-7.1.1.jar:7.1.1]
	at org.springframework.security.web.authentication.logout.LogoutFilter.doFilter(LogoutFilter.java:110) ~[spring-security-web-7.1.1.jar:7.1.1]
	at org.springframework.security.web.authentication.logout.LogoutFilter.doFilter(LogoutFilter.java:96) ~[spring-security-web-7.1.1.jar:7.1.1]
	at org.springframework.security.web.FilterChainProxy$VirtualFilterChain.doFilter(FilterChainProxy.java:385) ~[spring-security-web-7.1.1.jar:7.1.1]
	at org.springframework.security.web.header.HeaderWriterFilter.doHeadersAfter(HeaderWriterFilter.java:90) ~[spring-security-web-7.1.1.jar:7.1.1]
	at org.springframework.security.web.header.HeaderWriterFilter.doFilterInternal(HeaderWriterFilter.java:75) ~[spring-security-web-7.1.1.jar:7.1.1]
	at org.springframework.web.filter.OncePerRequestFilter.doFilter(OncePerRequestFilter.java:116) ~[spring-web-7.0.9.jar:7.0.9]
	at org.springframework.security.web.FilterChainProxy$VirtualFilterChain.doFilter(FilterChainProxy.java:385) ~[spring-security-web-7.1.1.jar:7.1.1]
	at org.springframework.security.web.context.SecurityContextHolderFilter.doFilter(SecurityContextHolderFilter.java:82) ~[spring-security-web-7.1.1.jar:7.1.1]
	at org.springframework.security.web.context.SecurityContextHolderFilter.doFilter(SecurityContextHolderFilter.java:69) ~[spring-security-web-7.1.1.jar:7.1.1]
	at org.springframework.security.web.FilterChainProxy$VirtualFilterChain.doFilter(FilterChainProxy.java:385) ~[spring-security-web-7.1.1.jar:7.1.1]
	at org.springframework.security.web.context.request.async.WebAsyncManagerIntegrationFilter.doFilterInternal(WebAsyncManagerIntegrationFilter.java:62) ~[spring-security-web-7.1.1.jar:7.1.1]
	at org.springframework.web.filter.OncePerRequestFilter.doFilter(OncePerRequestFilter.java:116) ~[spring-web-7.0.9.jar:7.0.9]
	at org.springframework.security.web.FilterChainProxy$VirtualFilterChain.doFilter(FilterChainProxy.java:385) ~[spring-security-web-7.1.1.jar:7.1.1]
	at org.springframework.security.web.session.DisableEncodeUrlFilter.doFilterInternal(DisableEncodeUrlFilter.java:42) ~[spring-security-web-7.1.1.jar:7.1.1]
	at org.springframework.web.filter.OncePerRequestFilter.doFilter(OncePerRequestFilter.java:116) ~[spring-web-7.0.9.jar:7.0.9]
	at org.springframework.security.web.FilterChainProxy$VirtualFilterChain.doFilter(FilterChainProxy.java:385) ~[spring-security-web-7.1.1.jar:7.1.1]
	at org.springframework.security.web.FilterChainProxy.doFilterInternal(FilterChainProxy.java:237) ~[spring-security-web-7.1.1.jar:7.1.1]
	at org.springframework.security.web.FilterChainProxy.doFilter(FilterChainProxy.java:195) ~[spring-security-web-7.1.1.jar:7.1.1]
	at org.springframework.web.filter.CompositeFilter$VirtualFilterChain.doFilter(CompositeFilter.java:113) ~[spring-web-7.0.9.jar:7.0.9]
	at org.springframework.web.filter.ServletRequestPathFilter.doFilter(ServletRequestPathFilter.java:52) ~[spring-web-7.0.9.jar:7.0.9]
	at org.springframework.web.filter.CompositeFilter$VirtualFilterChain.doFilter(CompositeFilter.java:113) ~[spring-web-7.0.9.jar:7.0.9]
	at org.springframework.web.filter.CompositeFilter.doFilter(CompositeFilter.java:74) ~[spring-web-7.0.9.jar:7.0.9]
	at org.springframework.security.config.annotation.web.configuration.WebSecurityConfiguration$CompositeFilterChainProxy.doFilter(WebSecurityConfiguration.java:317) ~[spring-security-config-7.1.1.jar:7.1.1]
	at org.springframework.web.filter.DelegatingFilterProxy.invokeDelegate(DelegatingFilterProxy.java:355) ~[spring-web-7.0.9.jar:7.0.9]
	at org.springframework.web.filter.DelegatingFilterProxy.doFilter(DelegatingFilterProxy.java:272) ~[spring-web-7.0.9.jar:7.0.9]
	at org.apache.catalina.core.ApplicationFilterChain.doFilter(ApplicationFilterChain.java:111) ~[tomcat-embed-core-11.0.24.jar:11.0.24]
	at org.springframework.web.filter.RequestContextFilter.doFilterInternal(RequestContextFilter.java:100) ~[spring-web-7.0.9.jar:7.0.9]
	at org.springframework.web.filter.OncePerRequestFilter.doFilter(OncePerRequestFilter.java:116) ~[spring-web-7.0.9.jar:7.0.9]
	at org.apache.catalina.core.ApplicationFilterChain.doFilter(ApplicationFilterChain.java:111) ~[tomcat-embed-core-11.0.24.jar:11.0.24]
	at org.springframework.web.filter.FormContentFilter.doFilterInternal(FormContentFilter.java:93) ~[spring-web-7.0.9.jar:7.0.9]
	at org.springframework.web.filter.OncePerRequestFilter.doFilter(OncePerRequestFilter.java:116) ~[spring-web-7.0.9.jar:7.0.9]
	at org.apache.catalina.core.ApplicationFilterChain.doFilter(ApplicationFilterChain.java:111) ~[tomcat-embed-core-11.0.24.jar:11.0.24]
	at org.springframework.web.filter.CharacterEncodingFilter.doFilterInternal(CharacterEncodingFilter.java:199) ~[spring-web-7.0.9.jar:7.0.9]
	at org.springframework.web.filter.OncePerRequestFilter.doFilter(OncePerRequestFilter.java:116) ~[spring-web-7.0.9.jar:7.0.9]
	at org.apache.catalina.core.ApplicationFilterChain.doFilter(ApplicationFilterChain.java:111) ~[tomcat-embed-core-11.0.24.jar:11.0.24]
	at org.apache.catalina.core.StandardWrapperValve.invoke(StandardWrapperValve.java:165) ~[tomcat-embed-core-11.0.24.jar:11.0.24]
	at org.apache.catalina.core.StandardContextValve.invoke(StandardContextValve.java:77) ~[tomcat-embed-core-11.0.24.jar:11.0.24]
	at org.apache.catalina.authenticator.AuthenticatorBase.invoke(AuthenticatorBase.java:535) ~[tomcat-embed-core-11.0.24.jar:11.0.24]
	at org.apache.catalina.core.StandardHostValve.invoke(StandardHostValve.java:115) ~[tomcat-embed-core-11.0.24.jar:11.0.24]
	at org.apache.catalina.valves.ErrorReportValve.invoke(ErrorReportValve.java:86) ~[tomcat-embed-core-11.0.24.jar:11.0.24]
	at org.apache.catalina.core.StandardEngineValve.invoke(StandardEngineValve.java:71) ~[tomcat-embed-core-11.0.24.jar:11.0.24]
	at org.apache.catalina.connector.CoyoteAdapter.service(CoyoteAdapter.java:347) ~[tomcat-embed-core-11.0.24.jar:11.0.24]
	at org.apache.coyote.http11.Http11Processor.service(Http11Processor.java:406) ~[tomcat-embed-core-11.0.24.jar:11.0.24]
	at org.apache.coyote.AbstractProcessorLight.process(AbstractProcessorLight.java:71) ~[tomcat-embed-core-11.0.24.jar:11.0.24]
	at org.apache.coyote.AbstractProtocol$ConnectionHandler.process(AbstractProtocol.java:1307) ~[tomcat-embed-core-11.0.24.jar:11.0.24]
	at org.apache.tomcat.util.net.NioEndpoint$SocketProcessor.doRun(NioEndpoint.java:2036) ~[tomcat-embed-core-11.0.24.jar:11.0.24]
	at org.apache.tomcat.util.net.SocketProcessorBase.run(SocketProcessorBase.java:74) ~[tomcat-embed-core-11.0.24.jar:11.0.24]
	at org.apache.tomcat.util.threads.ThreadPoolExecutor.runWorker(ThreadPoolExecutor.java:949) ~[tomcat-embed-core-11.0.24.jar:11.0.24]
	at org.apache.tomcat.util.threads.ThreadPoolExecutor$Worker.run(ThreadPoolExecutor.java:483) ~[tomcat-embed-core-11.0.24.jar:11.0.24]
	at org.apache.tomcat.util.threads.TaskThread$WrappingRunnable.run(TaskThread.java:74) ~[tomcat-embed-core-11.0.24.jar:11.0.24]
	at java.base/java.lang.Thread.run(Thread.java:1583) ~[na:na]

2026-10-04T23:56:07.758+05:30  INFO 16576 --- [AIG-ForgeHub] [http-nio-8080-exec-1] c.e.AIG_ForgeHub.security.JwtAuthFilter  : JWT authentication successful for user: shreya1123@gmail.com with role: ADMIN
2026-10-04T23:56:07.969+05:30  INFO 16576 --- [AIG-ForgeHub] [http-nio-8080-exec-3] c.e.AIG_ForgeHub.security.JwtAuthFilter  : JWT authentication successful for user: shreya1123@gmail.com with role: ADMIN
2026-10-04T23:56:07.976+05:30 ERROR 16576 --- [AIG-ForgeHub] [http-nio-8080-exec-3] c.e.A.exception.GlobalExceptionHandler   : Unexpected error | method=GET path=/favicon.ico

org.springframework.web.servlet.resource.NoResourceFoundException: No static resource favicon.ico for request '/favicon.ico'.
	at org.springframework.web.servlet.resource.ResourceHttpRequestHandler.handleRequest(ResourceHttpRequestHandler.java:527) ~[spring-webmvc-7.0.9.jar:7.0.9]
	at org.springframework.web.servlet.mvc.HttpRequestHandlerAdapter.handle(HttpRequestHandlerAdapter.java:50) ~[spring-webmvc-7.0.9.jar:7.0.9]
	at org.springframework.web.servlet.DispatcherServlet.doDispatch(DispatcherServlet.java:963) ~[spring-webmvc-7.0.9.jar:7.0.9]
	at org.springframework.web.servlet.DispatcherServlet.doService(DispatcherServlet.java:866) ~[spring-webmvc-7.0.9.jar:7.0.9]
	at org.springframework.web.servlet.FrameworkServlet.processRequest(FrameworkServlet.java:1000) ~[spring-webmvc-7.0.9.jar:7.0.9]
	at org.springframework.web.servlet.FrameworkServlet.doGet(FrameworkServlet.java:892) ~[spring-webmvc-7.0.9.jar:7.0.9]
	at jakarta.servlet.http.HttpServlet.service(HttpServlet.java:622) ~[tomcat-embed-core-11.0.24.jar:6.1]
	at org.springframework.web.servlet.FrameworkServlet.service(FrameworkServlet.java:874) ~[spring-webmvc-7.0.9.jar:7.0.9]
	at jakarta.servlet.http.HttpServlet.service(HttpServlet.java:710) ~[tomcat-embed-core-11.0.24.jar:6.1]
	at org.apache.catalina.core.ApplicationFilterChain.doFilter(ApplicationFilterChain.java:132) ~[tomcat-embed-core-11.0.24.jar:11.0.24]
	at org.apache.tomcat.websocket.server.WsFilter.doFilter(WsFilter.java:59) ~[tomcat-embed-websocket-11.0.24.jar:11.0.24]
	at org.apache.catalina.core.ApplicationFilterChain.doFilter(ApplicationFilterChain.java:111) ~[tomcat-embed-core-11.0.24.jar:11.0.24]
	at org.springframework.web.filter.OncePerRequestFilter.doFilter(OncePerRequestFilter.java:110) ~[spring-web-7.0.9.jar:7.0.9]
	at org.apache.catalina.core.ApplicationFilterChain.doFilter(ApplicationFilterChain.java:111) ~[tomcat-embed-core-11.0.24.jar:11.0.24]
	at org.springframework.web.filter.CompositeFilter$VirtualFilterChain.doFilter(CompositeFilter.java:108) ~[spring-web-7.0.9.jar:7.0.9]
	at org.springframework.security.web.FilterChainProxy.lambda$doFilterInternal$2(FilterChainProxy.java:235) ~[spring-security-web-7.1.1.jar:7.1.1]
	at org.springframework.security.web.FilterChainProxy$VirtualFilterChain.doFilter(FilterChainProxy.java:376) ~[spring-security-web-7.1.1.jar:7.1.1]
	at org.springframework.security.web.access.intercept.AuthorizationFilter.doFilter(AuthorizationFilter.java:101) ~[spring-security-web-7.1.1.jar:7.1.1]
	at org.springframework.security.web.FilterChainProxy$VirtualFilterChain.doFilter(FilterChainProxy.java:385) ~[spring-security-web-7.1.1.jar:7.1.1]
	at org.springframework.security.web.access.ExceptionTranslationFilter.doFilter(ExceptionTranslationFilter.java:126) ~[spring-security-web-7.1.1.jar:7.1.1]
	at org.springframework.security.web.access.ExceptionTranslationFilter.doFilter(ExceptionTranslationFilter.java:120) ~[spring-security-web-7.1.1.jar:7.1.1]
	at org.springframework.security.web.FilterChainProxy$VirtualFilterChain.doFilter(FilterChainProxy.java:385) ~[spring-security-web-7.1.1.jar:7.1.1]
	at org.springframework.security.web.session.SessionManagementFilter.doFilter(SessionManagementFilter.java:132) ~[spring-security-web-7.1.1.jar:7.1.1]
	at org.springframework.security.web.session.SessionManagementFilter.doFilter(SessionManagementFilter.java:86) ~[spring-security-web-7.1.1.jar:7.1.1]
	at org.springframework.security.web.FilterChainProxy$VirtualFilterChain.doFilter(FilterChainProxy.java:385) ~[spring-security-web-7.1.1.jar:7.1.1]
	at org.springframework.security.web.authentication.AnonymousAuthenticationFilter.doFilter(AnonymousAuthenticationFilter.java:100) ~[spring-security-web-7.1.1.jar:7.1.1]
	at org.springframework.security.web.FilterChainProxy$VirtualFilterChain.doFilter(FilterChainProxy.java:385) ~[spring-security-web-7.1.1.jar:7.1.1]
	at org.springframework.security.web.servletapi.SecurityContextHolderAwareRequestFilter.doFilter(SecurityContextHolderAwareRequestFilter.java:181) ~[spring-security-web-7.1.1.jar:7.1.1]
	at org.springframework.security.web.FilterChainProxy$VirtualFilterChain.doFilter(FilterChainProxy.java:385) ~[spring-security-web-7.1.1.jar:7.1.1]
	at org.springframework.security.web.savedrequest.RequestCacheAwareFilter.doFilter(RequestCacheAwareFilter.java:63) ~[spring-security-web-7.1.1.jar:7.1.1]
	at org.springframework.security.web.FilterChainProxy$VirtualFilterChain.doFilter(FilterChainProxy.java:385) ~[spring-security-web-7.1.1.jar:7.1.1]
	at com.example.AIG_ForgeHub.security.JwtAuthFilter.doFilterInternal(JwtAuthFilter.java:88) ~[classes/:na]
	at org.springframework.web.filter.OncePerRequestFilter.doFilter(OncePerRequestFilter.java:116) ~[spring-web-7.0.9.jar:7.0.9]
	at org.springframework.security.web.FilterChainProxy$VirtualFilterChain.doFilter(FilterChainProxy.java:385) ~[spring-security-web-7.1.1.jar:7.1.1]
	at org.springframework.security.web.authentication.logout.LogoutFilter.doFilter(LogoutFilter.java:110) ~[spring-security-web-7.1.1.jar:7.1.1]
	at org.springframework.security.web.authentication.logout.LogoutFilter.doFilter(LogoutFilter.java:96) ~[spring-security-web-7.1.1.jar:7.1.1]
	at org.springframework.security.web.FilterChainProxy$VirtualFilterChain.doFilter(FilterChainProxy.java:385) ~[spring-security-web-7.1.1.jar:7.1.1]
	at org.springframework.security.web.header.HeaderWriterFilter.doHeadersAfter(HeaderWriterFilter.java:90) ~[spring-security-web-7.1.1.jar:7.1.1]
	at org.springframework.security.web.header.HeaderWriterFilter.doFilterInternal(HeaderWriterFilter.java:75) ~[spring-security-web-7.1.1.jar:7.1.1]
	at org.springframework.web.filter.OncePerRequestFilter.doFilter(OncePerRequestFilter.java:116) ~[spring-web-7.0.9.jar:7.0.9]
	at org.springframework.security.web.FilterChainProxy$VirtualFilterChain.doFilter(FilterChainProxy.java:385) ~[spring-security-web-7.1.1.jar:7.1.1]
	at org.springframework.security.web.context.SecurityContextHolderFilter.doFilter(SecurityContextHolderFilter.java:82) ~[spring-security-web-7.1.1.jar:7.1.1]
	at org.springframework.security.web.context.SecurityContextHolderFilter.doFilter(SecurityContextHolderFilter.java:69) ~[spring-security-web-7.1.1.jar:7.1.1]
	at org.springframework.security.web.FilterChainProxy$VirtualFilterChain.doFilter(FilterChainProxy.java:385) ~[spring-security-web-7.1.1.jar:7.1.1]
	at org.springframework.security.web.context.request.async.WebAsyncManagerIntegrationFilter.doFilterInternal(WebAsyncManagerIntegrationFilter.java:62) ~[spring-security-web-7.1.1.jar:7.1.1]
	at org.springframework.web.filter.OncePerRequestFilter.doFilter(OncePerRequestFilter.java:116) ~[spring-web-7.0.9.jar:7.0.9]
	at org.springframework.security.web.FilterChainProxy$VirtualFilterChain.doFilter(FilterChainProxy.java:385) ~[spring-security-web-7.1.1.jar:7.1.1]
	at org.springframework.security.web.session.DisableEncodeUrlFilter.doFilterInternal(DisableEncodeUrlFilter.java:42) ~[spring-security-web-7.1.1.jar:7.1.1]
	at org.springframework.web.filter.OncePerRequestFilter.doFilter(OncePerRequestFilter.java:116) ~[spring-web-7.0.9.jar:7.0.9]
	at org.springframework.security.web.FilterChainProxy$VirtualFilterChain.doFilter(FilterChainProxy.java:385) ~[spring-security-web-7.1.1.jar:7.1.1]
	at org.springframework.security.web.FilterChainProxy.doFilterInternal(FilterChainProxy.java:237) ~[spring-security-web-7.1.1.jar:7.1.1]
	at org.springframework.security.web.FilterChainProxy.doFilter(FilterChainProxy.java:195) ~[spring-security-web-7.1.1.jar:7.1.1]
	at org.springframework.web.filter.CompositeFilter$VirtualFilterChain.doFilter(CompositeFilter.java:113) ~[spring-web-7.0.9.jar:7.0.9]
	at org.springframework.web.filter.ServletRequestPathFilter.doFilter(ServletRequestPathFilter.java:52) ~[spring-web-7.0.9.jar:7.0.9]
	at org.springframework.web.filter.CompositeFilter$VirtualFilterChain.doFilter(CompositeFilter.java:113) ~[spring-web-7.0.9.jar:7.0.9]
	at org.springframework.web.filter.CompositeFilter.doFilter(CompositeFilter.java:74) ~[spring-web-7.0.9.jar:7.0.9]
	at org.springframework.security.config.annotation.web.configuration.WebSecurityConfiguration$CompositeFilterChainProxy.doFilter(WebSecurityConfiguration.java:317) ~[spring-security-config-7.1.1.jar:7.1.1]
	at org.springframework.web.filter.DelegatingFilterProxy.invokeDelegate(DelegatingFilterProxy.java:355) ~[spring-web-7.0.9.jar:7.0.9]
	at org.springframework.web.filter.DelegatingFilterProxy.doFilter(DelegatingFilterProxy.java:272) ~[spring-web-7.0.9.jar:7.0.9]
	at org.apache.catalina.core.ApplicationFilterChain.doFilter(ApplicationFilterChain.java:111) ~[tomcat-embed-core-11.0.24.jar:11.0.24]
	at org.springframework.web.filter.RequestContextFilter.doFilterInternal(RequestContextFilter.java:100) ~[spring-web-7.0.9.jar:7.0.9]
	at org.springframework.web.filter.OncePerRequestFilter.doFilter(OncePerRequestFilter.java:116) ~[spring-web-7.0.9.jar:7.0.9]
	at org.apache.catalina.core.ApplicationFilterChain.doFilter(ApplicationFilterChain.java:111) ~[tomcat-embed-core-11.0.24.jar:11.0.24]
	at org.springframework.web.filter.FormContentFilter.doFilterInternal(FormContentFilter.java:93) ~[spring-web-7.0.9.jar:7.0.9]
	at org.springframework.web.filter.OncePerRequestFilter.doFilter(OncePerRequestFilter.java:116) ~[spring-web-7.0.9.jar:7.0.9]
	at org.apache.catalina.core.ApplicationFilterChain.doFilter(ApplicationFilterChain.java:111) ~[tomcat-embed-core-11.0.24.jar:11.0.24]
	at org.springframework.web.filter.CharacterEncodingFilter.doFilterInternal(CharacterEncodingFilter.java:199) ~[spring-web-7.0.9.jar:7.0.9]
	at org.springframework.web.filter.OncePerRequestFilter.doFilter(OncePerRequestFilter.java:116) ~[spring-web-7.0.9.jar:7.0.9]
	at org.apache.catalina.core.ApplicationFilterChain.doFilter(ApplicationFilterChain.java:111) ~[tomcat-embed-core-11.0.24.jar:11.0.24]
	at org.apache.catalina.core.StandardWrapperValve.invoke(StandardWrapperValve.java:165) ~[tomcat-embed-core-11.0.24.jar:11.0.24]
	at org.apache.catalina.core.StandardContextValve.invoke(StandardContextValve.java:77) ~[tomcat-embed-core-11.0.24.jar:11.0.24]
	at org.apache.catalina.authenticator.AuthenticatorBase.invoke(AuthenticatorBase.java:535) ~[tomcat-embed-core-11.0.24.jar:11.0.24]
	at org.apache.catalina.core.StandardHostValve.invoke(StandardHostValve.java:115) ~[tomcat-embed-core-11.0.24.jar:11.0.24]
	at org.apache.catalina.valves.ErrorReportValve.invoke(ErrorReportValve.java:86) ~[tomcat-embed-core-11.0.24.jar:11.0.24]
	at org.apache.catalina.core.StandardEngineValve.invoke(StandardEngineValve.java:71) ~[tomcat-embed-core-11.0.24.jar:11.0.24]
	at org.apache.catalina.connector.CoyoteAdapter.service(CoyoteAdapter.java:347) ~[tomcat-embed-core-11.0.24.jar:11.0.24]
	at org.apache.coyote.http11.Http11Processor.service(Http11Processor.java:406) ~[tomcat-embed-core-11.0.24.jar:11.0.24]
	at org.apache.coyote.AbstractProcessorLight.process(AbstractProcessorLight.java:71) ~[tomcat-embed-core-11.0.24.jar:11.0.24]
	at org.apache.coyote.AbstractProtocol$ConnectionHandler.process(AbstractProtocol.java:1307) ~[tomcat-embed-core-11.0.24.jar:11.0.24]
	at org.apache.tomcat.util.net.NioEndpoint$SocketProcessor.doRun(NioEndpoint.java:2036) ~[tomcat-embed-core-11.0.24.jar:11.0.24]
	at org.apache.tomcat.util.net.SocketProcessorBase.run(SocketProcessorBase.java:74) ~[tomcat-embed-core-11.0.24.jar:11.0.24]
	at org.apache.tomcat.util.threads.ThreadPoolExecutor.runWorker(ThreadPoolExecutor.java:949) ~[tomcat-embed-core-11.0.24.jar:11.0.24]
	at org.apache.tomcat.util.threads.ThreadPoolExecutor$Worker.run(ThreadPoolExecutor.java:483) ~[tomcat-embed-core-11.0.24.jar:11.0.24]
	at org.apache.tomcat.util.threads.TaskThread$WrappingRunnable.run(TaskThread.java:74) ~[tomcat-embed-core-11.0.24.jar:11.0.24]
	at java.base/java.lang.Thread.run(Thread.java:1583) ~[na:na]

2026-10-04T23:56:07.991+05:30  INFO 16576 --- [AIG-ForgeHub] [http-nio-8080-exec-6] c.e.AIG_ForgeHub.security.JwtAuthFilter  : JWT authentication successful for user: shreya1123@gmail.com with role: ADMIN
2026-10-04T23:56:22.069+05:30  INFO 16576 --- [AIG-ForgeHub] [http-nio-8080-exec-5] c.e.AIG_ForgeHub.security.JwtAuthFilter  : JWT authentication successful for user: shreya1123@gmail.com with role: ADMIN
2026-10-04T23:56:22.169+05:30  INFO 16576 --- [AIG-ForgeHub] [http-nio-8080-exec-4] c.e.AIG_ForgeHub.security.JwtAuthFilter  : JWT authentication successful for user: shreya1123@gmail.com with role: ADMIN
2026-10-04T23:56:22.174+05:30 ERROR 16576 --- [AIG-ForgeHub] [http-nio-8080-exec-4] c.e.A.exception.GlobalExceptionHandler   : Unexpected error | method=GET path=/css/admin.css

org.springframework.web.servlet.resource.NoResourceFoundException: No static resource css/admin.css for request '/css/admin.css'.
	at org.springframework.web.servlet.resource.ResourceHttpRequestHandler.handleRequest(ResourceHttpRequestHandler.java:527) ~[spring-webmvc-7.0.9.jar:7.0.9]
	at org.springframework.web.servlet.mvc.HttpRequestHandlerAdapter.handle(HttpRequestHandlerAdapter.java:50) ~[spring-webmvc-7.0.9.jar:7.0.9]
	at org.springframework.web.servlet.DispatcherServlet.doDispatch(DispatcherServlet.java:963) ~[spring-webmvc-7.0.9.jar:7.0.9]
	at org.springframework.web.servlet.DispatcherServlet.doService(DispatcherServlet.java:866) ~[spring-webmvc-7.0.9.jar:7.0.9]
	at org.springframework.web.servlet.FrameworkServlet.processRequest(FrameworkServlet.java:1000) ~[spring-webmvc-7.0.9.jar:7.0.9]
	at org.springframework.web.servlet.FrameworkServlet.doGet(FrameworkServlet.java:892) ~[spring-webmvc-7.0.9.jar:7.0.9]
	at jakarta.servlet.http.HttpServlet.service(HttpServlet.java:622) ~[tomcat-embed-core-11.0.24.jar:6.1]
	at org.springframework.web.servlet.FrameworkServlet.service(FrameworkServlet.java:874) ~[spring-webmvc-7.0.9.jar:7.0.9]
	at jakarta.servlet.http.HttpServlet.service(HttpServlet.java:710) ~[tomcat-embed-core-11.0.24.jar:6.1]
	at org.apache.catalina.core.ApplicationFilterChain.doFilter(ApplicationFilterChain.java:132) ~[tomcat-embed-core-11.0.24.jar:11.0.24]
	at org.apache.tomcat.websocket.server.WsFilter.doFilter(WsFilter.java:59) ~[tomcat-embed-websocket-11.0.24.jar:11.0.24]
	at org.apache.catalina.core.ApplicationFilterChain.doFilter(ApplicationFilterChain.java:111) ~[tomcat-embed-core-11.0.24.jar:11.0.24]
	at org.springframework.web.filter.OncePerRequestFilter.doFilter(OncePerRequestFilter.java:110) ~[spring-web-7.0.9.jar:7.0.9]
	at org.apache.catalina.core.ApplicationFilterChain.doFilter(ApplicationFilterChain.java:111) ~[tomcat-embed-core-11.0.24.jar:11.0.24]
	at org.springframework.web.filter.CompositeFilter$VirtualFilterChain.doFilter(CompositeFilter.java:108) ~[spring-web-7.0.9.jar:7.0.9]
	at org.springframework.security.web.FilterChainProxy.lambda$doFilterInternal$2(FilterChainProxy.java:235) ~[spring-security-web-7.1.1.jar:7.1.1]
	at org.springframework.security.web.FilterChainProxy$VirtualFilterChain.doFilter(FilterChainProxy.java:376) ~[spring-security-web-7.1.1.jar:7.1.1]
	at org.springframework.security.web.access.intercept.AuthorizationFilter.doFilter(AuthorizationFilter.java:101) ~[spring-security-web-7.1.1.jar:7.1.1]
	at org.springframework.security.web.FilterChainProxy$VirtualFilterChain.doFilter(FilterChainProxy.java:385) ~[spring-security-web-7.1.1.jar:7.1.1]
	at org.springframework.security.web.access.ExceptionTranslationFilter.doFilter(ExceptionTranslationFilter.java:126) ~[spring-security-web-7.1.1.jar:7.1.1]
	at org.springframework.security.web.access.ExceptionTranslationFilter.doFilter(ExceptionTranslationFilter.java:120) ~[spring-security-web-7.1.1.jar:7.1.1]
	at org.springframework.security.web.FilterChainProxy$VirtualFilterChain.doFilter(FilterChainProxy.java:385) ~[spring-security-web-7.1.1.jar:7.1.1]
	at org.springframework.security.web.session.SessionManagementFilter.doFilter(SessionManagementFilter.java:132) ~[spring-security-web-7.1.1.jar:7.1.1]
	at org.springframework.security.web.session.SessionManagementFilter.doFilter(SessionManagementFilter.java:86) ~[spring-security-web-7.1.1.jar:7.1.1]
	at org.springframework.security.web.FilterChainProxy$VirtualFilterChain.doFilter(FilterChainProxy.java:385) ~[spring-security-web-7.1.1.jar:7.1.1]
	at org.springframework.security.web.authentication.AnonymousAuthenticationFilter.doFilter(AnonymousAuthenticationFilter.java:100) ~[spring-security-web-7.1.1.jar:7.1.1]
	at org.springframework.security.web.FilterChainProxy$VirtualFilterChain.doFilter(FilterChainProxy.java:385) ~[spring-security-web-7.1.1.jar:7.1.1]
	at org.springframework.security.web.servletapi.SecurityContextHolderAwareRequestFilter.doFilter(SecurityContextHolderAwareRequestFilter.java:181) ~[spring-security-web-7.1.1.jar:7.1.1]
	at org.springframework.security.web.FilterChainProxy$VirtualFilterChain.doFilter(FilterChainProxy.java:385) ~[spring-security-web-7.1.1.jar:7.1.1]
	at org.springframework.security.web.savedrequest.RequestCacheAwareFilter.doFilter(RequestCacheAwareFilter.java:63) ~[spring-security-web-7.1.1.jar:7.1.1]
	at org.springframework.security.web.FilterChainProxy$VirtualFilterChain.doFilter(FilterChainProxy.java:385) ~[spring-security-web-7.1.1.jar:7.1.1]
	at com.example.AIG_ForgeHub.security.JwtAuthFilter.doFilterInternal(JwtAuthFilter.java:88) ~[classes/:na]
	at org.springframework.web.filter.OncePerRequestFilter.doFilter(OncePerRequestFilter.java:116) ~[spring-web-7.0.9.jar:7.0.9]
	at org.springframework.security.web.FilterChainProxy$VirtualFilterChain.doFilter(FilterChainProxy.java:385) ~[spring-security-web-7.1.1.jar:7.1.1]
	at org.springframework.security.web.authentication.logout.LogoutFilter.doFilter(LogoutFilter.java:110) ~[spring-security-web-7.1.1.jar:7.1.1]
	at org.springframework.security.web.authentication.logout.LogoutFilter.doFilter(LogoutFilter.java:96) ~[spring-security-web-7.1.1.jar:7.1.1]
	at org.springframework.security.web.FilterChainProxy$VirtualFilterChain.doFilter(FilterChainProxy.java:385) ~[spring-security-web-7.1.1.jar:7.1.1]
	at org.springframework.security.web.header.HeaderWriterFilter.doHeadersAfter(HeaderWriterFilter.java:90) ~[spring-security-web-7.1.1.jar:7.1.1]
	at org.springframework.security.web.header.HeaderWriterFilter.doFilterInternal(HeaderWriterFilter.java:75) ~[spring-security-web-7.1.1.jar:7.1.1]
	at org.springframework.web.filter.OncePerRequestFilter.doFilter(OncePerRequestFilter.java:116) ~[spring-web-7.0.9.jar:7.0.9]
	at org.springframework.security.web.FilterChainProxy$VirtualFilterChain.doFilter(FilterChainProxy.java:385) ~[spring-security-web-7.1.1.jar:7.1.1]
	at org.springframework.security.web.context.SecurityContextHolderFilter.doFilter(SecurityContextHolderFilter.java:82) ~[spring-security-web-7.1.1.jar:7.1.1]
	at org.springframework.security.web.context.SecurityContextHolderFilter.doFilter(SecurityContextHolderFilter.java:69) ~[spring-security-web-7.1.1.jar:7.1.1]
	at org.springframework.security.web.FilterChainProxy$VirtualFilterChain.doFilter(FilterChainProxy.java:385) ~[spring-security-web-7.1.1.jar:7.1.1]
	at org.springframework.security.web.context.request.async.WebAsyncManagerIntegrationFilter.doFilterInternal(WebAsyncManagerIntegrationFilter.java:62) ~[spring-security-web-7.1.1.jar:7.1.1]
	at org.springframework.web.filter.OncePerRequestFilter.doFilter(OncePerRequestFilter.java:116) ~[spring-web-7.0.9.jar:7.0.9]
	at org.springframework.security.web.FilterChainProxy$VirtualFilterChain.doFilter(FilterChainProxy.java:385) ~[spring-security-web-7.1.1.jar:7.1.1]
	at org.springframework.security.web.session.DisableEncodeUrlFilter.doFilterInternal(DisableEncodeUrlFilter.java:42) ~[spring-security-web-7.1.1.jar:7.1.1]
	at org.springframework.web.filter.OncePerRequestFilter.doFilter(OncePerRequestFilter.java:116) ~[spring-web-7.0.9.jar:7.0.9]
	at org.springframework.security.web.FilterChainProxy$VirtualFilterChain.doFilter(FilterChainProxy.java:385) ~[spring-security-web-7.1.1.jar:7.1.1]
	at org.springframework.security.web.FilterChainProxy.doFilterInternal(FilterChainProxy.java:237) ~[spring-security-web-7.1.1.jar:7.1.1]
	at org.springframework.security.web.FilterChainProxy.doFilter(FilterChainProxy.java:195) ~[spring-security-web-7.1.1.jar:7.1.1]
	at org.springframework.web.filter.CompositeFilter$VirtualFilterChain.doFilter(CompositeFilter.java:113) ~[spring-web-7.0.9.jar:7.0.9]
	at org.springframework.web.filter.ServletRequestPathFilter.doFilter(ServletRequestPathFilter.java:52) ~[spring-web-7.0.9.jar:7.0.9]
	at org.springframework.web.filter.CompositeFilter$VirtualFilterChain.doFilter(CompositeFilter.java:113) ~[spring-web-7.0.9.jar:7.0.9]
	at org.springframework.web.filter.CompositeFilter.doFilter(CompositeFilter.java:74) ~[spring-web-7.0.9.jar:7.0.9]
	at org.springframework.security.config.annotation.web.configuration.WebSecurityConfiguration$CompositeFilterChainProxy.doFilter(WebSecurityConfiguration.java:317) ~[spring-security-config-7.1.1.jar:7.1.1]
	at org.springframework.web.filter.DelegatingFilterProxy.invokeDelegate(DelegatingFilterProxy.java:355) ~[spring-web-7.0.9.jar:7.0.9]
	at org.springframework.web.filter.DelegatingFilterProxy.doFilter(DelegatingFilterProxy.java:272) ~[spring-web-7.0.9.jar:7.0.9]
	at org.apache.catalina.core.ApplicationFilterChain.doFilter(ApplicationFilterChain.java:111) ~[tomcat-embed-core-11.0.24.jar:11.0.24]
	at org.springframework.web.filter.RequestContextFilter.doFilterInternal(RequestContextFilter.java:100) ~[spring-web-7.0.9.jar:7.0.9]
	at org.springframework.web.filter.OncePerRequestFilter.doFilter(OncePerRequestFilter.java:116) ~[spring-web-7.0.9.jar:7.0.9]
	at org.apache.catalina.core.ApplicationFilterChain.doFilter(ApplicationFilterChain.java:111) ~[tomcat-embed-core-11.0.24.jar:11.0.24]
	at org.springframework.web.filter.FormContentFilter.doFilterInternal(FormContentFilter.java:93) ~[spring-web-7.0.9.jar:7.0.9]
	at org.springframework.web.filter.OncePerRequestFilter.doFilter(OncePerRequestFilter.java:116) ~[spring-web-7.0.9.jar:7.0.9]
	at org.apache.catalina.core.ApplicationFilterChain.doFilter(ApplicationFilterChain.java:111) ~[tomcat-embed-core-11.0.24.jar:11.0.24]
	at org.springframework.web.filter.CharacterEncodingFilter.doFilterInternal(CharacterEncodingFilter.java:199) ~[spring-web-7.0.9.jar:7.0.9]
	at org.springframework.web.filter.OncePerRequestFilter.doFilter(OncePerRequestFilter.java:116) ~[spring-web-7.0.9.jar:7.0.9]
	at org.apache.catalina.core.ApplicationFilterChain.doFilter(ApplicationFilterChain.java:111) ~[tomcat-embed-core-11.0.24.jar:11.0.24]
	at org.apache.catalina.core.StandardWrapperValve.invoke(StandardWrapperValve.java:165) ~[tomcat-embed-core-11.0.24.jar:11.0.24]
	at org.apache.catalina.core.StandardContextValve.invoke(StandardContextValve.java:77) ~[tomcat-embed-core-11.0.24.jar:11.0.24]
	at org.apache.catalina.authenticator.AuthenticatorBase.invoke(AuthenticatorBase.java:535) ~[tomcat-embed-core-11.0.24.jar:11.0.24]
	at org.apache.catalina.core.StandardHostValve.invoke(StandardHostValve.java:115) ~[tomcat-embed-core-11.0.24.jar:11.0.24]
	at org.apache.catalina.valves.ErrorReportValve.invoke(ErrorReportValve.java:86) ~[tomcat-embed-core-11.0.24.jar:11.0.24]
	at org.apache.catalina.core.StandardEngineValve.invoke(StandardEngineValve.java:71) ~[tomcat-embed-core-11.0.24.jar:11.0.24]
	at org.apache.catalina.connector.CoyoteAdapter.service(CoyoteAdapter.java:347) ~[tomcat-embed-core-11.0.24.jar:11.0.24]
	at org.apache.coyote.http11.Http11Processor.service(Http11Processor.java:406) ~[tomcat-embed-core-11.0.24.jar:11.0.24]
	at org.apache.coyote.AbstractProcessorLight.process(AbstractProcessorLight.java:71) ~[tomcat-embed-core-11.0.24.jar:11.0.24]
	at org.apache.coyote.AbstractProtocol$ConnectionHandler.process(AbstractProtocol.java:1307) ~[tomcat-embed-core-11.0.24.jar:11.0.24]
	at org.apache.tomcat.util.net.NioEndpoint$SocketProcessor.doRun(NioEndpoint.java:2036) ~[tomcat-embed-core-11.0.24.jar:11.0.24]
	at org.apache.tomcat.util.net.SocketProcessorBase.run(SocketProcessorBase.java:74) ~[tomcat-embed-core-11.0.24.jar:11.0.24]
	at org.apache.tomcat.util.threads.ThreadPoolExecutor.runWorker(ThreadPoolExecutor.java:949) ~[tomcat-embed-core-11.0.24.jar:11.0.24]
	at org.apache.tomcat.util.threads.ThreadPoolExecutor$Worker.run(ThreadPoolExecutor.java:483) ~[tomcat-embed-core-11.0.24.jar:11.0.24]
	at org.apache.tomcat.util.threads.TaskThread$WrappingRunnable.run(TaskThread.java:74) ~[tomcat-embed-core-11.0.24.jar:11.0.24]
	at java.base/java.lang.Thread.run(Thread.java:1583) ~[na:na]

2026-10-04T23:56:22.182+05:30  INFO 16576 --- [AIG-ForgeHub] [http-nio-8080-exec-7] c.e.AIG_ForgeHub.security.JwtAuthFilter  : JWT authentication successful for user: shreya1123@gmail.com with role: ADMIN
2026-10-04T23:56:22.271+05:30  INFO 16576 --- [AIG-ForgeHub] [http-nio-8080-exec-8] c.e.AIG_ForgeHub.security.JwtAuthFilter  : JWT authentication successful for user: shreya1123@gmail.com with role: ADMIN
2026-10-04T23:56:22.274+05:30 ERROR 16576 --- [AIG-ForgeHub] [http-nio-8080-exec-8] c.e.A.exception.GlobalExceptionHandler   : Unexpected error | method=GET path=/favicon.ico

org.springframework.web.servlet.resource.NoResourceFoundException: No static resource favicon.ico for request '/favicon.ico'.
	at org.springframework.web.servlet.resource.ResourceHttpRequestHandler.handleRequest(ResourceHttpRequestHandler.java:527) ~[spring-webmvc-7.0.9.jar:7.0.9]
	at org.springframework.web.servlet.mvc.HttpRequestHandlerAdapter.handle(HttpRequestHandlerAdapter.java:50) ~[spring-webmvc-7.0.9.jar:7.0.9]
	at org.springframework.web.servlet.DispatcherServlet.doDispatch(DispatcherServlet.java:963) ~[spring-webmvc-7.0.9.jar:7.0.9]
	at org.springframework.web.servlet.DispatcherServlet.doService(DispatcherServlet.java:866) ~[spring-webmvc-7.0.9.jar:7.0.9]
	at org.springframework.web.servlet.FrameworkServlet.processRequest(FrameworkServlet.java:1000) ~[spring-webmvc-7.0.9.jar:7.0.9]
	at org.springframework.web.servlet.FrameworkServlet.doGet(FrameworkServlet.java:892) ~[spring-webmvc-7.0.9.jar:7.0.9]
	at jakarta.servlet.http.HttpServlet.service(HttpServlet.java:622) ~[tomcat-embed-core-11.0.24.jar:6.1]
	at org.springframework.web.servlet.FrameworkServlet.service(FrameworkServlet.java:874) ~[spring-webmvc-7.0.9.jar:7.0.9]
	at jakarta.servlet.http.HttpServlet.service(HttpServlet.java:710) ~[tomcat-embed-core-11.0.24.jar:6.1]
	at org.apache.catalina.core.ApplicationFilterChain.doFilter(ApplicationFilterChain.java:132) ~[tomcat-embed-core-11.0.24.jar:11.0.24]
	at org.apache.tomcat.websocket.server.WsFilter.doFilter(WsFilter.java:59) ~[tomcat-embed-websocket-11.0.24.jar:11.0.24]
	at org.apache.catalina.core.ApplicationFilterChain.doFilter(ApplicationFilterChain.java:111) ~[tomcat-embed-core-11.0.24.jar:11.0.24]
	at org.springframework.web.filter.OncePerRequestFilter.doFilter(OncePerRequestFilter.java:110) ~[spring-web-7.0.9.jar:7.0.9]
	at org.apache.catalina.core.ApplicationFilterChain.doFilter(ApplicationFilterChain.java:111) ~[tomcat-embed-core-11.0.24.jar:11.0.24]
	at org.springframework.web.filter.CompositeFilter$VirtualFilterChain.doFilter(CompositeFilter.java:108) ~[spring-web-7.0.9.jar:7.0.9]
	at org.springframework.security.web.FilterChainProxy.lambda$doFilterInternal$2(FilterChainProxy.java:235) ~[spring-security-web-7.1.1.jar:7.1.1]
	at org.springframework.security.web.FilterChainProxy$VirtualFilterChain.doFilter(FilterChainProxy.java:376) ~[spring-security-web-7.1.1.jar:7.1.1]
	at org.springframework.security.web.access.intercept.AuthorizationFilter.doFilter(AuthorizationFilter.java:101) ~[spring-security-web-7.1.1.jar:7.1.1]
	at org.springframework.security.web.FilterChainProxy$VirtualFilterChain.doFilter(FilterChainProxy.java:385) ~[spring-security-web-7.1.1.jar:7.1.1]
	at org.springframework.security.web.access.ExceptionTranslationFilter.doFilter(ExceptionTranslationFilter.java:126) ~[spring-security-web-7.1.1.jar:7.1.1]
	at org.springframework.security.web.access.ExceptionTranslationFilter.doFilter(ExceptionTranslationFilter.java:120) ~[spring-security-web-7.1.1.jar:7.1.1]
	at org.springframework.security.web.FilterChainProxy$VirtualFilterChain.doFilter(FilterChainProxy.java:385) ~[spring-security-web-7.1.1.jar:7.1.1]
	at org.springframework.security.web.session.SessionManagementFilter.doFilter(SessionManagementFilter.java:132) ~[spring-security-web-7.1.1.jar:7.1.1]
	at org.springframework.security.web.session.SessionManagementFilter.doFilter(SessionManagementFilter.java:86) ~[spring-security-web-7.1.1.jar:7.1.1]
	at org.springframework.security.web.FilterChainProxy$VirtualFilterChain.doFilter(FilterChainProxy.java:385) ~[spring-security-web-7.1.1.jar:7.1.1]
	at org.springframework.security.web.authentication.AnonymousAuthenticationFilter.doFilter(AnonymousAuthenticationFilter.java:100) ~[spring-security-web-7.1.1.jar:7.1.1]
	at org.springframework.security.web.FilterChainProxy$VirtualFilterChain.doFilter(FilterChainProxy.java:385) ~[spring-security-web-7.1.1.jar:7.1.1]
	at org.springframework.security.web.servletapi.SecurityContextHolderAwareRequestFilter.doFilter(SecurityContextHolderAwareRequestFilter.java:181) ~[spring-security-web-7.1.1.jar:7.1.1]
	at org.springframework.security.web.FilterChainProxy$VirtualFilterChain.doFilter(FilterChainProxy.java:385) ~[spring-security-web-7.1.1.jar:7.1.1]
	at org.springframework.security.web.savedrequest.RequestCacheAwareFilter.doFilter(RequestCacheAwareFilter.java:63) ~[spring-security-web-7.1.1.jar:7.1.1]
	at org.springframework.security.web.FilterChainProxy$VirtualFilterChain.doFilter(FilterChainProxy.java:385) ~[spring-security-web-7.1.1.jar:7.1.1]
	at com.example.AIG_ForgeHub.security.JwtAuthFilter.doFilterInternal(JwtAuthFilter.java:88) ~[classes/:na]
	at org.springframework.web.filter.OncePerRequestFilter.doFilter(OncePerRequestFilter.java:116) ~[spring-web-7.0.9.jar:7.0.9]
	at org.springframework.security.web.FilterChainProxy$VirtualFilterChain.doFilter(FilterChainProxy.java:385) ~[spring-security-web-7.1.1.jar:7.1.1]
	at org.springframework.security.web.authentication.logout.LogoutFilter.doFilter(LogoutFilter.java:110) ~[spring-security-web-7.1.1.jar:7.1.1]
	at org.springframework.security.web.authentication.logout.LogoutFilter.doFilter(LogoutFilter.java:96) ~[spring-security-web-7.1.1.jar:7.1.1]
	at org.springframework.security.web.FilterChainProxy$VirtualFilterChain.doFilter(FilterChainProxy.java:385) ~[spring-security-web-7.1.1.jar:7.1.1]
	at org.springframework.security.web.header.HeaderWriterFilter.doHeadersAfter(HeaderWriterFilter.java:90) ~[spring-security-web-7.1.1.jar:7.1.1]
	at org.springframework.security.web.header.HeaderWriterFilter.doFilterInternal(HeaderWriterFilter.java:75) ~[spring-security-web-7.1.1.jar:7.1.1]
	at org.springframework.web.filter.OncePerRequestFilter.doFilter(OncePerRequestFilter.java:116) ~[spring-web-7.0.9.jar:7.0.9]
	at org.springframework.security.web.FilterChainProxy$VirtualFilterChain.doFilter(FilterChainProxy.java:385) ~[spring-security-web-7.1.1.jar:7.1.1]
	at org.springframework.security.web.context.SecurityContextHolderFilter.doFilter(SecurityContextHolderFilter.java:82) ~[spring-security-web-7.1.1.jar:7.1.1]
	at org.springframework.security.web.context.SecurityContextHolderFilter.doFilter(SecurityContextHolderFilter.java:69) ~[spring-security-web-7.1.1.jar:7.1.1]
	at org.springframework.security.web.FilterChainProxy$VirtualFilterChain.doFilter(FilterChainProxy.java:385) ~[spring-security-web-7.1.1.jar:7.1.1]
	at org.springframework.security.web.context.request.async.WebAsyncManagerIntegrationFilter.doFilterInternal(WebAsyncManagerIntegrationFilter.java:62) ~[spring-security-web-7.1.1.jar:7.1.1]
	at org.springframework.web.filter.OncePerRequestFilter.doFilter(OncePerRequestFilter.java:116) ~[spring-web-7.0.9.jar:7.0.9]
	at org.springframework.security.web.FilterChainProxy$VirtualFilterChain.doFilter(FilterChainProxy.java:385) ~[spring-security-web-7.1.1.jar:7.1.1]
	at org.springframework.security.web.session.DisableEncodeUrlFilter.doFilterInternal(DisableEncodeUrlFilter.java:42) ~[spring-security-web-7.1.1.jar:7.1.1]
	at org.springframework.web.filter.OncePerRequestFilter.doFilter(OncePerRequestFilter.java:116) ~[spring-web-7.0.9.jar:7.0.9]
	at org.springframework.security.web.FilterChainProxy$VirtualFilterChain.doFilter(FilterChainProxy.java:385) ~[spring-security-web-7.1.1.jar:7.1.1]
	at org.springframework.security.web.FilterChainProxy.doFilterInternal(FilterChainProxy.java:237) ~[spring-security-web-7.1.1.jar:7.1.1]
	at org.springframework.security.web.FilterChainProxy.doFilter(FilterChainProxy.java:195) ~[spring-security-web-7.1.1.jar:7.1.1]
	at org.springframework.web.filter.CompositeFilter$VirtualFilterChain.doFilter(CompositeFilter.java:113) ~[spring-web-7.0.9.jar:7.0.9]
	at org.springframework.web.filter.ServletRequestPathFilter.doFilter(ServletRequestPathFilter.java:52) ~[spring-web-7.0.9.jar:7.0.9]
	at org.springframework.web.filter.CompositeFilter$VirtualFilterChain.doFilter(CompositeFilter.java:113) ~[spring-web-7.0.9.jar:7.0.9]
	at org.springframework.web.filter.CompositeFilter.doFilter(CompositeFilter.java:74) ~[spring-web-7.0.9.jar:7.0.9]
	at org.springframework.security.config.annotation.web.configuration.WebSecurityConfiguration$CompositeFilterChainProxy.doFilter(WebSecurityConfiguration.java:317) ~[spring-security-config-7.1.1.jar:7.1.1]
	at org.springframework.web.filter.DelegatingFilterProxy.invokeDelegate(DelegatingFilterProxy.java:355) ~[spring-web-7.0.9.jar:7.0.9]
	at org.springframework.web.filter.DelegatingFilterProxy.doFilter(DelegatingFilterProxy.java:272) ~[spring-web-7.0.9.jar:7.0.9]
	at org.apache.catalina.core.ApplicationFilterChain.doFilter(ApplicationFilterChain.java:111) ~[tomcat-embed-core-11.0.24.jar:11.0.24]
	at org.springframework.web.filter.RequestContextFilter.doFilterInternal(RequestContextFilter.java:100) ~[spring-web-7.0.9.jar:7.0.9]
	at org.springframework.web.filter.OncePerRequestFilter.doFilter(OncePerRequestFilter.java:116) ~[spring-web-7.0.9.jar:7.0.9]
	at org.apache.catalina.core.ApplicationFilterChain.doFilter(ApplicationFilterChain.java:111) ~[tomcat-embed-core-11.0.24.jar:11.0.24]
	at org.springframework.web.filter.FormContentFilter.doFilterInternal(FormContentFilter.java:93) ~[spring-web-7.0.9.jar:7.0.9]
	at org.springframework.web.filter.OncePerRequestFilter.doFilter(OncePerRequestFilter.java:116) ~[spring-web-7.0.9.jar:7.0.9]
	at org.apache.catalina.core.ApplicationFilterChain.doFilter(ApplicationFilterChain.java:111) ~[tomcat-embed-core-11.0.24.jar:11.0.24]
	at org.springframework.web.filter.CharacterEncodingFilter.doFilterInternal(CharacterEncodingFilter.java:199) ~[spring-web-7.0.9.jar:7.0.9]
	at org.springframework.web.filter.OncePerRequestFilter.doFilter(OncePerRequestFilter.java:116) ~[spring-web-7.0.9.jar:7.0.9]
	at org.apache.catalina.core.ApplicationFilterChain.doFilter(ApplicationFilterChain.java:111) ~[tomcat-embed-core-11.0.24.jar:11.0.24]
	at org.apache.catalina.core.StandardWrapperValve.invoke(StandardWrapperValve.java:165) ~[tomcat-embed-core-11.0.24.jar:11.0.24]
	at org.apache.catalina.core.StandardContextValve.invoke(StandardContextValve.java:77) ~[tomcat-embed-core-11.0.24.jar:11.0.24]
	at org.apache.catalina.authenticator.AuthenticatorBase.invoke(AuthenticatorBase.java:535) ~[tomcat-embed-core-11.0.24.jar:11.0.24]
	at org.apache.catalina.core.StandardHostValve.invoke(StandardHostValve.java:115) ~[tomcat-embed-core-11.0.24.jar:11.0.24]
	at org.apache.catalina.valves.ErrorReportValve.invoke(ErrorReportValve.java:86) ~[tomcat-embed-core-11.0.24.jar:11.0.24]
	at org.apache.catalina.core.StandardEngineValve.invoke(StandardEngineValve.java:71) ~[tomcat-embed-core-11.0.24.jar:11.0.24]
	at org.apache.catalina.connector.CoyoteAdapter.service(CoyoteAdapter.java:347) ~[tomcat-embed-core-11.0.24.jar:11.0.24]
	at org.apache.coyote.http11.Http11Processor.service(Http11Processor.java:406) ~[tomcat-embed-core-11.0.24.jar:11.0.24]
	at org.apache.coyote.AbstractProcessorLight.process(AbstractProcessorLight.java:71) ~[tomcat-embed-core-11.0.24.jar:11.0.24]
	at org.apache.coyote.AbstractProtocol$ConnectionHandler.process(AbstractProtocol.java:1307) ~[tomcat-embed-core-11.0.24.jar:11.0.24]
	at org.apache.tomcat.util.net.NioEndpoint$SocketProcessor.doRun(NioEndpoint.java:2036) ~[tomcat-embed-core-11.0.24.jar:11.0.24]
	at org.apache.tomcat.util.net.SocketProcessorBase.run(SocketProcessorBase.java:74) ~[tomcat-embed-core-11.0.24.jar:11.0.24]
	at org.apache.tomcat.util.threads.ThreadPoolExecutor.runWorker(ThreadPoolExecutor.java:949) ~[tomcat-embed-core-11.0.24.jar:11.0.24]
	at org.apache.tomcat.util.threads.ThreadPoolExecutor$Worker.run(ThreadPoolExecutor.java:483) ~[tomcat-embed-core-11.0.24.jar:11.0.24]
	at org.apache.tomcat.util.threads.TaskThread$WrappingRunnable.run(TaskThread.java:74) ~[tomcat-embed-core-11.0.24.jar:11.0.24]
	at java.base/java.lang.Thread.run(Thread.java:1583) ~[na:na]

2026-10-04T23:56:22.281+05:30  INFO 16576 --- [AIG-ForgeHub] [http-nio-8080-exec-9] c.e.AIG_ForgeHub.security.JwtAuthFilter  : JWT authentication successful for user: shreya1123@gmail.com with role: ADMIN
2026-10-04T23:56:27.556+05:30  INFO 16576 --- [AIG-ForgeHub] [http-nio-8080-exec-10] c.e.AIG_ForgeHub.security.JwtAuthFilter  : JWT authentication successful for user: shreya1123@gmail.com with role: ADMIN
2026-10-04T23:56:27.611+05:30  INFO 16576 --- [AIG-ForgeHub] [http-nio-8080-exec-2] c.e.AIG_ForgeHub.security.JwtAuthFilter  : JWT authentication successful for user: shreya1123@gmail.com with role: ADMIN
2026-10-04T23:56:27.615+05:30 ERROR 16576 --- [AIG-ForgeHub] [http-nio-8080-exec-2] c.e.A.exception.GlobalExceptionHandler   : Unexpected error | method=GET path=/css/admin.css

org.springframework.web.servlet.resource.NoResourceFoundException: No static resource css/admin.css for request '/css/admin.css'.
	at org.springframework.web.servlet.resource.ResourceHttpRequestHandler.handleRequest(ResourceHttpRequestHandler.java:527) ~[spring-webmvc-7.0.9.jar:7.0.9]
	at org.springframework.web.servlet.mvc.HttpRequestHandlerAdapter.handle(HttpRequestHandlerAdapter.java:50) ~[spring-webmvc-7.0.9.jar:7.0.9]
	at org.springframework.web.servlet.DispatcherServlet.doDispatch(DispatcherServlet.java:963) ~[spring-webmvc-7.0.9.jar:7.0.9]
	at org.springframework.web.servlet.DispatcherServlet.doService(DispatcherServlet.java:866) ~[spring-webmvc-7.0.9.jar:7.0.9]
	at org.springframework.web.servlet.FrameworkServlet.processRequest(FrameworkServlet.java:1000) ~[spring-webmvc-7.0.9.jar:7.0.9]
	at org.springframework.web.servlet.FrameworkServlet.doGet(FrameworkServlet.java:892) ~[spring-webmvc-7.0.9.jar:7.0.9]
	at jakarta.servlet.http.HttpServlet.service(HttpServlet.java:622) ~[tomcat-embed-core-11.0.24.jar:6.1]
	at org.springframework.web.servlet.FrameworkServlet.service(FrameworkServlet.java:874) ~[spring-webmvc-7.0.9.jar:7.0.9]
	at jakarta.servlet.http.HttpServlet.service(HttpServlet.java:710) ~[tomcat-embed-core-11.0.24.jar:6.1]
	at org.apache.catalina.core.ApplicationFilterChain.doFilter(ApplicationFilterChain.java:132) ~[tomcat-embed-core-11.0.24.jar:11.0.24]
	at org.apache.tomcat.websocket.server.WsFilter.doFilter(WsFilter.java:59) ~[tomcat-embed-websocket-11.0.24.jar:11.0.24]
	at org.apache.catalina.core.ApplicationFilterChain.doFilter(ApplicationFilterChain.java:111) ~[tomcat-embed-core-11.0.24.jar:11.0.24]
	at org.springframework.web.filter.OncePerRequestFilter.doFilter(OncePerRequestFilter.java:110) ~[spring-web-7.0.9.jar:7.0.9]
	at org.apache.catalina.core.ApplicationFilterChain.doFilter(ApplicationFilterChain.java:111) ~[tomcat-embed-core-11.0.24.jar:11.0.24]
	at org.springframework.web.filter.CompositeFilter$VirtualFilterChain.doFilter(CompositeFilter.java:108) ~[spring-web-7.0.9.jar:7.0.9]
	at org.springframework.security.web.FilterChainProxy.lambda$doFilterInternal$2(FilterChainProxy.java:235) ~[spring-security-web-7.1.1.jar:7.1.1]
	at org.springframework.security.web.FilterChainProxy$VirtualFilterChain.doFilter(FilterChainProxy.java:376) ~[spring-security-web-7.1.1.jar:7.1.1]
	at org.springframework.security.web.access.intercept.AuthorizationFilter.doFilter(AuthorizationFilter.java:101) ~[spring-security-web-7.1.1.jar:7.1.1]
	at org.springframework.security.web.FilterChainProxy$VirtualFilterChain.doFilter(FilterChainProxy.java:385) ~[spring-security-web-7.1.1.jar:7.1.1]
	at org.springframework.security.web.access.ExceptionTranslationFilter.doFilter(ExceptionTranslationFilter.java:126) ~[spring-security-web-7.1.1.jar:7.1.1]
	at org.springframework.security.web.access.ExceptionTranslationFilter.doFilter(ExceptionTranslationFilter.java:120) ~[spring-security-web-7.1.1.jar:7.1.1]
	at org.springframework.security.web.FilterChainProxy$VirtualFilterChain.doFilter(FilterChainProxy.java:385) ~[spring-security-web-7.1.1.jar:7.1.1]
	at org.springframework.security.web.session.SessionManagementFilter.doFilter(SessionManagementFilter.java:132) ~[spring-security-web-7.1.1.jar:7.1.1]
	at org.springframework.security.web.session.SessionManagementFilter.doFilter(SessionManagementFilter.java:86) ~[spring-security-web-7.1.1.jar:7.1.1]
	at org.springframework.security.web.FilterChainProxy$VirtualFilterChain.doFilter(FilterChainProxy.java:385) ~[spring-security-web-7.1.1.jar:7.1.1]
	at org.springframework.security.web.authentication.AnonymousAuthenticationFilter.doFilter(AnonymousAuthenticationFilter.java:100) ~[spring-security-web-7.1.1.jar:7.1.1]
	at org.springframework.security.web.FilterChainProxy$VirtualFilterChain.doFilter(FilterChainProxy.java:385) ~[spring-security-web-7.1.1.jar:7.1.1]
	at org.springframework.security.web.servletapi.SecurityContextHolderAwareRequestFilter.doFilter(SecurityContextHolderAwareRequestFilter.java:181) ~[spring-security-web-7.1.1.jar:7.1.1]
	at org.springframework.security.web.FilterChainProxy$VirtualFilterChain.doFilter(FilterChainProxy.java:385) ~[spring-security-web-7.1.1.jar:7.1.1]
	at org.springframework.security.web.savedrequest.RequestCacheAwareFilter.doFilter(RequestCacheAwareFilter.java:63) ~[spring-security-web-7.1.1.jar:7.1.1]
	at org.springframework.security.web.FilterChainProxy$VirtualFilterChain.doFilter(FilterChainProxy.java:385) ~[spring-security-web-7.1.1.jar:7.1.1]
	at com.example.AIG_ForgeHub.security.JwtAuthFilter.doFilterInternal(JwtAuthFilter.java:88) ~[classes/:na]
	at org.springframework.web.filter.OncePerRequestFilter.doFilter(OncePerRequestFilter.java:116) ~[spring-web-7.0.9.jar:7.0.9]
	at org.springframework.security.web.FilterChainProxy$VirtualFilterChain.doFilter(FilterChainProxy.java:385) ~[spring-security-web-7.1.1.jar:7.1.1]
	at org.springframework.security.web.authentication.logout.LogoutFilter.doFilter(LogoutFilter.java:110) ~[spring-security-web-7.1.1.jar:7.1.1]
	at org.springframework.security.web.authentication.logout.LogoutFilter.doFilter(LogoutFilter.java:96) ~[spring-security-web-7.1.1.jar:7.1.1]
	at org.springframework.security.web.FilterChainProxy$VirtualFilterChain.doFilter(FilterChainProxy.java:385) ~[spring-security-web-7.1.1.jar:7.1.1]
	at org.springframework.security.web.header.HeaderWriterFilter.doHeadersAfter(HeaderWriterFilter.java:90) ~[spring-security-web-7.1.1.jar:7.1.1]
	at org.springframework.security.web.header.HeaderWriterFilter.doFilterInternal(HeaderWriterFilter.java:75) ~[spring-security-web-7.1.1.jar:7.1.1]
	at org.springframework.web.filter.OncePerRequestFilter.doFilter(OncePerRequestFilter.java:116) ~[spring-web-7.0.9.jar:7.0.9]
	at org.springframework.security.web.FilterChainProxy$VirtualFilterChain.doFilter(FilterChainProxy.java:385) ~[spring-security-web-7.1.1.jar:7.1.1]
	at org.springframework.security.web.context.SecurityContextHolderFilter.doFilter(SecurityContextHolderFilter.java:82) ~[spring-security-web-7.1.1.jar:7.1.1]
	at org.springframework.security.web.context.SecurityContextHolderFilter.doFilter(SecurityContextHolderFilter.java:69) ~[spring-security-web-7.1.1.jar:7.1.1]
	at org.springframework.security.web.FilterChainProxy$VirtualFilterChain.doFilter(FilterChainProxy.java:385) ~[spring-security-web-7.1.1.jar:7.1.1]
	at org.springframework.security.web.context.request.async.WebAsyncManagerIntegrationFilter.doFilterInternal(WebAsyncManagerIntegrationFilter.java:62) ~[spring-security-web-7.1.1.jar:7.1.1]
	at org.springframework.web.filter.OncePerRequestFilter.doFilter(OncePerRequestFilter.java:116) ~[spring-web-7.0.9.jar:7.0.9]
	at org.springframework.security.web.FilterChainProxy$VirtualFilterChain.doFilter(FilterChainProxy.java:385) ~[spring-security-web-7.1.1.jar:7.1.1]
	at org.springframework.security.web.session.DisableEncodeUrlFilter.doFilterInternal(DisableEncodeUrlFilter.java:42) ~[spring-security-web-7.1.1.jar:7.1.1]
	at org.springframework.web.filter.OncePerRequestFilter.doFilter(OncePerRequestFilter.java:116) ~[spring-web-7.0.9.jar:7.0.9]
	at org.springframework.security.web.FilterChainProxy$VirtualFilterChain.doFilter(FilterChainProxy.java:385) ~[spring-security-web-7.1.1.jar:7.1.1]
	at org.springframework.security.web.FilterChainProxy.doFilterInternal(FilterChainProxy.java:237) ~[spring-security-web-7.1.1.jar:7.1.1]
	at org.springframework.security.web.FilterChainProxy.doFilter(FilterChainProxy.java:195) ~[spring-security-web-7.1.1.jar:7.1.1]
	at org.springframework.web.filter.CompositeFilter$VirtualFilterChain.doFilter(CompositeFilter.java:113) ~[spring-web-7.0.9.jar:7.0.9]
	at org.springframework.web.filter.ServletRequestPathFilter.doFilter(ServletRequestPathFilter.java:52) ~[spring-web-7.0.9.jar:7.0.9]
	at org.springframework.web.filter.CompositeFilter$VirtualFilterChain.doFilter(CompositeFilter.java:113) ~[spring-web-7.0.9.jar:7.0.9]
	at org.springframework.web.filter.CompositeFilter.doFilter(CompositeFilter.java:74) ~[spring-web-7.0.9.jar:7.0.9]
	at org.springframework.security.config.annotation.web.configuration.WebSecurityConfiguration$CompositeFilterChainProxy.doFilter(WebSecurityConfiguration.java:317) ~[spring-security-config-7.1.1.jar:7.1.1]
	at org.springframework.web.filter.DelegatingFilterProxy.invokeDelegate(DelegatingFilterProxy.java:355) ~[spring-web-7.0.9.jar:7.0.9]
	at org.springframework.web.filter.DelegatingFilterProxy.doFilter(DelegatingFilterProxy.java:272) ~[spring-web-7.0.9.jar:7.0.9]
	at org.apache.catalina.core.ApplicationFilterChain.doFilter(ApplicationFilterChain.java:111) ~[tomcat-embed-core-11.0.24.jar:11.0.24]
	at org.springframework.web.filter.RequestContextFilter.doFilterInternal(RequestContextFilter.java:100) ~[spring-web-7.0.9.jar:7.0.9]
	at org.springframework.web.filter.OncePerRequestFilter.doFilter(OncePerRequestFilter.java:116) ~[spring-web-7.0.9.jar:7.0.9]
	at org.apache.catalina.core.ApplicationFilterChain.doFilter(ApplicationFilterChain.java:111) ~[tomcat-embed-core-11.0.24.jar:11.0.24]
	at org.springframework.web.filter.FormContentFilter.doFilterInternal(FormContentFilter.java:93) ~[spring-web-7.0.9.jar:7.0.9]
	at org.springframework.web.filter.OncePerRequestFilter.doFilter(OncePerRequestFilter.java:116) ~[spring-web-7.0.9.jar:7.0.9]
	at org.apache.catalina.core.ApplicationFilterChain.doFilter(ApplicationFilterChain.java:111) ~[tomcat-embed-core-11.0.24.jar:11.0.24]
	at org.springframework.web.filter.CharacterEncodingFilter.doFilterInternal(CharacterEncodingFilter.java:199) ~[spring-web-7.0.9.jar:7.0.9]
	at org.springframework.web.filter.OncePerRequestFilter.doFilter(OncePerRequestFilter.java:116) ~[spring-web-7.0.9.jar:7.0.9]
	at org.apache.catalina.core.ApplicationFilterChain.doFilter(ApplicationFilterChain.java:111) ~[tomcat-embed-core-11.0.24.jar:11.0.24]
	at org.apache.catalina.core.StandardWrapperValve.invoke(StandardWrapperValve.java:165) ~[tomcat-embed-core-11.0.24.jar:11.0.24]
	at org.apache.catalina.core.StandardContextValve.invoke(StandardContextValve.java:77) ~[tomcat-embed-core-11.0.24.jar:11.0.24]
	at org.apache.catalina.authenticator.AuthenticatorBase.invoke(AuthenticatorBase.java:535) ~[tomcat-embed-core-11.0.24.jar:11.0.24]
	at org.apache.catalina.core.StandardHostValve.invoke(StandardHostValve.java:115) ~[tomcat-embed-core-11.0.24.jar:11.0.24]
	at org.apache.catalina.valves.ErrorReportValve.invoke(ErrorReportValve.java:86) ~[tomcat-embed-core-11.0.24.jar:11.0.24]
	at org.apache.catalina.core.StandardEngineValve.invoke(StandardEngineValve.java:71) ~[tomcat-embed-core-11.0.24.jar:11.0.24]
	at org.apache.catalina.connector.CoyoteAdapter.service(CoyoteAdapter.java:347) ~[tomcat-embed-core-11.0.24.jar:11.0.24]
	at org.apache.coyote.http11.Http11Processor.service(Http11Processor.java:406) ~[tomcat-embed-core-11.0.24.jar:11.0.24]
	at org.apache.coyote.AbstractProcessorLight.process(AbstractProcessorLight.java:71) ~[tomcat-embed-core-11.0.24.jar:11.0.24]
	at org.apache.coyote.AbstractProtocol$ConnectionHandler.process(AbstractProtocol.java:1307) ~[tomcat-embed-core-11.0.24.jar:11.0.24]
	at org.apache.tomcat.util.net.NioEndpoint$SocketProcessor.doRun(NioEndpoint.java:2036) ~[tomcat-embed-core-11.0.24.jar:11.0.24]
	at org.apache.tomcat.util.net.SocketProcessorBase.run(SocketProcessorBase.java:74) ~[tomcat-embed-core-11.0.24.jar:11.0.24]
	at org.apache.tomcat.util.threads.ThreadPoolExecutor.runWorker(ThreadPoolExecutor.java:949) ~[tomcat-embed-core-11.0.24.jar:11.0.24]
	at org.apache.tomcat.util.threads.ThreadPoolExecutor$Worker.run(ThreadPoolExecutor.java:483) ~[tomcat-embed-core-11.0.24.jar:11.0.24]
	at org.apache.tomcat.util.threads.TaskThread$WrappingRunnable.run(TaskThread.java:74) ~[tomcat-embed-core-11.0.24.jar:11.0.24]
	at java.base/java.lang.Thread.run(Thread.java:1583) ~[na:na]

2026-10-04T23:56:27.625+05:30  INFO 16576 --- [AIG-ForgeHub] [http-nio-8080-exec-1] c.e.AIG_ForgeHub.security.JwtAuthFilter  : JWT authentication successful for user: shreya1123@gmail.com with role: ADMIN
2026-10-04T23:56:27.701+05:30  INFO 16576 --- [AIG-ForgeHub] [http-nio-8080-exec-3] c.e.AIG_ForgeHub.security.JwtAuthFilter  : JWT authentication successful for user: shreya1123@gmail.com with role: ADMIN
2026-10-04T23:56:27.705+05:30 ERROR 16576 --- [AIG-ForgeHub] [http-nio-8080-exec-3] c.e.A.exception.GlobalExceptionHandler   : Unexpected error | method=GET path=/favicon.ico

org.springframework.web.servlet.resource.NoResourceFoundException: No static resource favicon.ico for request '/favicon.ico'.
	at org.springframework.web.servlet.resource.ResourceHttpRequestHandler.handleRequest(ResourceHttpRequestHandler.java:527) ~[spring-webmvc-7.0.9.jar:7.0.9]
	at org.springframework.web.servlet.mvc.HttpRequestHandlerAdapter.handle(HttpRequestHandlerAdapter.java:50) ~[spring-webmvc-7.0.9.jar:7.0.9]
	at org.springframework.web.servlet.DispatcherServlet.doDispatch(DispatcherServlet.java:963) ~[spring-webmvc-7.0.9.jar:7.0.9]
	at org.springframework.web.servlet.DispatcherServlet.doService(DispatcherServlet.java:866) ~[spring-webmvc-7.0.9.jar:7.0.9]
	at org.springframework.web.servlet.FrameworkServlet.processRequest(FrameworkServlet.java:1000) ~[spring-webmvc-7.0.9.jar:7.0.9]
	at org.springframework.web.servlet.FrameworkServlet.doGet(FrameworkServlet.java:892) ~[spring-webmvc-7.0.9.jar:7.0.9]
	at jakarta.servlet.http.HttpServlet.service(HttpServlet.java:622) ~[tomcat-embed-core-11.0.24.jar:6.1]
	at org.springframework.web.servlet.FrameworkServlet.service(FrameworkServlet.java:874) ~[spring-webmvc-7.0.9.jar:7.0.9]
	at jakarta.servlet.http.HttpServlet.service(HttpServlet.java:710) ~[tomcat-embed-core-11.0.24.jar:6.1]
	at org.apache.catalina.core.ApplicationFilterChain.doFilter(ApplicationFilterChain.java:132) ~[tomcat-embed-core-11.0.24.jar:11.0.24]
	at org.apache.tomcat.websocket.server.WsFilter.doFilter(WsFilter.java:59) ~[tomcat-embed-websocket-11.0.24.jar:11.0.24]
	at org.apache.catalina.core.ApplicationFilterChain.doFilter(ApplicationFilterChain.java:111) ~[tomcat-embed-core-11.0.24.jar:11.0.24]
	at org.springframework.web.filter.OncePerRequestFilter.doFilter(OncePerRequestFilter.java:110) ~[spring-web-7.0.9.jar:7.0.9]
	at org.apache.catalina.core.ApplicationFilterChain.doFilter(ApplicationFilterChain.java:111) ~[tomcat-embed-core-11.0.24.jar:11.0.24]
	at org.springframework.web.filter.CompositeFilter$VirtualFilterChain.doFilter(CompositeFilter.java:108) ~[spring-web-7.0.9.jar:7.0.9]
	at org.springframework.security.web.FilterChainProxy.lambda$doFilterInternal$2(FilterChainProxy.java:235) ~[spring-security-web-7.1.1.jar:7.1.1]
	at org.springframework.security.web.FilterChainProxy$VirtualFilterChain.doFilter(FilterChainProxy.java:376) ~[spring-security-web-7.1.1.jar:7.1.1]
	at org.springframework.security.web.access.intercept.AuthorizationFilter.doFilter(AuthorizationFilter.java:101) ~[spring-security-web-7.1.1.jar:7.1.1]
	at org.springframework.security.web.FilterChainProxy$VirtualFilterChain.doFilter(FilterChainProxy.java:385) ~[spring-security-web-7.1.1.jar:7.1.1]
	at org.springframework.security.web.access.ExceptionTranslationFilter.doFilter(ExceptionTranslationFilter.java:126) ~[spring-security-web-7.1.1.jar:7.1.1]
	at org.springframework.security.web.access.ExceptionTranslationFilter.doFilter(ExceptionTranslationFilter.java:120) ~[spring-security-web-7.1.1.jar:7.1.1]
	at org.springframework.security.web.FilterChainProxy$VirtualFilterChain.doFilter(FilterChainProxy.java:385) ~[spring-security-web-7.1.1.jar:7.1.1]
	at org.springframework.security.web.session.SessionManagementFilter.doFilter(SessionManagementFilter.java:132) ~[spring-security-web-7.1.1.jar:7.1.1]
	at org.springframework.security.web.session.SessionManagementFilter.doFilter(SessionManagementFilter.java:86) ~[spring-security-web-7.1.1.jar:7.1.1]
	at org.springframework.security.web.FilterChainProxy$VirtualFilterChain.doFilter(FilterChainProxy.java:385) ~[spring-security-web-7.1.1.jar:7.1.1]
	at org.springframework.security.web.authentication.AnonymousAuthenticationFilter.doFilter(AnonymousAuthenticationFilter.java:100) ~[spring-security-web-7.1.1.jar:7.1.1]
	at org.springframework.security.web.FilterChainProxy$VirtualFilterChain.doFilter(FilterChainProxy.java:385) ~[spring-security-web-7.1.1.jar:7.1.1]
	at org.springframework.security.web.servletapi.SecurityContextHolderAwareRequestFilter.doFilter(SecurityContextHolderAwareRequestFilter.java:181) ~[spring-security-web-7.1.1.jar:7.1.1]
	at org.springframework.security.web.FilterChainProxy$VirtualFilterChain.doFilter(FilterChainProxy.java:385) ~[spring-security-web-7.1.1.jar:7.1.1]
	at org.springframework.security.web.savedrequest.RequestCacheAwareFilter.doFilter(RequestCacheAwareFilter.java:63) ~[spring-security-web-7.1.1.jar:7.1.1]
	at org.springframework.security.web.FilterChainProxy$VirtualFilterChain.doFilter(FilterChainProxy.java:385) ~[spring-security-web-7.1.1.jar:7.1.1]
	at com.example.AIG_ForgeHub.security.JwtAuthFilter.doFilterInternal(JwtAuthFilter.java:88) ~[classes/:na]
	at org.springframework.web.filter.OncePerRequestFilter.doFilter(OncePerRequestFilter.java:116) ~[spring-web-7.0.9.jar:7.0.9]
	at org.springframework.security.web.FilterChainProxy$VirtualFilterChain.doFilter(FilterChainProxy.java:385) ~[spring-security-web-7.1.1.jar:7.1.1]
	at org.springframework.security.web.authentication.logout.LogoutFilter.doFilter(LogoutFilter.java:110) ~[spring-security-web-7.1.1.jar:7.1.1]
	at org.springframework.security.web.authentication.logout.LogoutFilter.doFilter(LogoutFilter.java:96) ~[spring-security-web-7.1.1.jar:7.1.1]
	at org.springframework.security.web.FilterChainProxy$VirtualFilterChain.doFilter(FilterChainProxy.java:385) ~[spring-security-web-7.1.1.jar:7.1.1]
	at org.springframework.security.web.header.HeaderWriterFilter.doHeadersAfter(HeaderWriterFilter.java:90) ~[spring-security-web-7.1.1.jar:7.1.1]
	at org.springframework.security.web.header.HeaderWriterFilter.doFilterInternal(HeaderWriterFilter.java:75) ~[spring-security-web-7.1.1.jar:7.1.1]
	at org.springframework.web.filter.OncePerRequestFilter.doFilter(OncePerRequestFilter.java:116) ~[spring-web-7.0.9.jar:7.0.9]
	at org.springframework.security.web.FilterChainProxy$VirtualFilterChain.doFilter(FilterChainProxy.java:385) ~[spring-security-web-7.1.1.jar:7.1.1]
	at org.springframework.security.web.context.SecurityContextHolderFilter.doFilter(SecurityContextHolderFilter.java:82) ~[spring-security-web-7.1.1.jar:7.1.1]
	at org.springframework.security.web.context.SecurityContextHolderFilter.doFilter(SecurityContextHolderFilter.java:69) ~[spring-security-web-7.1.1.jar:7.1.1]
	at org.springframework.security.web.FilterChainProxy$VirtualFilterChain.doFilter(FilterChainProxy.java:385) ~[spring-security-web-7.1.1.jar:7.1.1]
	at org.springframework.security.web.context.request.async.WebAsyncManagerIntegrationFilter.doFilterInternal(WebAsyncManagerIntegrationFilter.java:62) ~[spring-security-web-7.1.1.jar:7.1.1]
	at org.springframework.web.filter.OncePerRequestFilter.doFilter(OncePerRequestFilter.java:116) ~[spring-web-7.0.9.jar:7.0.9]
	at org.springframework.security.web.FilterChainProxy$VirtualFilterChain.doFilter(FilterChainProxy.java:385) ~[spring-security-web-7.1.1.jar:7.1.1]
	at org.springframework.security.web.session.DisableEncodeUrlFilter.doFilterInternal(DisableEncodeUrlFilter.java:42) ~[spring-security-web-7.1.1.jar:7.1.1]
	at org.springframework.web.filter.OncePerRequestFilter.doFilter(OncePerRequestFilter.java:116) ~[spring-web-7.0.9.jar:7.0.9]
	at org.springframework.security.web.FilterChainProxy$VirtualFilterChain.doFilter(FilterChainProxy.java:385) ~[spring-security-web-7.1.1.jar:7.1.1]
	at org.springframework.security.web.FilterChainProxy.doFilterInternal(FilterChainProxy.java:237) ~[spring-security-web-7.1.1.jar:7.1.1]
	at org.springframework.security.web.FilterChainProxy.doFilter(FilterChainProxy.java:195) ~[spring-security-web-7.1.1.jar:7.1.1]
	at org.springframework.web.filter.CompositeFilter$VirtualFilterChain.doFilter(CompositeFilter.java:113) ~[spring-web-7.0.9.jar:7.0.9]
	at org.springframework.web.filter.ServletRequestPathFilter.doFilter(ServletRequestPathFilter.java:52) ~[spring-web-7.0.9.jar:7.0.9]
	at org.springframework.web.filter.CompositeFilter$VirtualFilterChain.doFilter(CompositeFilter.java:113) ~[spring-web-7.0.9.jar:7.0.9]
	at org.springframework.web.filter.CompositeFilter.doFilter(CompositeFilter.java:74) ~[spring-web-7.0.9.jar:7.0.9]
	at org.springframework.security.config.annotation.web.configuration.WebSecurityConfiguration$CompositeFilterChainProxy.doFilter(WebSecurityConfiguration.java:317) ~[spring-security-config-7.1.1.jar:7.1.1]
	at org.springframework.web.filter.DelegatingFilterProxy.invokeDelegate(DelegatingFilterProxy.java:355) ~[spring-web-7.0.9.jar:7.0.9]
	at org.springframework.web.filter.DelegatingFilterProxy.doFilter(DelegatingFilterProxy.java:272) ~[spring-web-7.0.9.jar:7.0.9]
	at org.apache.catalina.core.ApplicationFilterChain.doFilter(ApplicationFilterChain.java:111) ~[tomcat-embed-core-11.0.24.jar:11.0.24]
	at org.springframework.web.filter.RequestContextFilter.doFilterInternal(RequestContextFilter.java:100) ~[spring-web-7.0.9.jar:7.0.9]
	at org.springframework.web.filter.OncePerRequestFilter.doFilter(OncePerRequestFilter.java:116) ~[spring-web-7.0.9.jar:7.0.9]
	at org.apache.catalina.core.ApplicationFilterChain.doFilter(ApplicationFilterChain.java:111) ~[tomcat-embed-core-11.0.24.jar:11.0.24]
	at org.springframework.web.filter.FormContentFilter.doFilterInternal(FormContentFilter.java:93) ~[spring-web-7.0.9.jar:7.0.9]
	at org.springframework.web.filter.OncePerRequestFilter.doFilter(OncePerRequestFilter.java:116) ~[spring-web-7.0.9.jar:7.0.9]
	at org.apache.catalina.core.ApplicationFilterChain.doFilter(ApplicationFilterChain.java:111) ~[tomcat-embed-core-11.0.24.jar:11.0.24]
	at org.springframework.web.filter.CharacterEncodingFilter.doFilterInternal(CharacterEncodingFilter.java:199) ~[spring-web-7.0.9.jar:7.0.9]
	at org.springframework.web.filter.OncePerRequestFilter.doFilter(OncePerRequestFilter.java:116) ~[spring-web-7.0.9.jar:7.0.9]
	at org.apache.catalina.core.ApplicationFilterChain.doFilter(ApplicationFilterChain.java:111) ~[tomcat-embed-core-11.0.24.jar:11.0.24]
	at org.apache.catalina.core.StandardWrapperValve.invoke(StandardWrapperValve.java:165) ~[tomcat-embed-core-11.0.24.jar:11.0.24]
	at org.apache.catalina.core.StandardContextValve.invoke(StandardContextValve.java:77) ~[tomcat-embed-core-11.0.24.jar:11.0.24]
	at org.apache.catalina.authenticator.AuthenticatorBase.invoke(AuthenticatorBase.java:535) ~[tomcat-embed-core-11.0.24.jar:11.0.24]
	at org.apache.catalina.core.StandardHostValve.invoke(StandardHostValve.java:115) ~[tomcat-embed-core-11.0.24.jar:11.0.24]
	at org.apache.catalina.valves.ErrorReportValve.invoke(ErrorReportValve.java:86) ~[tomcat-embed-core-11.0.24.jar:11.0.24]
	at org.apache.catalina.core.StandardEngineValve.invoke(StandardEngineValve.java:71) ~[tomcat-embed-core-11.0.24.jar:11.0.24]
	at org.apache.catalina.connector.CoyoteAdapter.service(CoyoteAdapter.java:347) ~[tomcat-embed-core-11.0.24.jar:11.0.24]
	at org.apache.coyote.http11.Http11Processor.service(Http11Processor.java:406) ~[tomcat-embed-core-11.0.24.jar:11.0.24]
	at org.apache.coyote.AbstractProcessorLight.process(AbstractProcessorLight.java:71) ~[tomcat-embed-core-11.0.24.jar:11.0.24]
	at org.apache.coyote.AbstractProtocol$ConnectionHandler.process(AbstractProtocol.java:1307) ~[tomcat-embed-core-11.0.24.jar:11.0.24]
	at org.apache.tomcat.util.net.NioEndpoint$SocketProcessor.doRun(NioEndpoint.java:2036) ~[tomcat-embed-core-11.0.24.jar:11.0.24]
	at org.apache.tomcat.util.net.SocketProcessorBase.run(SocketProcessorBase.java:74) ~[tomcat-embed-core-11.0.24.jar:11.0.24]
	at org.apache.tomcat.util.threads.ThreadPoolExecutor.runWorker(ThreadPoolExecutor.java:949) ~[tomcat-embed-core-11.0.24.jar:11.0.24]
	at org.apache.tomcat.util.threads.ThreadPoolExecutor$Worker.run(ThreadPoolExecutor.java:483) ~[tomcat-embed-core-11.0.24.jar:11.0.24]
	at org.apache.tomcat.util.threads.TaskThread$WrappingRunnable.run(TaskThread.java:74) ~[tomcat-embed-core-11.0.24.jar:11.0.24]
	at java.base/java.lang.Thread.run(Thread.java:1583) ~[na:na]

2026-10-04T23:56:27.714+05:30  INFO 16576 --- [AIG-ForgeHub] [http-nio-8080-exec-6] c.e.AIG_ForgeHub.security.JwtAuthFilter  : JWT authentication successful for user: shreya1123@gmail.com with role: ADMIN
2026-10-04T23:56:32.065+05:30  INFO 16576 --- [AIG-ForgeHub] [http-nio-8080-exec-5] c.e.AIG_ForgeHub.security.JwtAuthFilter  : JWT authentication successful for user: shreya1123@gmail.com with role: ADMIN
2026-10-04T23:56:32.121+05:30  INFO 16576 --- [AIG-ForgeHub] [http-nio-8080-exec-4] c.e.AIG_ForgeHub.security.JwtAuthFilter  : JWT authentication successful for user: shreya1123@gmail.com with role: ADMIN
2026-10-04T23:56:32.123+05:30 ERROR 16576 --- [AIG-ForgeHub] [http-nio-8080-exec-4] c.e.A.exception.GlobalExceptionHandler   : Unexpected error | method=GET path=/css/admin.css

org.springframework.web.servlet.resource.NoResourceFoundException: No static resource css/admin.css for request '/css/admin.css'.
	at org.springframework.web.servlet.resource.ResourceHttpRequestHandler.handleRequest(ResourceHttpRequestHandler.java:527) ~[spring-webmvc-7.0.9.jar:7.0.9]
	at org.springframework.web.servlet.mvc.HttpRequestHandlerAdapter.handle(HttpRequestHandlerAdapter.java:50) ~[spring-webmvc-7.0.9.jar:7.0.9]
	at org.springframework.web.servlet.DispatcherServlet.doDispatch(DispatcherServlet.java:963) ~[spring-webmvc-7.0.9.jar:7.0.9]
	at org.springframework.web.servlet.DispatcherServlet.doService(DispatcherServlet.java:866) ~[spring-webmvc-7.0.9.jar:7.0.9]
	at org.springframework.web.servlet.FrameworkServlet.processRequest(FrameworkServlet.java:1000) ~[spring-webmvc-7.0.9.jar:7.0.9]
	at org.springframework.web.servlet.FrameworkServlet.doGet(FrameworkServlet.java:892) ~[spring-webmvc-7.0.9.jar:7.0.9]
	at jakarta.servlet.http.HttpServlet.service(HttpServlet.java:622) ~[tomcat-embed-core-11.0.24.jar:6.1]
	at org.springframework.web.servlet.FrameworkServlet.service(FrameworkServlet.java:874) ~[spring-webmvc-7.0.9.jar:7.0.9]
	at jakarta.servlet.http.HttpServlet.service(HttpServlet.java:710) ~[tomcat-embed-core-11.0.24.jar:6.1]
	at org.apache.catalina.core.ApplicationFilterChain.doFilter(ApplicationFilterChain.java:132) ~[tomcat-embed-core-11.0.24.jar:11.0.24]
	at org.apache.tomcat.websocket.server.WsFilter.doFilter(WsFilter.java:59) ~[tomcat-embed-websocket-11.0.24.jar:11.0.24]
	at org.apache.catalina.core.ApplicationFilterChain.doFilter(ApplicationFilterChain.java:111) ~[tomcat-embed-core-11.0.24.jar:11.0.24]
	at org.springframework.web.filter.OncePerRequestFilter.doFilter(OncePerRequestFilter.java:110) ~[spring-web-7.0.9.jar:7.0.9]
	at org.apache.catalina.core.ApplicationFilterChain.doFilter(ApplicationFilterChain.java:111) ~[tomcat-embed-core-11.0.24.jar:11.0.24]
	at org.springframework.web.filter.CompositeFilter$VirtualFilterChain.doFilter(CompositeFilter.java:108) ~[spring-web-7.0.9.jar:7.0.9]
	at org.springframework.security.web.FilterChainProxy.lambda$doFilterInternal$2(FilterChainProxy.java:235) ~[spring-security-web-7.1.1.jar:7.1.1]
	at org.springframework.security.web.FilterChainProxy$VirtualFilterChain.doFilter(FilterChainProxy.java:376) ~[spring-security-web-7.1.1.jar:7.1.1]
	at org.springframework.security.web.access.intercept.AuthorizationFilter.doFilter(AuthorizationFilter.java:101) ~[spring-security-web-7.1.1.jar:7.1.1]
	at org.springframework.security.web.FilterChainProxy$VirtualFilterChain.doFilter(FilterChainProxy.java:385) ~[spring-security-web-7.1.1.jar:7.1.1]
	at org.springframework.security.web.access.ExceptionTranslationFilter.doFilter(ExceptionTranslationFilter.java:126) ~[spring-security-web-7.1.1.jar:7.1.1]
	at org.springframework.security.web.access.ExceptionTranslationFilter.doFilter(ExceptionTranslationFilter.java:120) ~[spring-security-web-7.1.1.jar:7.1.1]
	at org.springframework.security.web.FilterChainProxy$VirtualFilterChain.doFilter(FilterChainProxy.java:385) ~[spring-security-web-7.1.1.jar:7.1.1]
	at org.springframework.security.web.session.SessionManagementFilter.doFilter(SessionManagementFilter.java:132) ~[spring-security-web-7.1.1.jar:7.1.1]
	at org.springframework.security.web.session.SessionManagementFilter.doFilter(SessionManagementFilter.java:86) ~[spring-security-web-7.1.1.jar:7.1.1]
	at org.springframework.security.web.FilterChainProxy$VirtualFilterChain.doFilter(FilterChainProxy.java:385) ~[spring-security-web-7.1.1.jar:7.1.1]
	at org.springframework.security.web.authentication.AnonymousAuthenticationFilter.doFilter(AnonymousAuthenticationFilter.java:100) ~[spring-security-web-7.1.1.jar:7.1.1]
	at org.springframework.security.web.FilterChainProxy$VirtualFilterChain.doFilter(FilterChainProxy.java:385) ~[spring-security-web-7.1.1.jar:7.1.1]
	at org.springframework.security.web.servletapi.SecurityContextHolderAwareRequestFilter.doFilter(SecurityContextHolderAwareRequestFilter.java:181) ~[spring-security-web-7.1.1.jar:7.1.1]
	at org.springframework.security.web.FilterChainProxy$VirtualFilterChain.doFilter(FilterChainProxy.java:385) ~[spring-security-web-7.1.1.jar:7.1.1]
	at org.springframework.security.web.savedrequest.RequestCacheAwareFilter.doFilter(RequestCacheAwareFilter.java:63) ~[spring-security-web-7.1.1.jar:7.1.1]
	at org.springframework.security.web.FilterChainProxy$VirtualFilterChain.doFilter(FilterChainProxy.java:385) ~[spring-security-web-7.1.1.jar:7.1.1]
	at com.example.AIG_ForgeHub.security.JwtAuthFilter.doFilterInternal(JwtAuthFilter.java:88) ~[classes/:na]
	at org.springframework.web.filter.OncePerRequestFilter.doFilter(OncePerRequestFilter.java:116) ~[spring-web-7.0.9.jar:7.0.9]
	at org.springframework.security.web.FilterChainProxy$VirtualFilterChain.doFilter(FilterChainProxy.java:385) ~[spring-security-web-7.1.1.jar:7.1.1]
	at org.springframework.security.web.authentication.logout.LogoutFilter.doFilter(LogoutFilter.java:110) ~[spring-security-web-7.1.1.jar:7.1.1]
	at org.springframework.security.web.authentication.logout.LogoutFilter.doFilter(LogoutFilter.java:96) ~[spring-security-web-7.1.1.jar:7.1.1]
	at org.springframework.security.web.FilterChainProxy$VirtualFilterChain.doFilter(FilterChainProxy.java:385) ~[spring-security-web-7.1.1.jar:7.1.1]
	at org.springframework.security.web.header.HeaderWriterFilter.doHeadersAfter(HeaderWriterFilter.java:90) ~[spring-security-web-7.1.1.jar:7.1.1]
	at org.springframework.security.web.header.HeaderWriterFilter.doFilterInternal(HeaderWriterFilter.java:75) ~[spring-security-web-7.1.1.jar:7.1.1]
	at org.springframework.web.filter.OncePerRequestFilter.doFilter(OncePerRequestFilter.java:116) ~[spring-web-7.0.9.jar:7.0.9]
	at org.springframework.security.web.FilterChainProxy$VirtualFilterChain.doFilter(FilterChainProxy.java:385) ~[spring-security-web-7.1.1.jar:7.1.1]
	at org.springframework.security.web.context.SecurityContextHolderFilter.doFilter(SecurityContextHolderFilter.java:82) ~[spring-security-web-7.1.1.jar:7.1.1]
	at org.springframework.security.web.context.SecurityContextHolderFilter.doFilter(SecurityContextHolderFilter.java:69) ~[spring-security-web-7.1.1.jar:7.1.1]
	at org.springframework.security.web.FilterChainProxy$VirtualFilterChain.doFilter(FilterChainProxy.java:385) ~[spring-security-web-7.1.1.jar:7.1.1]
	at org.springframework.security.web.context.request.async.WebAsyncManagerIntegrationFilter.doFilterInternal(WebAsyncManagerIntegrationFilter.java:62) ~[spring-security-web-7.1.1.jar:7.1.1]
	at org.springframework.web.filter.OncePerRequestFilter.doFilter(OncePerRequestFilter.java:116) ~[spring-web-7.0.9.jar:7.0.9]
	at org.springframework.security.web.FilterChainProxy$VirtualFilterChain.doFilter(FilterChainProxy.java:385) ~[spring-security-web-7.1.1.jar:7.1.1]
	at org.springframework.security.web.session.DisableEncodeUrlFilter.doFilterInternal(DisableEncodeUrlFilter.java:42) ~[spring-security-web-7.1.1.jar:7.1.1]
	at org.springframework.web.filter.OncePerRequestFilter.doFilter(OncePerRequestFilter.java:116) ~[spring-web-7.0.9.jar:7.0.9]
	at org.springframework.security.web.FilterChainProxy$VirtualFilterChain.doFilter(FilterChainProxy.java:385) ~[spring-security-web-7.1.1.jar:7.1.1]
	at org.springframework.security.web.FilterChainProxy.doFilterInternal(FilterChainProxy.java:237) ~[spring-security-web-7.1.1.jar:7.1.1]
	at org.springframework.security.web.FilterChainProxy.doFilter(FilterChainProxy.java:195) ~[spring-security-web-7.1.1.jar:7.1.1]
	at org.springframework.web.filter.CompositeFilter$VirtualFilterChain.doFilter(CompositeFilter.java:113) ~[spring-web-7.0.9.jar:7.0.9]
	at org.springframework.web.filter.ServletRequestPathFilter.doFilter(ServletRequestPathFilter.java:52) ~[spring-web-7.0.9.jar:7.0.9]
	at org.springframework.web.filter.CompositeFilter$VirtualFilterChain.doFilter(CompositeFilter.java:113) ~[spring-web-7.0.9.jar:7.0.9]
	at org.springframework.web.filter.CompositeFilter.doFilter(CompositeFilter.java:74) ~[spring-web-7.0.9.jar:7.0.9]
	at org.springframework.security.config.annotation.web.configuration.WebSecurityConfiguration$CompositeFilterChainProxy.doFilter(WebSecurityConfiguration.java:317) ~[spring-security-config-7.1.1.jar:7.1.1]
	at org.springframework.web.filter.DelegatingFilterProxy.invokeDelegate(DelegatingFilterProxy.java:355) ~[spring-web-7.0.9.jar:7.0.9]
	at org.springframework.web.filter.DelegatingFilterProxy.doFilter(DelegatingFilterProxy.java:272) ~[spring-web-7.0.9.jar:7.0.9]
	at org.apache.catalina.core.ApplicationFilterChain.doFilter(ApplicationFilterChain.java:111) ~[tomcat-embed-core-11.0.24.jar:11.0.24]
	at org.springframework.web.filter.RequestContextFilter.doFilterInternal(RequestContextFilter.java:100) ~[spring-web-7.0.9.jar:7.0.9]
	at org.springframework.web.filter.OncePerRequestFilter.doFilter(OncePerRequestFilter.java:116) ~[spring-web-7.0.9.jar:7.0.9]
	at org.apache.catalina.core.ApplicationFilterChain.doFilter(ApplicationFilterChain.java:111) ~[tomcat-embed-core-11.0.24.jar:11.0.24]
	at org.springframework.web.filter.FormContentFilter.doFilterInternal(FormContentFilter.java:93) ~[spring-web-7.0.9.jar:7.0.9]
	at org.springframework.web.filter.OncePerRequestFilter.doFilter(OncePerRequestFilter.java:116) ~[spring-web-7.0.9.jar:7.0.9]
	at org.apache.catalina.core.ApplicationFilterChain.doFilter(ApplicationFilterChain.java:111) ~[tomcat-embed-core-11.0.24.jar:11.0.24]
	at org.springframework.web.filter.CharacterEncodingFilter.doFilterInternal(CharacterEncodingFilter.java:199) ~[spring-web-7.0.9.jar:7.0.9]
	at org.springframework.web.filter.OncePerRequestFilter.doFilter(OncePerRequestFilter.java:116) ~[spring-web-7.0.9.jar:7.0.9]
	at org.apache.catalina.core.ApplicationFilterChain.doFilter(ApplicationFilterChain.java:111) ~[tomcat-embed-core-11.0.24.jar:11.0.24]
	at org.apache.catalina.core.StandardWrapperValve.invoke(StandardWrapperValve.java:165) ~[tomcat-embed-core-11.0.24.jar:11.0.24]
	at org.apache.catalina.core.StandardContextValve.invoke(StandardContextValve.java:77) ~[tomcat-embed-core-11.0.24.jar:11.0.24]
	at org.apache.catalina.authenticator.AuthenticatorBase.invoke(AuthenticatorBase.java:535) ~[tomcat-embed-core-11.0.24.jar:11.0.24]
	at org.apache.catalina.core.StandardHostValve.invoke(StandardHostValve.java:115) ~[tomcat-embed-core-11.0.24.jar:11.0.24]
	at org.apache.catalina.valves.ErrorReportValve.invoke(ErrorReportValve.java:86) ~[tomcat-embed-core-11.0.24.jar:11.0.24]
	at org.apache.catalina.core.StandardEngineValve.invoke(StandardEngineValve.java:71) ~[tomcat-embed-core-11.0.24.jar:11.0.24]
	at org.apache.catalina.connector.CoyoteAdapter.service(CoyoteAdapter.java:347) ~[tomcat-embed-core-11.0.24.jar:11.0.24]
	at org.apache.coyote.http11.Http11Processor.service(Http11Processor.java:406) ~[tomcat-embed-core-11.0.24.jar:11.0.24]
	at org.apache.coyote.AbstractProcessorLight.process(AbstractProcessorLight.java:71) ~[tomcat-embed-core-11.0.24.jar:11.0.24]
	at org.apache.coyote.AbstractProtocol$ConnectionHandler.process(AbstractProtocol.java:1307) ~[tomcat-embed-core-11.0.24.jar:11.0.24]
	at org.apache.tomcat.util.net.NioEndpoint$SocketProcessor.doRun(NioEndpoint.java:2036) ~[tomcat-embed-core-11.0.24.jar:11.0.24]
	at org.apache.tomcat.util.net.SocketProcessorBase.run(SocketProcessorBase.java:74) ~[tomcat-embed-core-11.0.24.jar:11.0.24]
	at org.apache.tomcat.util.threads.ThreadPoolExecutor.runWorker(ThreadPoolExecutor.java:949) ~[tomcat-embed-core-11.0.24.jar:11.0.24]
	at org.apache.tomcat.util.threads.ThreadPoolExecutor$Worker.run(ThreadPoolExecutor.java:483) ~[tomcat-embed-core-11.0.24.jar:11.0.24]
	at org.apache.tomcat.util.threads.TaskThread$WrappingRunnable.run(TaskThread.java:74) ~[tomcat-embed-core-11.0.24.jar:11.0.24]
	at java.base/java.lang.Thread.run(Thread.java:1583) ~[na:na]

2026-10-04T23:56:32.130+05:30  INFO 16576 --- [AIG-ForgeHub] [http-nio-8080-exec-7] c.e.AIG_ForgeHub.security.JwtAuthFilter  : JWT authentication successful for user: shreya1123@gmail.com with role: ADMIN
2026-10-04T23:56:32.203+05:30  INFO 16576 --- [AIG-ForgeHub] [http-nio-8080-exec-8] c.e.AIG_ForgeHub.security.JwtAuthFilter  : JWT authentication successful for user: shreya1123@gmail.com with role: ADMIN
2026-10-04T23:56:32.205+05:30 ERROR 16576 --- [AIG-ForgeHub] [http-nio-8080-exec-8] c.e.A.exception.GlobalExceptionHandler   : Unexpected error | method=GET path=/favicon.ico

org.springframework.web.servlet.resource.NoResourceFoundException: No static resource favicon.ico for request '/favicon.ico'.
	at org.springframework.web.servlet.resource.ResourceHttpRequestHandler.handleRequest(ResourceHttpRequestHandler.java:527) ~[spring-webmvc-7.0.9.jar:7.0.9]
	at org.springframework.web.servlet.mvc.HttpRequestHandlerAdapter.handle(HttpRequestHandlerAdapter.java:50) ~[spring-webmvc-7.0.9.jar:7.0.9]
	at org.springframework.web.servlet.DispatcherServlet.doDispatch(DispatcherServlet.java:963) ~[spring-webmvc-7.0.9.jar:7.0.9]
	at org.springframework.web.servlet.DispatcherServlet.doService(DispatcherServlet.java:866) ~[spring-webmvc-7.0.9.jar:7.0.9]
	at org.springframework.web.servlet.FrameworkServlet.processRequest(FrameworkServlet.java:1000) ~[spring-webmvc-7.0.9.jar:7.0.9]
	at org.springframework.web.servlet.FrameworkServlet.doGet(FrameworkServlet.java:892) ~[spring-webmvc-7.0.9.jar:7.0.9]
	at jakarta.servlet.http.HttpServlet.service(HttpServlet.java:622) ~[tomcat-embed-core-11.0.24.jar:6.1]
	at org.springframework.web.servlet.FrameworkServlet.service(FrameworkServlet.java:874) ~[spring-webmvc-7.0.9.jar:7.0.9]
	at jakarta.servlet.http.HttpServlet.service(HttpServlet.java:710) ~[tomcat-embed-core-11.0.24.jar:6.1]
	at org.apache.catalina.core.ApplicationFilterChain.doFilter(ApplicationFilterChain.java:132) ~[tomcat-embed-core-11.0.24.jar:11.0.24]
	at org.apache.tomcat.websocket.server.WsFilter.doFilter(WsFilter.java:59) ~[tomcat-embed-websocket-11.0.24.jar:11.0.24]
	at org.apache.catalina.core.ApplicationFilterChain.doFilter(ApplicationFilterChain.java:111) ~[tomcat-embed-core-11.0.24.jar:11.0.24]
	at org.springframework.web.filter.OncePerRequestFilter.doFilter(OncePerRequestFilter.java:110) ~[spring-web-7.0.9.jar:7.0.9]
	at org.apache.catalina.core.ApplicationFilterChain.doFilter(ApplicationFilterChain.java:111) ~[tomcat-embed-core-11.0.24.jar:11.0.24]
	at org.springframework.web.filter.CompositeFilter$VirtualFilterChain.doFilter(CompositeFilter.java:108) ~[spring-web-7.0.9.jar:7.0.9]
	at org.springframework.security.web.FilterChainProxy.lambda$doFilterInternal$2(FilterChainProxy.java:235) ~[spring-security-web-7.1.1.jar:7.1.1]
	at org.springframework.security.web.FilterChainProxy$VirtualFilterChain.doFilter(FilterChainProxy.java:376) ~[spring-security-web-7.1.1.jar:7.1.1]
	at org.springframework.security.web.access.intercept.AuthorizationFilter.doFilter(AuthorizationFilter.java:101) ~[spring-security-web-7.1.1.jar:7.1.1]
	at org.springframework.security.web.FilterChainProxy$VirtualFilterChain.doFilter(FilterChainProxy.java:385) ~[spring-security-web-7.1.1.jar:7.1.1]
	at org.springframework.security.web.access.ExceptionTranslationFilter.doFilter(ExceptionTranslationFilter.java:126) ~[spring-security-web-7.1.1.jar:7.1.1]
	at org.springframework.security.web.access.ExceptionTranslationFilter.doFilter(ExceptionTranslationFilter.java:120) ~[spring-security-web-7.1.1.jar:7.1.1]
	at org.springframework.security.web.FilterChainProxy$VirtualFilterChain.doFilter(FilterChainProxy.java:385) ~[spring-security-web-7.1.1.jar:7.1.1]
	at org.springframework.security.web.session.SessionManagementFilter.doFilter(SessionManagementFilter.java:132) ~[spring-security-web-7.1.1.jar:7.1.1]
	at org.springframework.security.web.session.SessionManagementFilter.doFilter(SessionManagementFilter.java:86) ~[spring-security-web-7.1.1.jar:7.1.1]
	at org.springframework.security.web.FilterChainProxy$VirtualFilterChain.doFilter(FilterChainProxy.java:385) ~[spring-security-web-7.1.1.jar:7.1.1]
	at org.springframework.security.web.authentication.AnonymousAuthenticationFilter.doFilter(AnonymousAuthenticationFilter.java:100) ~[spring-security-web-7.1.1.jar:7.1.1]
	at org.springframework.security.web.FilterChainProxy$VirtualFilterChain.doFilter(FilterChainProxy.java:385) ~[spring-security-web-7.1.1.jar:7.1.1]
	at org.springframework.security.web.servletapi.SecurityContextHolderAwareRequestFilter.doFilter(SecurityContextHolderAwareRequestFilter.java:181) ~[spring-security-web-7.1.1.jar:7.1.1]
	at org.springframework.security.web.FilterChainProxy$VirtualFilterChain.doFilter(FilterChainProxy.java:385) ~[spring-security-web-7.1.1.jar:7.1.1]
	at org.springframework.security.web.savedrequest.RequestCacheAwareFilter.doFilter(RequestCacheAwareFilter.java:63) ~[spring-security-web-7.1.1.jar:7.1.1]
	at org.springframework.security.web.FilterChainProxy$VirtualFilterChain.doFilter(FilterChainProxy.java:385) ~[spring-security-web-7.1.1.jar:7.1.1]
	at com.example.AIG_ForgeHub.security.JwtAuthFilter.doFilterInternal(JwtAuthFilter.java:88) ~[classes/:na]
	at org.springframework.web.filter.OncePerRequestFilter.doFilter(OncePerRequestFilter.java:116) ~[spring-web-7.0.9.jar:7.0.9]
	at org.springframework.security.web.FilterChainProxy$VirtualFilterChain.doFilter(FilterChainProxy.java:385) ~[spring-security-web-7.1.1.jar:7.1.1]
	at org.springframework.security.web.authentication.logout.LogoutFilter.doFilter(LogoutFilter.java:110) ~[spring-security-web-7.1.1.jar:7.1.1]
	at org.springframework.security.web.authentication.logout.LogoutFilter.doFilter(LogoutFilter.java:96) ~[spring-security-web-7.1.1.jar:7.1.1]
	at org.springframework.security.web.FilterChainProxy$VirtualFilterChain.doFilter(FilterChainProxy.java:385) ~[spring-security-web-7.1.1.jar:7.1.1]
	at org.springframework.security.web.header.HeaderWriterFilter.doHeadersAfter(HeaderWriterFilter.java:90) ~[spring-security-web-7.1.1.jar:7.1.1]
	at org.springframework.security.web.header.HeaderWriterFilter.doFilterInternal(HeaderWriterFilter.java:75) ~[spring-security-web-7.1.1.jar:7.1.1]
	at org.springframework.web.filter.OncePerRequestFilter.doFilter(OncePerRequestFilter.java:116) ~[spring-web-7.0.9.jar:7.0.9]
	at org.springframework.security.web.FilterChainProxy$VirtualFilterChain.doFilter(FilterChainProxy.java:385) ~[spring-security-web-7.1.1.jar:7.1.1]
	at org.springframework.security.web.context.SecurityContextHolderFilter.doFilter(SecurityContextHolderFilter.java:82) ~[spring-security-web-7.1.1.jar:7.1.1]
	at org.springframework.security.web.context.SecurityContextHolderFilter.doFilter(SecurityContextHolderFilter.java:69) ~[spring-security-web-7.1.1.jar:7.1.1]
	at org.springframework.security.web.FilterChainProxy$VirtualFilterChain.doFilter(FilterChainProxy.java:385) ~[spring-security-web-7.1.1.jar:7.1.1]
	at org.springframework.security.web.context.request.async.WebAsyncManagerIntegrationFilter.doFilterInternal(WebAsyncManagerIntegrationFilter.java:62) ~[spring-security-web-7.1.1.jar:7.1.1]
	at org.springframework.web.filter.OncePerRequestFilter.doFilter(OncePerRequestFilter.java:116) ~[spring-web-7.0.9.jar:7.0.9]
	at org.springframework.security.web.FilterChainProxy$VirtualFilterChain.doFilter(FilterChainProxy.java:385) ~[spring-security-web-7.1.1.jar:7.1.1]
	at org.springframework.security.web.session.DisableEncodeUrlFilter.doFilterInternal(DisableEncodeUrlFilter.java:42) ~[spring-security-web-7.1.1.jar:7.1.1]
	at org.springframework.web.filter.OncePerRequestFilter.doFilter(OncePerRequestFilter.java:116) ~[spring-web-7.0.9.jar:7.0.9]
	at org.springframework.security.web.FilterChainProxy$VirtualFilterChain.doFilter(FilterChainProxy.java:385) ~[spring-security-web-7.1.1.jar:7.1.1]
	at org.springframework.security.web.FilterChainProxy.doFilterInternal(FilterChainProxy.java:237) ~[spring-security-web-7.1.1.jar:7.1.1]
	at org.springframework.security.web.FilterChainProxy.doFilter(FilterChainProxy.java:195) ~[spring-security-web-7.1.1.jar:7.1.1]
	at org.springframework.web.filter.CompositeFilter$VirtualFilterChain.doFilter(CompositeFilter.java:113) ~[spring-web-7.0.9.jar:7.0.9]
	at org.springframework.web.filter.ServletRequestPathFilter.doFilter(ServletRequestPathFilter.java:52) ~[spring-web-7.0.9.jar:7.0.9]
	at org.springframework.web.filter.CompositeFilter$VirtualFilterChain.doFilter(CompositeFilter.java:113) ~[spring-web-7.0.9.jar:7.0.9]
	at org.springframework.web.filter.CompositeFilter.doFilter(CompositeFilter.java:74) ~[spring-web-7.0.9.jar:7.0.9]
	at org.springframework.security.config.annotation.web.configuration.WebSecurityConfiguration$CompositeFilterChainProxy.doFilter(WebSecurityConfiguration.java:317) ~[spring-security-config-7.1.1.jar:7.1.1]
	at org.springframework.web.filter.DelegatingFilterProxy.invokeDelegate(DelegatingFilterProxy.java:355) ~[spring-web-7.0.9.jar:7.0.9]
	at org.springframework.web.filter.DelegatingFilterProxy.doFilter(DelegatingFilterProxy.java:272) ~[spring-web-7.0.9.jar:7.0.9]
	at org.apache.catalina.core.ApplicationFilterChain.doFilter(ApplicationFilterChain.java:111) ~[tomcat-embed-core-11.0.24.jar:11.0.24]
	at org.springframework.web.filter.RequestContextFilter.doFilterInternal(RequestContextFilter.java:100) ~[spring-web-7.0.9.jar:7.0.9]
	at org.springframework.web.filter.OncePerRequestFilter.doFilter(OncePerRequestFilter.java:116) ~[spring-web-7.0.9.jar:7.0.9]
	at org.apache.catalina.core.ApplicationFilterChain.doFilter(ApplicationFilterChain.java:111) ~[tomcat-embed-core-11.0.24.jar:11.0.24]
	at org.springframework.web.filter.FormContentFilter.doFilterInternal(FormContentFilter.java:93) ~[spring-web-7.0.9.jar:7.0.9]
	at org.springframework.web.filter.OncePerRequestFilter.doFilter(OncePerRequestFilter.java:116) ~[spring-web-7.0.9.jar:7.0.9]
	at org.apache.catalina.core.ApplicationFilterChain.doFilter(ApplicationFilterChain.java:111) ~[tomcat-embed-core-11.0.24.jar:11.0.24]
	at org.springframework.web.filter.CharacterEncodingFilter.doFilterInternal(CharacterEncodingFilter.java:199) ~[spring-web-7.0.9.jar:7.0.9]
	at org.springframework.web.filter.OncePerRequestFilter.doFilter(OncePerRequestFilter.java:116) ~[spring-web-7.0.9.jar:7.0.9]
	at org.apache.catalina.core.ApplicationFilterChain.doFilter(ApplicationFilterChain.java:111) ~[tomcat-embed-core-11.0.24.jar:11.0.24]
	at org.apache.catalina.core.StandardWrapperValve.invoke(StandardWrapperValve.java:165) ~[tomcat-embed-core-11.0.24.jar:11.0.24]
	at org.apache.catalina.core.StandardContextValve.invoke(StandardContextValve.java:77) ~[tomcat-embed-core-11.0.24.jar:11.0.24]
	at org.apache.catalina.authenticator.AuthenticatorBase.invoke(AuthenticatorBase.java:535) ~[tomcat-embed-core-11.0.24.jar:11.0.24]
	at org.apache.catalina.core.StandardHostValve.invoke(StandardHostValve.java:115) ~[tomcat-embed-core-11.0.24.jar:11.0.24]
	at org.apache.catalina.valves.ErrorReportValve.invoke(ErrorReportValve.java:86) ~[tomcat-embed-core-11.0.24.jar:11.0.24]
	at org.apache.catalina.core.StandardEngineValve.invoke(StandardEngineValve.java:71) ~[tomcat-embed-core-11.0.24.jar:11.0.24]
	at org.apache.catalina.connector.CoyoteAdapter.service(CoyoteAdapter.java:347) ~[tomcat-embed-core-11.0.24.jar:11.0.24]
	at org.apache.coyote.http11.Http11Processor.service(Http11Processor.java:406) ~[tomcat-embed-core-11.0.24.jar:11.0.24]
	at org.apache.coyote.AbstractProcessorLight.process(AbstractProcessorLight.java:71) ~[tomcat-embed-core-11.0.24.jar:11.0.24]
	at org.apache.coyote.AbstractProtocol$ConnectionHandler.process(AbstractProtocol.java:1307) ~[tomcat-embed-core-11.0.24.jar:11.0.24]
	at org.apache.tomcat.util.net.NioEndpoint$SocketProcessor.doRun(NioEndpoint.java:2036) ~[tomcat-embed-core-11.0.24.jar:11.0.24]
	at org.apache.tomcat.util.net.SocketProcessorBase.run(SocketProcessorBase.java:74) ~[tomcat-embed-core-11.0.24.jar:11.0.24]
	at org.apache.tomcat.util.threads.ThreadPoolExecutor.runWorker(ThreadPoolExecutor.java:949) ~[tomcat-embed-core-11.0.24.jar:11.0.24]
	at org.apache.tomcat.util.threads.ThreadPoolExecutor$Worker.run(ThreadPoolExecutor.java:483) ~[tomcat-embed-core-11.0.24.jar:11.0.24]
	at org.apache.tomcat.util.threads.TaskThread$WrappingRunnable.run(TaskThread.java:74) ~[tomcat-embed-core-11.0.24.jar:11.0.24]
	at java.base/java.lang.Thread.run(Thread.java:1583) ~[na:na]

2026-10-04T23:56:32.211+05:30  INFO 16576 --- [AIG-ForgeHub] [http-nio-8080-exec-9] c.e.AIG_ForgeHub.security.JwtAuthFilter  : JWT authentication successful for user: shreya1123@gmail.com with role: ADMIN
2026-10-04T23:56:35.634+05:30  INFO 16576 --- [AIG-ForgeHub] [http-nio-8080-exec-10] c.e.AIG_ForgeHub.security.JwtAuthFilter  : JWT authentication successful for user: shreya1123@gmail.com with role: ADMIN
2026-10-04T23:56:35.694+05:30  INFO 16576 --- [AIG-ForgeHub] [http-nio-8080-exec-2] c.e.AIG_ForgeHub.security.JwtAuthFilter  : JWT authentication successful for user: shreya1123@gmail.com with role: ADMIN
2026-10-04T23:56:35.697+05:30 ERROR 16576 --- [AIG-ForgeHub] [http-nio-8080-exec-2] c.e.A.exception.GlobalExceptionHandler   : Unexpected error | method=GET path=/css/admin.css

org.springframework.web.servlet.resource.NoResourceFoundException: No static resource css/admin.css for request '/css/admin.css'.
	at org.springframework.web.servlet.resource.ResourceHttpRequestHandler.handleRequest(ResourceHttpRequestHandler.java:527) ~[spring-webmvc-7.0.9.jar:7.0.9]
	at org.springframework.web.servlet.mvc.HttpRequestHandlerAdapter.handle(HttpRequestHandlerAdapter.java:50) ~[spring-webmvc-7.0.9.jar:7.0.9]
	at org.springframework.web.servlet.DispatcherServlet.doDispatch(DispatcherServlet.java:963) ~[spring-webmvc-7.0.9.jar:7.0.9]
	at org.springframework.web.servlet.DispatcherServlet.doService(DispatcherServlet.java:866) ~[spring-webmvc-7.0.9.jar:7.0.9]
	at org.springframework.web.servlet.FrameworkServlet.processRequest(FrameworkServlet.java:1000) ~[spring-webmvc-7.0.9.jar:7.0.9]
	at org.springframework.web.servlet.FrameworkServlet.doGet(FrameworkServlet.java:892) ~[spring-webmvc-7.0.9.jar:7.0.9]
	at jakarta.servlet.http.HttpServlet.service(HttpServlet.java:622) ~[tomcat-embed-core-11.0.24.jar:6.1]
	at org.springframework.web.servlet.FrameworkServlet.service(FrameworkServlet.java:874) ~[spring-webmvc-7.0.9.jar:7.0.9]
	at jakarta.servlet.http.HttpServlet.service(HttpServlet.java:710) ~[tomcat-embed-core-11.0.24.jar:6.1]
	at org.apache.catalina.core.ApplicationFilterChain.doFilter(ApplicationFilterChain.java:132) ~[tomcat-embed-core-11.0.24.jar:11.0.24]
	at org.apache.tomcat.websocket.server.WsFilter.doFilter(WsFilter.java:59) ~[tomcat-embed-websocket-11.0.24.jar:11.0.24]
	at org.apache.catalina.core.ApplicationFilterChain.doFilter(ApplicationFilterChain.java:111) ~[tomcat-embed-core-11.0.24.jar:11.0.24]
	at org.springframework.web.filter.OncePerRequestFilter.doFilter(OncePerRequestFilter.java:110) ~[spring-web-7.0.9.jar:7.0.9]
	at org.apache.catalina.core.ApplicationFilterChain.doFilter(ApplicationFilterChain.java:111) ~[tomcat-embed-core-11.0.24.jar:11.0.24]
	at org.springframework.web.filter.CompositeFilter$VirtualFilterChain.doFilter(CompositeFilter.java:108) ~[spring-web-7.0.9.jar:7.0.9]
	at org.springframework.security.web.FilterChainProxy.lambda$doFilterInternal$2(FilterChainProxy.java:235) ~[spring-security-web-7.1.1.jar:7.1.1]
	at org.springframework.security.web.FilterChainProxy$VirtualFilterChain.doFilter(FilterChainProxy.java:376) ~[spring-security-web-7.1.1.jar:7.1.1]
	at org.springframework.security.web.access.intercept.AuthorizationFilter.doFilter(AuthorizationFilter.java:101) ~[spring-security-web-7.1.1.jar:7.1.1]
	at org.springframework.security.web.FilterChainProxy$VirtualFilterChain.doFilter(FilterChainProxy.java:385) ~[spring-security-web-7.1.1.jar:7.1.1]
	at org.springframework.security.web.access.ExceptionTranslationFilter.doFilter(ExceptionTranslationFilter.java:126) ~[spring-security-web-7.1.1.jar:7.1.1]
	at org.springframework.security.web.access.ExceptionTranslationFilter.doFilter(ExceptionTranslationFilter.java:120) ~[spring-security-web-7.1.1.jar:7.1.1]
	at org.springframework.security.web.FilterChainProxy$VirtualFilterChain.doFilter(FilterChainProxy.java:385) ~[spring-security-web-7.1.1.jar:7.1.1]
	at org.springframework.security.web.session.SessionManagementFilter.doFilter(SessionManagementFilter.java:132) ~[spring-security-web-7.1.1.jar:7.1.1]
	at org.springframework.security.web.session.SessionManagementFilter.doFilter(SessionManagementFilter.java:86) ~[spring-security-web-7.1.1.jar:7.1.1]
	at org.springframework.security.web.FilterChainProxy$VirtualFilterChain.doFilter(FilterChainProxy.java:385) ~[spring-security-web-7.1.1.jar:7.1.1]
	at org.springframework.security.web.authentication.AnonymousAuthenticationFilter.doFilter(AnonymousAuthenticationFilter.java:100) ~[spring-security-web-7.1.1.jar:7.1.1]
	at org.springframework.security.web.FilterChainProxy$VirtualFilterChain.doFilter(FilterChainProxy.java:385) ~[spring-security-web-7.1.1.jar:7.1.1]
	at org.springframework.security.web.servletapi.SecurityContextHolderAwareRequestFilter.doFilter(SecurityContextHolderAwareRequestFilter.java:181) ~[spring-security-web-7.1.1.jar:7.1.1]
	at org.springframework.security.web.FilterChainProxy$VirtualFilterChain.doFilter(FilterChainProxy.java:385) ~[spring-security-web-7.1.1.jar:7.1.1]
	at org.springframework.security.web.savedrequest.RequestCacheAwareFilter.doFilter(RequestCacheAwareFilter.java:63) ~[spring-security-web-7.1.1.jar:7.1.1]
	at org.springframework.security.web.FilterChainProxy$VirtualFilterChain.doFilter(FilterChainProxy.java:385) ~[spring-security-web-7.1.1.jar:7.1.1]
	at com.example.AIG_ForgeHub.security.JwtAuthFilter.doFilterInternal(JwtAuthFilter.java:88) ~[classes/:na]
	at org.springframework.web.filter.OncePerRequestFilter.doFilter(OncePerRequestFilter.java:116) ~[spring-web-7.0.9.jar:7.0.9]
	at org.springframework.security.web.FilterChainProxy$VirtualFilterChain.doFilter(FilterChainProxy.java:385) ~[spring-security-web-7.1.1.jar:7.1.1]
	at org.springframework.security.web.authentication.logout.LogoutFilter.doFilter(LogoutFilter.java:110) ~[spring-security-web-7.1.1.jar:7.1.1]
	at org.springframework.security.web.authentication.logout.LogoutFilter.doFilter(LogoutFilter.java:96) ~[spring-security-web-7.1.1.jar:7.1.1]
	at org.springframework.security.web.FilterChainProxy$VirtualFilterChain.doFilter(FilterChainProxy.java:385) ~[spring-security-web-7.1.1.jar:7.1.1]
	at org.springframework.security.web.header.HeaderWriterFilter.doHeadersAfter(HeaderWriterFilter.java:90) ~[spring-security-web-7.1.1.jar:7.1.1]
	at org.springframework.security.web.header.HeaderWriterFilter.doFilterInternal(HeaderWriterFilter.java:75) ~[spring-security-web-7.1.1.jar:7.1.1]
	at org.springframework.web.filter.OncePerRequestFilter.doFilter(OncePerRequestFilter.java:116) ~[spring-web-7.0.9.jar:7.0.9]
	at org.springframework.security.web.FilterChainProxy$VirtualFilterChain.doFilter(FilterChainProxy.java:385) ~[spring-security-web-7.1.1.jar:7.1.1]
	at org.springframework.security.web.context.SecurityContextHolderFilter.doFilter(SecurityContextHolderFilter.java:82) ~[spring-security-web-7.1.1.jar:7.1.1]
	at org.springframework.security.web.context.SecurityContextHolderFilter.doFilter(SecurityContextHolderFilter.java:69) ~[spring-security-web-7.1.1.jar:7.1.1]
	at org.springframework.security.web.FilterChainProxy$VirtualFilterChain.doFilter(FilterChainProxy.java:385) ~[spring-security-web-7.1.1.jar:7.1.1]
	at org.springframework.security.web.context.request.async.WebAsyncManagerIntegrationFilter.doFilterInternal(WebAsyncManagerIntegrationFilter.java:62) ~[spring-security-web-7.1.1.jar:7.1.1]
	at org.springframework.web.filter.OncePerRequestFilter.doFilter(OncePerRequestFilter.java:116) ~[spring-web-7.0.9.jar:7.0.9]
	at org.springframework.security.web.FilterChainProxy$VirtualFilterChain.doFilter(FilterChainProxy.java:385) ~[spring-security-web-7.1.1.jar:7.1.1]
	at org.springframework.security.web.session.DisableEncodeUrlFilter.doFilterInternal(DisableEncodeUrlFilter.java:42) ~[spring-security-web-7.1.1.jar:7.1.1]
	at org.springframework.web.filter.OncePerRequestFilter.doFilter(OncePerRequestFilter.java:116) ~[spring-web-7.0.9.jar:7.0.9]
	at org.springframework.security.web.FilterChainProxy$VirtualFilterChain.doFilter(FilterChainProxy.java:385) ~[spring-security-web-7.1.1.jar:7.1.1]
	at org.springframework.security.web.FilterChainProxy.doFilterInternal(FilterChainProxy.java:237) ~[spring-security-web-7.1.1.jar:7.1.1]
	at org.springframework.security.web.FilterChainProxy.doFilter(FilterChainProxy.java:195) ~[spring-security-web-7.1.1.jar:7.1.1]
	at org.springframework.web.filter.CompositeFilter$VirtualFilterChain.doFilter(CompositeFilter.java:113) ~[spring-web-7.0.9.jar:7.0.9]
	at org.springframework.web.filter.ServletRequestPathFilter.doFilter(ServletRequestPathFilter.java:52) ~[spring-web-7.0.9.jar:7.0.9]
	at org.springframework.web.filter.CompositeFilter$VirtualFilterChain.doFilter(CompositeFilter.java:113) ~[spring-web-7.0.9.jar:7.0.9]
	at org.springframework.web.filter.CompositeFilter.doFilter(CompositeFilter.java:74) ~[spring-web-7.0.9.jar:7.0.9]
	at org.springframework.security.config.annotation.web.configuration.WebSecurityConfiguration$CompositeFilterChainProxy.doFilter(WebSecurityConfiguration.java:317) ~[spring-security-config-7.1.1.jar:7.1.1]
	at org.springframework.web.filter.DelegatingFilterProxy.invokeDelegate(DelegatingFilterProxy.java:355) ~[spring-web-7.0.9.jar:7.0.9]
	at org.springframework.web.filter.DelegatingFilterProxy.doFilter(DelegatingFilterProxy.java:272) ~[spring-web-7.0.9.jar:7.0.9]
	at org.apache.catalina.core.ApplicationFilterChain.doFilter(ApplicationFilterChain.java:111) ~[tomcat-embed-core-11.0.24.jar:11.0.24]
	at org.springframework.web.filter.RequestContextFilter.doFilterInternal(RequestContextFilter.java:100) ~[spring-web-7.0.9.jar:7.0.9]
	at org.springframework.web.filter.OncePerRequestFilter.doFilter(OncePerRequestFilter.java:116) ~[spring-web-7.0.9.jar:7.0.9]
	at org.apache.catalina.core.ApplicationFilterChain.doFilter(ApplicationFilterChain.java:111) ~[tomcat-embed-core-11.0.24.jar:11.0.24]
	at org.springframework.web.filter.FormContentFilter.doFilterInternal(FormContentFilter.java:93) ~[spring-web-7.0.9.jar:7.0.9]
	at org.springframework.web.filter.OncePerRequestFilter.doFilter(OncePerRequestFilter.java:116) ~[spring-web-7.0.9.jar:7.0.9]
	at org.apache.catalina.core.ApplicationFilterChain.doFilter(ApplicationFilterChain.java:111) ~[tomcat-embed-core-11.0.24.jar:11.0.24]
	at org.springframework.web.filter.CharacterEncodingFilter.doFilterInternal(CharacterEncodingFilter.java:199) ~[spring-web-7.0.9.jar:7.0.9]
	at org.springframework.web.filter.OncePerRequestFilter.doFilter(OncePerRequestFilter.java:116) ~[spring-web-7.0.9.jar:7.0.9]
	at org.apache.catalina.core.ApplicationFilterChain.doFilter(ApplicationFilterChain.java:111) ~[tomcat-embed-core-11.0.24.jar:11.0.24]
	at org.apache.catalina.core.StandardWrapperValve.invoke(StandardWrapperValve.java:165) ~[tomcat-embed-core-11.0.24.jar:11.0.24]
	at org.apache.catalina.core.StandardContextValve.invoke(StandardContextValve.java:77) ~[tomcat-embed-core-11.0.24.jar:11.0.24]
	at org.apache.catalina.authenticator.AuthenticatorBase.invoke(AuthenticatorBase.java:535) ~[tomcat-embed-core-11.0.24.jar:11.0.24]
	at org.apache.catalina.core.StandardHostValve.invoke(StandardHostValve.java:115) ~[tomcat-embed-core-11.0.24.jar:11.0.24]
	at org.apache.catalina.valves.ErrorReportValve.invoke(ErrorReportValve.java:86) ~[tomcat-embed-core-11.0.24.jar:11.0.24]
	at org.apache.catalina.core.StandardEngineValve.invoke(StandardEngineValve.java:71) ~[tomcat-embed-core-11.0.24.jar:11.0.24]
	at org.apache.catalina.connector.CoyoteAdapter.service(CoyoteAdapter.java:347) ~[tomcat-embed-core-11.0.24.jar:11.0.24]
	at org.apache.coyote.http11.Http11Processor.service(Http11Processor.java:406) ~[tomcat-embed-core-11.0.24.jar:11.0.24]
	at org.apache.coyote.AbstractProcessorLight.process(AbstractProcessorLight.java:71) ~[tomcat-embed-core-11.0.24.jar:11.0.24]
	at org.apache.coyote.AbstractProtocol$ConnectionHandler.process(AbstractProtocol.java:1307) ~[tomcat-embed-core-11.0.24.jar:11.0.24]
	at org.apache.tomcat.util.net.NioEndpoint$SocketProcessor.doRun(NioEndpoint.java:2036) ~[tomcat-embed-core-11.0.24.jar:11.0.24]
	at org.apache.tomcat.util.net.SocketProcessorBase.run(SocketProcessorBase.java:74) ~[tomcat-embed-core-11.0.24.jar:11.0.24]
	at org.apache.tomcat.util.threads.ThreadPoolExecutor.runWorker(ThreadPoolExecutor.java:949) ~[tomcat-embed-core-11.0.24.jar:11.0.24]
	at org.apache.tomcat.util.threads.ThreadPoolExecutor$Worker.run(ThreadPoolExecutor.java:483) ~[tomcat-embed-core-11.0.24.jar:11.0.24]
	at org.apache.tomcat.util.threads.TaskThread$WrappingRunnable.run(TaskThread.java:74) ~[tomcat-embed-core-11.0.24.jar:11.0.24]
	at java.base/java.lang.Thread.run(Thread.java:1583) ~[na:na]

2026-10-04T23:56:35.704+05:30  INFO 16576 --- [AIG-ForgeHub] [http-nio-8080-exec-1] c.e.AIG_ForgeHub.security.JwtAuthFilter  : JWT authentication successful for user: shreya1123@gmail.com with role: ADMIN
2026-10-04T23:56:35.785+05:30  INFO 16576 --- [AIG-ForgeHub] [http-nio-8080-exec-3] c.e.AIG_ForgeHub.security.JwtAuthFilter  : JWT authentication successful for user: shreya1123@gmail.com with role: ADMIN
2026-10-04T23:56:35.788+05:30 ERROR 16576 --- [AIG-ForgeHub] [http-nio-8080-exec-3] c.e.A.exception.GlobalExceptionHandler   : Unexpected error | method=GET path=/favicon.ico

org.springframework.web.servlet.resource.NoResourceFoundException: No static resource favicon.ico for request '/favicon.ico'.
	at org.springframework.web.servlet.resource.ResourceHttpRequestHandler.handleRequest(ResourceHttpRequestHandler.java:527) ~[spring-webmvc-7.0.9.jar:7.0.9]
	at org.springframework.web.servlet.mvc.HttpRequestHandlerAdapter.handle(HttpRequestHandlerAdapter.java:50) ~[spring-webmvc-7.0.9.jar:7.0.9]
	at org.springframework.web.servlet.DispatcherServlet.doDispatch(DispatcherServlet.java:963) ~[spring-webmvc-7.0.9.jar:7.0.9]
	at org.springframework.web.servlet.DispatcherServlet.doService(DispatcherServlet.java:866) ~[spring-webmvc-7.0.9.jar:7.0.9]
	at org.springframework.web.servlet.FrameworkServlet.processRequest(FrameworkServlet.java:1000) ~[spring-webmvc-7.0.9.jar:7.0.9]
	at org.springframework.web.servlet.FrameworkServlet.doGet(FrameworkServlet.java:892) ~[spring-webmvc-7.0.9.jar:7.0.9]
	at jakarta.servlet.http.HttpServlet.service(HttpServlet.java:622) ~[tomcat-embed-core-11.0.24.jar:6.1]
	at org.springframework.web.servlet.FrameworkServlet.service(FrameworkServlet.java:874) ~[spring-webmvc-7.0.9.jar:7.0.9]
	at jakarta.servlet.http.HttpServlet.service(HttpServlet.java:710) ~[tomcat-embed-core-11.0.24.jar:6.1]
	at org.apache.catalina.core.ApplicationFilterChain.doFilter(ApplicationFilterChain.java:132) ~[tomcat-embed-core-11.0.24.jar:11.0.24]
	at org.apache.tomcat.websocket.server.WsFilter.doFilter(WsFilter.java:59) ~[tomcat-embed-websocket-11.0.24.jar:11.0.24]
	at org.apache.catalina.core.ApplicationFilterChain.doFilter(ApplicationFilterChain.java:111) ~[tomcat-embed-core-11.0.24.jar:11.0.24]
	at org.springframework.web.filter.OncePerRequestFilter.doFilter(OncePerRequestFilter.java:110) ~[spring-web-7.0.9.jar:7.0.9]
	at org.apache.catalina.core.ApplicationFilterChain.doFilter(ApplicationFilterChain.java:111) ~[tomcat-embed-core-11.0.24.jar:11.0.24]
	at org.springframework.web.filter.CompositeFilter$VirtualFilterChain.doFilter(CompositeFilter.java:108) ~[spring-web-7.0.9.jar:7.0.9]
	at org.springframework.security.web.FilterChainProxy.lambda$doFilterInternal$2(FilterChainProxy.java:235) ~[spring-security-web-7.1.1.jar:7.1.1]
	at org.springframework.security.web.FilterChainProxy$VirtualFilterChain.doFilter(FilterChainProxy.java:376) ~[spring-security-web-7.1.1.jar:7.1.1]
	at org.springframework.security.web.access.intercept.AuthorizationFilter.doFilter(AuthorizationFilter.java:101) ~[spring-security-web-7.1.1.jar:7.1.1]
	at org.springframework.security.web.FilterChainProxy$VirtualFilterChain.doFilter(FilterChainProxy.java:385) ~[spring-security-web-7.1.1.jar:7.1.1]
	at org.springframework.security.web.access.ExceptionTranslationFilter.doFilter(ExceptionTranslationFilter.java:126) ~[spring-security-web-7.1.1.jar:7.1.1]
	at org.springframework.security.web.access.ExceptionTranslationFilter.doFilter(ExceptionTranslationFilter.java:120) ~[spring-security-web-7.1.1.jar:7.1.1]
	at org.springframework.security.web.FilterChainProxy$VirtualFilterChain.doFilter(FilterChainProxy.java:385) ~[spring-security-web-7.1.1.jar:7.1.1]
	at org.springframework.security.web.session.SessionManagementFilter.doFilter(SessionManagementFilter.java:132) ~[spring-security-web-7.1.1.jar:7.1.1]
	at org.springframework.security.web.session.SessionManagementFilter.doFilter(SessionManagementFilter.java:86) ~[spring-security-web-7.1.1.jar:7.1.1]
	at org.springframework.security.web.FilterChainProxy$VirtualFilterChain.doFilter(FilterChainProxy.java:385) ~[spring-security-web-7.1.1.jar:7.1.1]
	at org.springframework.security.web.authentication.AnonymousAuthenticationFilter.doFilter(AnonymousAuthenticationFilter.java:100) ~[spring-security-web-7.1.1.jar:7.1.1]
	at org.springframework.security.web.FilterChainProxy$VirtualFilterChain.doFilter(FilterChainProxy.java:385) ~[spring-security-web-7.1.1.jar:7.1.1]
	at org.springframework.security.web.servletapi.SecurityContextHolderAwareRequestFilter.doFilter(SecurityContextHolderAwareRequestFilter.java:181) ~[spring-security-web-7.1.1.jar:7.1.1]
	at org.springframework.security.web.FilterChainProxy$VirtualFilterChain.doFilter(FilterChainProxy.java:385) ~[spring-security-web-7.1.1.jar:7.1.1]
	at org.springframework.security.web.savedrequest.RequestCacheAwareFilter.doFilter(RequestCacheAwareFilter.java:63) ~[spring-security-web-7.1.1.jar:7.1.1]
	at org.springframework.security.web.FilterChainProxy$VirtualFilterChain.doFilter(FilterChainProxy.java:385) ~[spring-security-web-7.1.1.jar:7.1.1]
	at com.example.AIG_ForgeHub.security.JwtAuthFilter.doFilterInternal(JwtAuthFilter.java:88) ~[classes/:na]
	at org.springframework.web.filter.OncePerRequestFilter.doFilter(OncePerRequestFilter.java:116) ~[spring-web-7.0.9.jar:7.0.9]
	at org.springframework.security.web.FilterChainProxy$VirtualFilterChain.doFilter(FilterChainProxy.java:385) ~[spring-security-web-7.1.1.jar:7.1.1]
	at org.springframework.security.web.authentication.logout.LogoutFilter.doFilter(LogoutFilter.java:110) ~[spring-security-web-7.1.1.jar:7.1.1]
	at org.springframework.security.web.authentication.logout.LogoutFilter.doFilter(LogoutFilter.java:96) ~[spring-security-web-7.1.1.jar:7.1.1]
	at org.springframework.security.web.FilterChainProxy$VirtualFilterChain.doFilter(FilterChainProxy.java:385) ~[spring-security-web-7.1.1.jar:7.1.1]
	at org.springframework.security.web.header.HeaderWriterFilter.doHeadersAfter(HeaderWriterFilter.java:90) ~[spring-security-web-7.1.1.jar:7.1.1]
	at org.springframework.security.web.header.HeaderWriterFilter.doFilterInternal(HeaderWriterFilter.java:75) ~[spring-security-web-7.1.1.jar:7.1.1]
	at org.springframework.web.filter.OncePerRequestFilter.doFilter(OncePerRequestFilter.java:116) ~[spring-web-7.0.9.jar:7.0.9]
	at org.springframework.security.web.FilterChainProxy$VirtualFilterChain.doFilter(FilterChainProxy.java:385) ~[spring-security-web-7.1.1.jar:7.1.1]
	at org.springframework.security.web.context.SecurityContextHolderFilter.doFilter(SecurityContextHolderFilter.java:82) ~[spring-security-web-7.1.1.jar:7.1.1]
	at org.springframework.security.web.context.SecurityContextHolderFilter.doFilter(SecurityContextHolderFilter.java:69) ~[spring-security-web-7.1.1.jar:7.1.1]
	at org.springframework.security.web.FilterChainProxy$VirtualFilterChain.doFilter(FilterChainProxy.java:385) ~[spring-security-web-7.1.1.jar:7.1.1]
	at org.springframework.security.web.context.request.async.WebAsyncManagerIntegrationFilter.doFilterInternal(WebAsyncManagerIntegrationFilter.java:62) ~[spring-security-web-7.1.1.jar:7.1.1]
	at org.springframework.web.filter.OncePerRequestFilter.doFilter(OncePerRequestFilter.java:116) ~[spring-web-7.0.9.jar:7.0.9]
	at org.springframework.security.web.FilterChainProxy$VirtualFilterChain.doFilter(FilterChainProxy.java:385) ~[spring-security-web-7.1.1.jar:7.1.1]
	at org.springframework.security.web.session.DisableEncodeUrlFilter.doFilterInternal(DisableEncodeUrlFilter.java:42) ~[spring-security-web-7.1.1.jar:7.1.1]
	at org.springframework.web.filter.OncePerRequestFilter.doFilter(OncePerRequestFilter.java:116) ~[spring-web-7.0.9.jar:7.0.9]
	at org.springframework.security.web.FilterChainProxy$VirtualFilterChain.doFilter(FilterChainProxy.java:385) ~[spring-security-web-7.1.1.jar:7.1.1]
	at org.springframework.security.web.FilterChainProxy.doFilterInternal(FilterChainProxy.java:237) ~[spring-security-web-7.1.1.jar:7.1.1]
	at org.springframework.security.web.FilterChainProxy.doFilter(FilterChainProxy.java:195) ~[spring-security-web-7.1.1.jar:7.1.1]
	at org.springframework.web.filter.CompositeFilter$VirtualFilterChain.doFilter(CompositeFilter.java:113) ~[spring-web-7.0.9.jar:7.0.9]
	at org.springframework.web.filter.ServletRequestPathFilter.doFilter(ServletRequestPathFilter.java:52) ~[spring-web-7.0.9.jar:7.0.9]
	at org.springframework.web.filter.CompositeFilter$VirtualFilterChain.doFilter(CompositeFilter.java:113) ~[spring-web-7.0.9.jar:7.0.9]
	at org.springframework.web.filter.CompositeFilter.doFilter(CompositeFilter.java:74) ~[spring-web-7.0.9.jar:7.0.9]
	at org.springframework.security.config.annotation.web.configuration.WebSecurityConfiguration$CompositeFilterChainProxy.doFilter(WebSecurityConfiguration.java:317) ~[spring-security-config-7.1.1.jar:7.1.1]
	at org.springframework.web.filter.DelegatingFilterProxy.invokeDelegate(DelegatingFilterProxy.java:355) ~[spring-web-7.0.9.jar:7.0.9]
	at org.springframework.web.filter.DelegatingFilterProxy.doFilter(DelegatingFilterProxy.java:272) ~[spring-web-7.0.9.jar:7.0.9]
	at org.apache.catalina.core.ApplicationFilterChain.doFilter(ApplicationFilterChain.java:111) ~[tomcat-embed-core-11.0.24.jar:11.0.24]
	at org.springframework.web.filter.RequestContextFilter.doFilterInternal(RequestContextFilter.java:100) ~[spring-web-7.0.9.jar:7.0.9]
	at org.springframework.web.filter.OncePerRequestFilter.doFilter(OncePerRequestFilter.java:116) ~[spring-web-7.0.9.jar:7.0.9]
	at org.apache.catalina.core.ApplicationFilterChain.doFilter(ApplicationFilterChain.java:111) ~[tomcat-embed-core-11.0.24.jar:11.0.24]
	at org.springframework.web.filter.FormContentFilter.doFilterInternal(FormContentFilter.java:93) ~[spring-web-7.0.9.jar:7.0.9]
	at org.springframework.web.filter.OncePerRequestFilter.doFilter(OncePerRequestFilter.java:116) ~[spring-web-7.0.9.jar:7.0.9]
	at org.apache.catalina.core.ApplicationFilterChain.doFilter(ApplicationFilterChain.java:111) ~[tomcat-embed-core-11.0.24.jar:11.0.24]
	at org.springframework.web.filter.CharacterEncodingFilter.doFilterInternal(CharacterEncodingFilter.java:199) ~[spring-web-7.0.9.jar:7.0.9]
	at org.springframework.web.filter.OncePerRequestFilter.doFilter(OncePerRequestFilter.java:116) ~[spring-web-7.0.9.jar:7.0.9]
	at org.apache.catalina.core.ApplicationFilterChain.doFilter(ApplicationFilterChain.java:111) ~[tomcat-embed-core-11.0.24.jar:11.0.24]
	at org.apache.catalina.core.StandardWrapperValve.invoke(StandardWrapperValve.java:165) ~[tomcat-embed-core-11.0.24.jar:11.0.24]
	at org.apache.catalina.core.StandardContextValve.invoke(StandardContextValve.java:77) ~[tomcat-embed-core-11.0.24.jar:11.0.24]
	at org.apache.catalina.authenticator.AuthenticatorBase.invoke(AuthenticatorBase.java:535) ~[tomcat-embed-core-11.0.24.jar:11.0.24]
	at org.apache.catalina.core.StandardHostValve.invoke(StandardHostValve.java:115) ~[tomcat-embed-core-11.0.24.jar:11.0.24]
	at org.apache.catalina.valves.ErrorReportValve.invoke(ErrorReportValve.java:86) ~[tomcat-embed-core-11.0.24.jar:11.0.24]
	at org.apache.catalina.core.StandardEngineValve.invoke(StandardEngineValve.java:71) ~[tomcat-embed-core-11.0.24.jar:11.0.24]
	at org.apache.catalina.connector.CoyoteAdapter.service(CoyoteAdapter.java:347) ~[tomcat-embed-core-11.0.24.jar:11.0.24]
	at org.apache.coyote.http11.Http11Processor.service(Http11Processor.java:406) ~[tomcat-embed-core-11.0.24.jar:11.0.24]
	at org.apache.coyote.AbstractProcessorLight.process(AbstractProcessorLight.java:71) ~[tomcat-embed-core-11.0.24.jar:11.0.24]
	at org.apache.coyote.AbstractProtocol$ConnectionHandler.process(AbstractProtocol.java:1307) ~[tomcat-embed-core-11.0.24.jar:11.0.24]
	at org.apache.tomcat.util.net.NioEndpoint$SocketProcessor.doRun(NioEndpoint.java:2036) ~[tomcat-embed-core-11.0.24.jar:11.0.24]
	at org.apache.tomcat.util.net.SocketProcessorBase.run(SocketProcessorBase.java:74) ~[tomcat-embed-core-11.0.24.jar:11.0.24]
	at org.apache.tomcat.util.threads.ThreadPoolExecutor.runWorker(ThreadPoolExecutor.java:949) ~[tomcat-embed-core-11.0.24.jar:11.0.24]
	at org.apache.tomcat.util.threads.ThreadPoolExecutor$Worker.run(ThreadPoolExecutor.java:483) ~[tomcat-embed-core-11.0.24.jar:11.0.24]
	at org.apache.tomcat.util.threads.TaskThread$WrappingRunnable.run(TaskThread.java:74) ~[tomcat-embed-core-11.0.24.jar:11.0.24]
	at java.base/java.lang.Thread.run(Thread.java:1583) ~[na:na]

2026-10-04T23:56:35.798+05:30  INFO 16576 --- [AIG-ForgeHub] [http-nio-8080-exec-6] c.e.AIG_ForgeHub.security.JwtAuthFilter  : JWT authentication successful for user: shreya1123@gmail.com with role: ADMIN
2026-10-04T23:56:36.909+05:30  INFO 16576 --- [AIG-ForgeHub] [http-nio-8080-exec-5] c.e.AIG_ForgeHub.security.JwtAuthFilter  : JWT authentication successful for user: shreya1123@gmail.com with role: ADMIN
2026-10-04T23:56:36.964+05:30  INFO 16576 --- [AIG-ForgeHub] [http-nio-8080-exec-4] c.e.AIG_ForgeHub.security.JwtAuthFilter  : JWT authentication successful for user: shreya1123@gmail.com with role: ADMIN
2026-10-04T23:56:36.967+05:30 ERROR 16576 --- [AIG-ForgeHub] [http-nio-8080-exec-4] c.e.A.exception.GlobalExceptionHandler   : Unexpected error | method=GET path=/css/admin.css

org.springframework.web.servlet.resource.NoResourceFoundException: No static resource css/admin.css for request '/css/admin.css'.
	at org.springframework.web.servlet.resource.ResourceHttpRequestHandler.handleRequest(ResourceHttpRequestHandler.java:527) ~[spring-webmvc-7.0.9.jar:7.0.9]
	at org.springframework.web.servlet.mvc.HttpRequestHandlerAdapter.handle(HttpRequestHandlerAdapter.java:50) ~[spring-webmvc-7.0.9.jar:7.0.9]
	at org.springframework.web.servlet.DispatcherServlet.doDispatch(DispatcherServlet.java:963) ~[spring-webmvc-7.0.9.jar:7.0.9]
	at org.springframework.web.servlet.DispatcherServlet.doService(DispatcherServlet.java:866) ~[spring-webmvc-7.0.9.jar:7.0.9]
	at org.springframework.web.servlet.FrameworkServlet.processRequest(FrameworkServlet.java:1000) ~[spring-webmvc-7.0.9.jar:7.0.9]
	at org.springframework.web.servlet.FrameworkServlet.doGet(FrameworkServlet.java:892) ~[spring-webmvc-7.0.9.jar:7.0.9]
	at jakarta.servlet.http.HttpServlet.service(HttpServlet.java:622) ~[tomcat-embed-core-11.0.24.jar:6.1]
	at org.springframework.web.servlet.FrameworkServlet.service(FrameworkServlet.java:874) ~[spring-webmvc-7.0.9.jar:7.0.9]
	at jakarta.servlet.http.HttpServlet.service(HttpServlet.java:710) ~[tomcat-embed-core-11.0.24.jar:6.1]
	at org.apache.catalina.core.ApplicationFilterChain.doFilter(ApplicationFilterChain.java:132) ~[tomcat-embed-core-11.0.24.jar:11.0.24]
	at org.apache.tomcat.websocket.server.WsFilter.doFilter(WsFilter.java:59) ~[tomcat-embed-websocket-11.0.24.jar:11.0.24]
	at org.apache.catalina.core.ApplicationFilterChain.doFilter(ApplicationFilterChain.java:111) ~[tomcat-embed-core-11.0.24.jar:11.0.24]
	at org.springframework.web.filter.OncePerRequestFilter.doFilter(OncePerRequestFilter.java:110) ~[spring-web-7.0.9.jar:7.0.9]
	at org.apache.catalina.core.ApplicationFilterChain.doFilter(ApplicationFilterChain.java:111) ~[tomcat-embed-core-11.0.24.jar:11.0.24]
	at org.springframework.web.filter.CompositeFilter$VirtualFilterChain.doFilter(CompositeFilter.java:108) ~[spring-web-7.0.9.jar:7.0.9]
	at org.springframework.security.web.FilterChainProxy.lambda$doFilterInternal$2(FilterChainProxy.java:235) ~[spring-security-web-7.1.1.jar:7.1.1]
	at org.springframework.security.web.FilterChainProxy$VirtualFilterChain.doFilter(FilterChainProxy.java:376) ~[spring-security-web-7.1.1.jar:7.1.1]
	at org.springframework.security.web.access.intercept.AuthorizationFilter.doFilter(AuthorizationFilter.java:101) ~[spring-security-web-7.1.1.jar:7.1.1]
	at org.springframework.security.web.FilterChainProxy$VirtualFilterChain.doFilter(FilterChainProxy.java:385) ~[spring-security-web-7.1.1.jar:7.1.1]
	at org.springframework.security.web.access.ExceptionTranslationFilter.doFilter(ExceptionTranslationFilter.java:126) ~[spring-security-web-7.1.1.jar:7.1.1]
	at org.springframework.security.web.access.ExceptionTranslationFilter.doFilter(ExceptionTranslationFilter.java:120) ~[spring-security-web-7.1.1.jar:7.1.1]
	at org.springframework.security.web.FilterChainProxy$VirtualFilterChain.doFilter(FilterChainProxy.java:385) ~[spring-security-web-7.1.1.jar:7.1.1]
	at org.springframework.security.web.session.SessionManagementFilter.doFilter(SessionManagementFilter.java:132) ~[spring-security-web-7.1.1.jar:7.1.1]
	at org.springframework.security.web.session.SessionManagementFilter.doFilter(SessionManagementFilter.java:86) ~[spring-security-web-7.1.1.jar:7.1.1]
	at org.springframework.security.web.FilterChainProxy$VirtualFilterChain.doFilter(FilterChainProxy.java:385) ~[spring-security-web-7.1.1.jar:7.1.1]
	at org.springframework.security.web.authentication.AnonymousAuthenticationFilter.doFilter(AnonymousAuthenticationFilter.java:100) ~[spring-security-web-7.1.1.jar:7.1.1]
	at org.springframework.security.web.FilterChainProxy$VirtualFilterChain.doFilter(FilterChainProxy.java:385) ~[spring-security-web-7.1.1.jar:7.1.1]
	at org.springframework.security.web.servletapi.SecurityContextHolderAwareRequestFilter.doFilter(SecurityContextHolderAwareRequestFilter.java:181) ~[spring-security-web-7.1.1.jar:7.1.1]
	at org.springframework.security.web.FilterChainProxy$VirtualFilterChain.doFilter(FilterChainProxy.java:385) ~[spring-security-web-7.1.1.jar:7.1.1]
	at org.springframework.security.web.savedrequest.RequestCacheAwareFilter.doFilter(RequestCacheAwareFilter.java:63) ~[spring-security-web-7.1.1.jar:7.1.1]
	at org.springframework.security.web.FilterChainProxy$VirtualFilterChain.doFilter(FilterChainProxy.java:385) ~[spring-security-web-7.1.1.jar:7.1.1]
	at com.example.AIG_ForgeHub.security.JwtAuthFilter.doFilterInternal(JwtAuthFilter.java:88) ~[classes/:na]
	at org.springframework.web.filter.OncePerRequestFilter.doFilter(OncePerRequestFilter.java:116) ~[spring-web-7.0.9.jar:7.0.9]
	at org.springframework.security.web.FilterChainProxy$VirtualFilterChain.doFilter(FilterChainProxy.java:385) ~[spring-security-web-7.1.1.jar:7.1.1]
	at org.springframework.security.web.authentication.logout.LogoutFilter.doFilter(LogoutFilter.java:110) ~[spring-security-web-7.1.1.jar:7.1.1]
	at org.springframework.security.web.authentication.logout.LogoutFilter.doFilter(LogoutFilter.java:96) ~[spring-security-web-7.1.1.jar:7.1.1]
	at org.springframework.security.web.FilterChainProxy$VirtualFilterChain.doFilter(FilterChainProxy.java:385) ~[spring-security-web-7.1.1.jar:7.1.1]
	at org.springframework.security.web.header.HeaderWriterFilter.doHeadersAfter(HeaderWriterFilter.java:90) ~[spring-security-web-7.1.1.jar:7.1.1]
	at org.springframework.security.web.header.HeaderWriterFilter.doFilterInternal(HeaderWriterFilter.java:75) ~[spring-security-web-7.1.1.jar:7.1.1]
	at org.springframework.web.filter.OncePerRequestFilter.doFilter(OncePerRequestFilter.java:116) ~[spring-web-7.0.9.jar:7.0.9]
	at org.springframework.security.web.FilterChainProxy$VirtualFilterChain.doFilter(FilterChainProxy.java:385) ~[spring-security-web-7.1.1.jar:7.1.1]
	at org.springframework.security.web.context.SecurityContextHolderFilter.doFilter(SecurityContextHolderFilter.java:82) ~[spring-security-web-7.1.1.jar:7.1.1]
	at org.springframework.security.web.context.SecurityContextHolderFilter.doFilter(SecurityContextHolderFilter.java:69) ~[spring-security-web-7.1.1.jar:7.1.1]
	at org.springframework.security.web.FilterChainProxy$VirtualFilterChain.doFilter(FilterChainProxy.java:385) ~[spring-security-web-7.1.1.jar:7.1.1]
	at org.springframework.security.web.context.request.async.WebAsyncManagerIntegrationFilter.doFilterInternal(WebAsyncManagerIntegrationFilter.java:62) ~[spring-security-web-7.1.1.jar:7.1.1]
	at org.springframework.web.filter.OncePerRequestFilter.doFilter(OncePerRequestFilter.java:116) ~[spring-web-7.0.9.jar:7.0.9]
	at org.springframework.security.web.FilterChainProxy$VirtualFilterChain.doFilter(FilterChainProxy.java:385) ~[spring-security-web-7.1.1.jar:7.1.1]
	at org.springframework.security.web.session.DisableEncodeUrlFilter.doFilterInternal(DisableEncodeUrlFilter.java:42) ~[spring-security-web-7.1.1.jar:7.1.1]
	at org.springframework.web.filter.OncePerRequestFilter.doFilter(OncePerRequestFilter.java:116) ~[spring-web-7.0.9.jar:7.0.9]
	at org.springframework.security.web.FilterChainProxy$VirtualFilterChain.doFilter(FilterChainProxy.java:385) ~[spring-security-web-7.1.1.jar:7.1.1]
	at org.springframework.security.web.FilterChainProxy.doFilterInternal(FilterChainProxy.java:237) ~[spring-security-web-7.1.1.jar:7.1.1]
	at org.springframework.security.web.FilterChainProxy.doFilter(FilterChainProxy.java:195) ~[spring-security-web-7.1.1.jar:7.1.1]
	at org.springframework.web.filter.CompositeFilter$VirtualFilterChain.doFilter(CompositeFilter.java:113) ~[spring-web-7.0.9.jar:7.0.9]
	at org.springframework.web.filter.ServletRequestPathFilter.doFilter(ServletRequestPathFilter.java:52) ~[spring-web-7.0.9.jar:7.0.9]
	at org.springframework.web.filter.CompositeFilter$VirtualFilterChain.doFilter(CompositeFilter.java:113) ~[spring-web-7.0.9.jar:7.0.9]
	at org.springframework.web.filter.CompositeFilter.doFilter(CompositeFilter.java:74) ~[spring-web-7.0.9.jar:7.0.9]
	at org.springframework.security.config.annotation.web.configuration.WebSecurityConfiguration$CompositeFilterChainProxy.doFilter(WebSecurityConfiguration.java:317) ~[spring-security-config-7.1.1.jar:7.1.1]
	at org.springframework.web.filter.DelegatingFilterProxy.invokeDelegate(DelegatingFilterProxy.java:355) ~[spring-web-7.0.9.jar:7.0.9]
	at org.springframework.web.filter.DelegatingFilterProxy.doFilter(DelegatingFilterProxy.java:272) ~[spring-web-7.0.9.jar:7.0.9]
	at org.apache.catalina.core.ApplicationFilterChain.doFilter(ApplicationFilterChain.java:111) ~[tomcat-embed-core-11.0.24.jar:11.0.24]
	at org.springframework.web.filter.RequestContextFilter.doFilterInternal(RequestContextFilter.java:100) ~[spring-web-7.0.9.jar:7.0.9]
	at org.springframework.web.filter.OncePerRequestFilter.doFilter(OncePerRequestFilter.java:116) ~[spring-web-7.0.9.jar:7.0.9]
	at org.apache.catalina.core.ApplicationFilterChain.doFilter(ApplicationFilterChain.java:111) ~[tomcat-embed-core-11.0.24.jar:11.0.24]
	at org.springframework.web.filter.FormContentFilter.doFilterInternal(FormContentFilter.java:93) ~[spring-web-7.0.9.jar:7.0.9]
	at org.springframework.web.filter.OncePerRequestFilter.doFilter(OncePerRequestFilter.java:116) ~[spring-web-7.0.9.jar:7.0.9]
	at org.apache.catalina.core.ApplicationFilterChain.doFilter(ApplicationFilterChain.java:111) ~[tomcat-embed-core-11.0.24.jar:11.0.24]
	at org.springframework.web.filter.CharacterEncodingFilter.doFilterInternal(CharacterEncodingFilter.java:199) ~[spring-web-7.0.9.jar:7.0.9]
	at org.springframework.web.filter.OncePerRequestFilter.doFilter(OncePerRequestFilter.java:116) ~[spring-web-7.0.9.jar:7.0.9]
	at org.apache.catalina.core.ApplicationFilterChain.doFilter(ApplicationFilterChain.java:111) ~[tomcat-embed-core-11.0.24.jar:11.0.24]
	at org.apache.catalina.core.StandardWrapperValve.invoke(StandardWrapperValve.java:165) ~[tomcat-embed-core-11.0.24.jar:11.0.24]
	at org.apache.catalina.core.StandardContextValve.invoke(StandardContextValve.java:77) ~[tomcat-embed-core-11.0.24.jar:11.0.24]
	at org.apache.catalina.authenticator.AuthenticatorBase.invoke(AuthenticatorBase.java:535) ~[tomcat-embed-core-11.0.24.jar:11.0.24]
	at org.apache.catalina.core.StandardHostValve.invoke(StandardHostValve.java:115) ~[tomcat-embed-core-11.0.24.jar:11.0.24]
	at org.apache.catalina.valves.ErrorReportValve.invoke(ErrorReportValve.java:86) ~[tomcat-embed-core-11.0.24.jar:11.0.24]
	at org.apache.catalina.core.StandardEngineValve.invoke(StandardEngineValve.java:71) ~[tomcat-embed-core-11.0.24.jar:11.0.24]
	at org.apache.catalina.connector.CoyoteAdapter.service(CoyoteAdapter.java:347) ~[tomcat-embed-core-11.0.24.jar:11.0.24]
	at org.apache.coyote.http11.Http11Processor.service(Http11Processor.java:406) ~[tomcat-embed-core-11.0.24.jar:11.0.24]
	at org.apache.coyote.AbstractProcessorLight.process(AbstractProcessorLight.java:71) ~[tomcat-embed-core-11.0.24.jar:11.0.24]
	at org.apache.coyote.AbstractProtocol$ConnectionHandler.process(AbstractProtocol.java:1307) ~[tomcat-embed-core-11.0.24.jar:11.0.24]
	at org.apache.tomcat.util.net.NioEndpoint$SocketProcessor.doRun(NioEndpoint.java:2036) ~[tomcat-embed-core-11.0.24.jar:11.0.24]
	at org.apache.tomcat.util.net.SocketProcessorBase.run(SocketProcessorBase.java:74) ~[tomcat-embed-core-11.0.24.jar:11.0.24]
	at org.apache.tomcat.util.threads.ThreadPoolExecutor.runWorker(ThreadPoolExecutor.java:949) ~[tomcat-embed-core-11.0.24.jar:11.0.24]
	at org.apache.tomcat.util.threads.ThreadPoolExecutor$Worker.run(ThreadPoolExecutor.java:483) ~[tomcat-embed-core-11.0.24.jar:11.0.24]
	at org.apache.tomcat.util.threads.TaskThread$WrappingRunnable.run(TaskThread.java:74) ~[tomcat-embed-core-11.0.24.jar:11.0.24]
	at java.base/java.lang.Thread.run(Thread.java:1583) ~[na:na]

2026-10-04T23:56:36.974+05:30  INFO 16576 --- [AIG-ForgeHub] [http-nio-8080-exec-7] c.e.AIG_ForgeHub.security.JwtAuthFilter  : JWT authentication successful for user: shreya1123@gmail.com with role: ADMIN
2026-10-04T23:56:37.050+05:30  INFO 16576 --- [AIG-ForgeHub] [http-nio-8080-exec-8] c.e.AIG_ForgeHub.security.JwtAuthFilter  : JWT authentication successful for user: shreya1123@gmail.com with role: ADMIN
2026-10-04T23:56:37.052+05:30 ERROR 16576 --- [AIG-ForgeHub] [http-nio-8080-exec-8] c.e.A.exception.GlobalExceptionHandler   : Unexpected error | method=GET path=/favicon.ico

org.springframework.web.servlet.resource.NoResourceFoundException: No static resource favicon.ico for request '/favicon.ico'.
	at org.springframework.web.servlet.resource.ResourceHttpRequestHandler.handleRequest(ResourceHttpRequestHandler.java:527) ~[spring-webmvc-7.0.9.jar:7.0.9]
	at org.springframework.web.servlet.mvc.HttpRequestHandlerAdapter.handle(HttpRequestHandlerAdapter.java:50) ~[spring-webmvc-7.0.9.jar:7.0.9]
	at org.springframework.web.servlet.DispatcherServlet.doDispatch(DispatcherServlet.java:963) ~[spring-webmvc-7.0.9.jar:7.0.9]
	at org.springframework.web.servlet.DispatcherServlet.doService(DispatcherServlet.java:866) ~[spring-webmvc-7.0.9.jar:7.0.9]
	at org.springframework.web.servlet.FrameworkServlet.processRequest(FrameworkServlet.java:1000) ~[spring-webmvc-7.0.9.jar:7.0.9]
	at org.springframework.web.servlet.FrameworkServlet.doGet(FrameworkServlet.java:892) ~[spring-webmvc-7.0.9.jar:7.0.9]
	at jakarta.servlet.http.HttpServlet.service(HttpServlet.java:622) ~[tomcat-embed-core-11.0.24.jar:6.1]
	at org.springframework.web.servlet.FrameworkServlet.service(FrameworkServlet.java:874) ~[spring-webmvc-7.0.9.jar:7.0.9]
	at jakarta.servlet.http.HttpServlet.service(HttpServlet.java:710) ~[tomcat-embed-core-11.0.24.jar:6.1]
	at org.apache.catalina.core.ApplicationFilterChain.doFilter(ApplicationFilterChain.java:132) ~[tomcat-embed-core-11.0.24.jar:11.0.24]
	at org.apache.tomcat.websocket.server.WsFilter.doFilter(WsFilter.java:59) ~[tomcat-embed-websocket-11.0.24.jar:11.0.24]
	at org.apache.catalina.core.ApplicationFilterChain.doFilter(ApplicationFilterChain.java:111) ~[tomcat-embed-core-11.0.24.jar:11.0.24]
	at org.springframework.web.filter.OncePerRequestFilter.doFilter(OncePerRequestFilter.java:110) ~[spring-web-7.0.9.jar:7.0.9]
	at org.apache.catalina.core.ApplicationFilterChain.doFilter(ApplicationFilterChain.java:111) ~[tomcat-embed-core-11.0.24.jar:11.0.24]
	at org.springframework.web.filter.CompositeFilter$VirtualFilterChain.doFilter(CompositeFilter.java:108) ~[spring-web-7.0.9.jar:7.0.9]
	at org.springframework.security.web.FilterChainProxy.lambda$doFilterInternal$2(FilterChainProxy.java:235) ~[spring-security-web-7.1.1.jar:7.1.1]
	at org.springframework.security.web.FilterChainProxy$VirtualFilterChain.doFilter(FilterChainProxy.java:376) ~[spring-security-web-7.1.1.jar:7.1.1]
	at org.springframework.security.web.access.intercept.AuthorizationFilter.doFilter(AuthorizationFilter.java:101) ~[spring-security-web-7.1.1.jar:7.1.1]
	at org.springframework.security.web.FilterChainProxy$VirtualFilterChain.doFilter(FilterChainProxy.java:385) ~[spring-security-web-7.1.1.jar:7.1.1]
	at org.springframework.security.web.access.ExceptionTranslationFilter.doFilter(ExceptionTranslationFilter.java:126) ~[spring-security-web-7.1.1.jar:7.1.1]
	at org.springframework.security.web.access.ExceptionTranslationFilter.doFilter(ExceptionTranslationFilter.java:120) ~[spring-security-web-7.1.1.jar:7.1.1]
	at org.springframework.security.web.FilterChainProxy$VirtualFilterChain.doFilter(FilterChainProxy.java:385) ~[spring-security-web-7.1.1.jar:7.1.1]
	at org.springframework.security.web.session.SessionManagementFilter.doFilter(SessionManagementFilter.java:132) ~[spring-security-web-7.1.1.jar:7.1.1]
	at org.springframework.security.web.session.SessionManagementFilter.doFilter(SessionManagementFilter.java:86) ~[spring-security-web-7.1.1.jar:7.1.1]
	at org.springframework.security.web.FilterChainProxy$VirtualFilterChain.doFilter(FilterChainProxy.java:385) ~[spring-security-web-7.1.1.jar:7.1.1]
	at org.springframework.security.web.authentication.AnonymousAuthenticationFilter.doFilter(AnonymousAuthenticationFilter.java:100) ~[spring-security-web-7.1.1.jar:7.1.1]
	at org.springframework.security.web.FilterChainProxy$VirtualFilterChain.doFilter(FilterChainProxy.java:385) ~[spring-security-web-7.1.1.jar:7.1.1]
	at org.springframework.security.web.servletapi.SecurityContextHolderAwareRequestFilter.doFilter(SecurityContextHolderAwareRequestFilter.java:181) ~[spring-security-web-7.1.1.jar:7.1.1]
	at org.springframework.security.web.FilterChainProxy$VirtualFilterChain.doFilter(FilterChainProxy.java:385) ~[spring-security-web-7.1.1.jar:7.1.1]
	at org.springframework.security.web.savedrequest.RequestCacheAwareFilter.doFilter(RequestCacheAwareFilter.java:63) ~[spring-security-web-7.1.1.jar:7.1.1]
	at org.springframework.security.web.FilterChainProxy$VirtualFilterChain.doFilter(FilterChainProxy.java:385) ~[spring-security-web-7.1.1.jar:7.1.1]
	at com.example.AIG_ForgeHub.security.JwtAuthFilter.doFilterInternal(JwtAuthFilter.java:88) ~[classes/:na]
	at org.springframework.web.filter.OncePerRequestFilter.doFilter(OncePerRequestFilter.java:116) ~[spring-web-7.0.9.jar:7.0.9]
	at org.springframework.security.web.FilterChainProxy$VirtualFilterChain.doFilter(FilterChainProxy.java:385) ~[spring-security-web-7.1.1.jar:7.1.1]
	at org.springframework.security.web.authentication.logout.LogoutFilter.doFilter(LogoutFilter.java:110) ~[spring-security-web-7.1.1.jar:7.1.1]
	at org.springframework.security.web.authentication.logout.LogoutFilter.doFilter(LogoutFilter.java:96) ~[spring-security-web-7.1.1.jar:7.1.1]
	at org.springframework.security.web.FilterChainProxy$VirtualFilterChain.doFilter(FilterChainProxy.java:385) ~[spring-security-web-7.1.1.jar:7.1.1]
	at org.springframework.security.web.header.HeaderWriterFilter.doHeadersAfter(HeaderWriterFilter.java:90) ~[spring-security-web-7.1.1.jar:7.1.1]
	at org.springframework.security.web.header.HeaderWriterFilter.doFilterInternal(HeaderWriterFilter.java:75) ~[spring-security-web-7.1.1.jar:7.1.1]
	at org.springframework.web.filter.OncePerRequestFilter.doFilter(OncePerRequestFilter.java:116) ~[spring-web-7.0.9.jar:7.0.9]
	at org.springframework.security.web.FilterChainProxy$VirtualFilterChain.doFilter(FilterChainProxy.java:385) ~[spring-security-web-7.1.1.jar:7.1.1]
	at org.springframework.security.web.context.SecurityContextHolderFilter.doFilter(SecurityContextHolderFilter.java:82) ~[spring-security-web-7.1.1.jar:7.1.1]
	at org.springframework.security.web.context.SecurityContextHolderFilter.doFilter(SecurityContextHolderFilter.java:69) ~[spring-security-web-7.1.1.jar:7.1.1]
	at org.springframework.security.web.FilterChainProxy$VirtualFilterChain.doFilter(FilterChainProxy.java:385) ~[spring-security-web-7.1.1.jar:7.1.1]
	at org.springframework.security.web.context.request.async.WebAsyncManagerIntegrationFilter.doFilterInternal(WebAsyncManagerIntegrationFilter.java:62) ~[spring-security-web-7.1.1.jar:7.1.1]
	at org.springframework.web.filter.OncePerRequestFilter.doFilter(OncePerRequestFilter.java:116) ~[spring-web-7.0.9.jar:7.0.9]
	at org.springframework.security.web.FilterChainProxy$VirtualFilterChain.doFilter(FilterChainProxy.java:385) ~[spring-security-web-7.1.1.jar:7.1.1]
	at org.springframework.security.web.session.DisableEncodeUrlFilter.doFilterInternal(DisableEncodeUrlFilter.java:42) ~[spring-security-web-7.1.1.jar:7.1.1]
	at org.springframework.web.filter.OncePerRequestFilter.doFilter(OncePerRequestFilter.java:116) ~[spring-web-7.0.9.jar:7.0.9]
	at org.springframework.security.web.FilterChainProxy$VirtualFilterChain.doFilter(FilterChainProxy.java:385) ~[spring-security-web-7.1.1.jar:7.1.1]
	at org.springframework.security.web.FilterChainProxy.doFilterInternal(FilterChainProxy.java:237) ~[spring-security-web-7.1.1.jar:7.1.1]
	at org.springframework.security.web.FilterChainProxy.doFilter(FilterChainProxy.java:195) ~[spring-security-web-7.1.1.jar:7.1.1]
	at org.springframework.web.filter.CompositeFilter$VirtualFilterChain.doFilter(CompositeFilter.java:113) ~[spring-web-7.0.9.jar:7.0.9]
	at org.springframework.web.filter.ServletRequestPathFilter.doFilter(ServletRequestPathFilter.java:52) ~[spring-web-7.0.9.jar:7.0.9]
	at org.springframework.web.filter.CompositeFilter$VirtualFilterChain.doFilter(CompositeFilter.java:113) ~[spring-web-7.0.9.jar:7.0.9]
	at org.springframework.web.filter.CompositeFilter.doFilter(CompositeFilter.java:74) ~[spring-web-7.0.9.jar:7.0.9]
	at org.springframework.security.config.annotation.web.configuration.WebSecurityConfiguration$CompositeFilterChainProxy.doFilter(WebSecurityConfiguration.java:317) ~[spring-security-config-7.1.1.jar:7.1.1]
	at org.springframework.web.filter.DelegatingFilterProxy.invokeDelegate(DelegatingFilterProxy.java:355) ~[spring-web-7.0.9.jar:7.0.9]
	at org.springframework.web.filter.DelegatingFilterProxy.doFilter(DelegatingFilterProxy.java:272) ~[spring-web-7.0.9.jar:7.0.9]
	at org.apache.catalina.core.ApplicationFilterChain.doFilter(ApplicationFilterChain.java:111) ~[tomcat-embed-core-11.0.24.jar:11.0.24]
	at org.springframework.web.filter.RequestContextFilter.doFilterInternal(RequestContextFilter.java:100) ~[spring-web-7.0.9.jar:7.0.9]
	at org.springframework.web.filter.OncePerRequestFilter.doFilter(OncePerRequestFilter.java:116) ~[spring-web-7.0.9.jar:7.0.9]
	at org.apache.catalina.core.ApplicationFilterChain.doFilter(ApplicationFilterChain.java:111) ~[tomcat-embed-core-11.0.24.jar:11.0.24]
	at org.springframework.web.filter.FormContentFilter.doFilterInternal(FormContentFilter.java:93) ~[spring-web-7.0.9.jar:7.0.9]
	at org.springframework.web.filter.OncePerRequestFilter.doFilter(OncePerRequestFilter.java:116) ~[spring-web-7.0.9.jar:7.0.9]
	at org.apache.catalina.core.ApplicationFilterChain.doFilter(ApplicationFilterChain.java:111) ~[tomcat-embed-core-11.0.24.jar:11.0.24]
	at org.springframework.web.filter.CharacterEncodingFilter.doFilterInternal(CharacterEncodingFilter.java:199) ~[spring-web-7.0.9.jar:7.0.9]
	at org.springframework.web.filter.OncePerRequestFilter.doFilter(OncePerRequestFilter.java:116) ~[spring-web-7.0.9.jar:7.0.9]
	at org.apache.catalina.core.ApplicationFilterChain.doFilter(ApplicationFilterChain.java:111) ~[tomcat-embed-core-11.0.24.jar:11.0.24]
	at org.apache.catalina.core.StandardWrapperValve.invoke(StandardWrapperValve.java:165) ~[tomcat-embed-core-11.0.24.jar:11.0.24]
	at org.apache.catalina.core.StandardContextValve.invoke(StandardContextValve.java:77) ~[tomcat-embed-core-11.0.24.jar:11.0.24]
	at org.apache.catalina.authenticator.AuthenticatorBase.invoke(AuthenticatorBase.java:535) ~[tomcat-embed-core-11.0.24.jar:11.0.24]
	at org.apache.catalina.core.StandardHostValve.invoke(StandardHostValve.java:115) ~[tomcat-embed-core-11.0.24.jar:11.0.24]
	at org.apache.catalina.valves.ErrorReportValve.invoke(ErrorReportValve.java:86) ~[tomcat-embed-core-11.0.24.jar:11.0.24]
	at org.apache.catalina.core.StandardEngineValve.invoke(StandardEngineValve.java:71) ~[tomcat-embed-core-11.0.24.jar:11.0.24]
	at org.apache.catalina.connector.CoyoteAdapter.service(CoyoteAdapter.java:347) ~[tomcat-embed-core-11.0.24.jar:11.0.24]
	at org.apache.coyote.http11.Http11Processor.service(Http11Processor.java:406) ~[tomcat-embed-core-11.0.24.jar:11.0.24]
	at org.apache.coyote.AbstractProcessorLight.process(AbstractProcessorLight.java:71) ~[tomcat-embed-core-11.0.24.jar:11.0.24]
	at org.apache.coyote.AbstractProtocol$ConnectionHandler.process(AbstractProtocol.java:1307) ~[tomcat-embed-core-11.0.24.jar:11.0.24]
	at org.apache.tomcat.util.net.NioEndpoint$SocketProcessor.doRun(NioEndpoint.java:2036) ~[tomcat-embed-core-11.0.24.jar:11.0.24]
	at org.apache.tomcat.util.net.SocketProcessorBase.run(SocketProcessorBase.java:74) ~[tomcat-embed-core-11.0.24.jar:11.0.24]
	at org.apache.tomcat.util.threads.ThreadPoolExecutor.runWorker(ThreadPoolExecutor.java:949) ~[tomcat-embed-core-11.0.24.jar:11.0.24]
	at org.apache.tomcat.util.threads.ThreadPoolExecutor$Worker.run(ThreadPoolExecutor.java:483) ~[tomcat-embed-core-11.0.24.jar:11.0.24]
	at org.apache.tomcat.util.threads.TaskThread$WrappingRunnable.run(TaskThread.java:74) ~[tomcat-embed-core-11.0.24.jar:11.0.24]
	at java.base/java.lang.Thread.run(Thread.java:1583) ~[na:na]

2026-10-04T23:56:37.059+05:30  INFO 16576 --- [AIG-ForgeHub] [http-nio-8080-exec-9] c.e.AIG_ForgeHub.security.JwtAuthFilter  : JWT authentication successful for user: shreya1123@gmail.com with role: ADMIN
2026-10-04T23:56:38.022+05:30  INFO 16576 --- [AIG-ForgeHub] [http-nio-8080-exec-10] c.e.AIG_ForgeHub.security.JwtAuthFilter  : JWT authentication successful for user: shreya1123@gmail.com with role: ADMIN
2026-10-04T23:56:38.107+05:30  INFO 16576 --- [AIG-ForgeHub] [http-nio-8080-exec-2] c.e.AIG_ForgeHub.security.JwtAuthFilter  : JWT authentication successful for user: shreya1123@gmail.com with role: ADMIN
2026-10-04T23:56:38.110+05:30 ERROR 16576 --- [AIG-ForgeHub] [http-nio-8080-exec-2] c.e.A.exception.GlobalExceptionHandler   : Unexpected error | method=GET path=/css/admin.css

org.springframework.web.servlet.resource.NoResourceFoundException: No static resource css/admin.css for request '/css/admin.css'.
	at org.springframework.web.servlet.resource.ResourceHttpRequestHandler.handleRequest(ResourceHttpRequestHandler.java:527) ~[spring-webmvc-7.0.9.jar:7.0.9]
	at org.springframework.web.servlet.mvc.HttpRequestHandlerAdapter.handle(HttpRequestHandlerAdapter.java:50) ~[spring-webmvc-7.0.9.jar:7.0.9]
	at org.springframework.web.servlet.DispatcherServlet.doDispatch(DispatcherServlet.java:963) ~[spring-webmvc-7.0.9.jar:7.0.9]
	at org.springframework.web.servlet.DispatcherServlet.doService(DispatcherServlet.java:866) ~[spring-webmvc-7.0.9.jar:7.0.9]
	at org.springframework.web.servlet.FrameworkServlet.processRequest(FrameworkServlet.java:1000) ~[spring-webmvc-7.0.9.jar:7.0.9]
	at org.springframework.web.servlet.FrameworkServlet.doGet(FrameworkServlet.java:892) ~[spring-webmvc-7.0.9.jar:7.0.9]
	at jakarta.servlet.http.HttpServlet.service(HttpServlet.java:622) ~[tomcat-embed-core-11.0.24.jar:6.1]
	at org.springframework.web.servlet.FrameworkServlet.service(FrameworkServlet.java:874) ~[spring-webmvc-7.0.9.jar:7.0.9]
	at jakarta.servlet.http.HttpServlet.service(HttpServlet.java:710) ~[tomcat-embed-core-11.0.24.jar:6.1]
	at org.apache.catalina.core.ApplicationFilterChain.doFilter(ApplicationFilterChain.java:132) ~[tomcat-embed-core-11.0.24.jar:11.0.24]
	at org.apache.tomcat.websocket.server.WsFilter.doFilter(WsFilter.java:59) ~[tomcat-embed-websocket-11.0.24.jar:11.0.24]
	at org.apache.catalina.core.ApplicationFilterChain.doFilter(ApplicationFilterChain.java:111) ~[tomcat-embed-core-11.0.24.jar:11.0.24]
	at org.springframework.web.filter.OncePerRequestFilter.doFilter(OncePerRequestFilter.java:110) ~[spring-web-7.0.9.jar:7.0.9]
	at org.apache.catalina.core.ApplicationFilterChain.doFilter(ApplicationFilterChain.java:111) ~[tomcat-embed-core-11.0.24.jar:11.0.24]
	at org.springframework.web.filter.CompositeFilter$VirtualFilterChain.doFilter(CompositeFilter.java:108) ~[spring-web-7.0.9.jar:7.0.9]
	at org.springframework.security.web.FilterChainProxy.lambda$doFilterInternal$2(FilterChainProxy.java:235) ~[spring-security-web-7.1.1.jar:7.1.1]
	at org.springframework.security.web.FilterChainProxy$VirtualFilterChain.doFilter(FilterChainProxy.java:376) ~[spring-security-web-7.1.1.jar:7.1.1]
	at org.springframework.security.web.access.intercept.AuthorizationFilter.doFilter(AuthorizationFilter.java:101) ~[spring-security-web-7.1.1.jar:7.1.1]
	at org.springframework.security.web.FilterChainProxy$VirtualFilterChain.doFilter(FilterChainProxy.java:385) ~[spring-security-web-7.1.1.jar:7.1.1]
	at org.springframework.security.web.access.ExceptionTranslationFilter.doFilter(ExceptionTranslationFilter.java:126) ~[spring-security-web-7.1.1.jar:7.1.1]
	at org.springframework.security.web.access.ExceptionTranslationFilter.doFilter(ExceptionTranslationFilter.java:120) ~[spring-security-web-7.1.1.jar:7.1.1]
	at org.springframework.security.web.FilterChainProxy$VirtualFilterChain.doFilter(FilterChainProxy.java:385) ~[spring-security-web-7.1.1.jar:7.1.1]
	at org.springframework.security.web.session.SessionManagementFilter.doFilter(SessionManagementFilter.java:132) ~[spring-security-web-7.1.1.jar:7.1.1]
	at org.springframework.security.web.session.SessionManagementFilter.doFilter(SessionManagementFilter.java:86) ~[spring-security-web-7.1.1.jar:7.1.1]
	at org.springframework.security.web.FilterChainProxy$VirtualFilterChain.doFilter(FilterChainProxy.java:385) ~[spring-security-web-7.1.1.jar:7.1.1]
	at org.springframework.security.web.authentication.AnonymousAuthenticationFilter.doFilter(AnonymousAuthenticationFilter.java:100) ~[spring-security-web-7.1.1.jar:7.1.1]
	at org.springframework.security.web.FilterChainProxy$VirtualFilterChain.doFilter(FilterChainProxy.java:385) ~[spring-security-web-7.1.1.jar:7.1.1]
	at org.springframework.security.web.servletapi.SecurityContextHolderAwareRequestFilter.doFilter(SecurityContextHolderAwareRequestFilter.java:181) ~[spring-security-web-7.1.1.jar:7.1.1]
	at org.springframework.security.web.FilterChainProxy$VirtualFilterChain.doFilter(FilterChainProxy.java:385) ~[spring-security-web-7.1.1.jar:7.1.1]
	at org.springframework.security.web.savedrequest.RequestCacheAwareFilter.doFilter(RequestCacheAwareFilter.java:63) ~[spring-security-web-7.1.1.jar:7.1.1]
	at org.springframework.security.web.FilterChainProxy$VirtualFilterChain.doFilter(FilterChainProxy.java:385) ~[spring-security-web-7.1.1.jar:7.1.1]
	at com.example.AIG_ForgeHub.security.JwtAuthFilter.doFilterInternal(JwtAuthFilter.java:88) ~[classes/:na]
	at org.springframework.web.filter.OncePerRequestFilter.doFilter(OncePerRequestFilter.java:116) ~[spring-web-7.0.9.jar:7.0.9]
	at org.springframework.security.web.FilterChainProxy$VirtualFilterChain.doFilter(FilterChainProxy.java:385) ~[spring-security-web-7.1.1.jar:7.1.1]
	at org.springframework.security.web.authentication.logout.LogoutFilter.doFilter(LogoutFilter.java:110) ~[spring-security-web-7.1.1.jar:7.1.1]
	at org.springframework.security.web.authentication.logout.LogoutFilter.doFilter(LogoutFilter.java:96) ~[spring-security-web-7.1.1.jar:7.1.1]
	at org.springframework.security.web.FilterChainProxy$VirtualFilterChain.doFilter(FilterChainProxy.java:385) ~[spring-security-web-7.1.1.jar:7.1.1]
	at org.springframework.security.web.header.HeaderWriterFilter.doHeadersAfter(HeaderWriterFilter.java:90) ~[spring-security-web-7.1.1.jar:7.1.1]
	at org.springframework.security.web.header.HeaderWriterFilter.doFilterInternal(HeaderWriterFilter.java:75) ~[spring-security-web-7.1.1.jar:7.1.1]
	at org.springframework.web.filter.OncePerRequestFilter.doFilter(OncePerRequestFilter.java:116) ~[spring-web-7.0.9.jar:7.0.9]
	at org.springframework.security.web.FilterChainProxy$VirtualFilterChain.doFilter(FilterChainProxy.java:385) ~[spring-security-web-7.1.1.jar:7.1.1]
	at org.springframework.security.web.context.SecurityContextHolderFilter.doFilter(SecurityContextHolderFilter.java:82) ~[spring-security-web-7.1.1.jar:7.1.1]
	at org.springframework.security.web.context.SecurityContextHolderFilter.doFilter(SecurityContextHolderFilter.java:69) ~[spring-security-web-7.1.1.jar:7.1.1]
	at org.springframework.security.web.FilterChainProxy$VirtualFilterChain.doFilter(FilterChainProxy.java:385) ~[spring-security-web-7.1.1.jar:7.1.1]
	at org.springframework.security.web.context.request.async.WebAsyncManagerIntegrationFilter.doFilterInternal(WebAsyncManagerIntegrationFilter.java:62) ~[spring-security-web-7.1.1.jar:7.1.1]
	at org.springframework.web.filter.OncePerRequestFilter.doFilter(OncePerRequestFilter.java:116) ~[spring-web-7.0.9.jar:7.0.9]
	at org.springframework.security.web.FilterChainProxy$VirtualFilterChain.doFilter(FilterChainProxy.java:385) ~[spring-security-web-7.1.1.jar:7.1.1]
	at org.springframework.security.web.session.DisableEncodeUrlFilter.doFilterInternal(DisableEncodeUrlFilter.java:42) ~[spring-security-web-7.1.1.jar:7.1.1]
	at org.springframework.web.filter.OncePerRequestFilter.doFilter(OncePerRequestFilter.java:116) ~[spring-web-7.0.9.jar:7.0.9]
	at org.springframework.security.web.FilterChainProxy$VirtualFilterChain.doFilter(FilterChainProxy.java:385) ~[spring-security-web-7.1.1.jar:7.1.1]
	at org.springframework.security.web.FilterChainProxy.doFilterInternal(FilterChainProxy.java:237) ~[spring-security-web-7.1.1.jar:7.1.1]
	at org.springframework.security.web.FilterChainProxy.doFilter(FilterChainProxy.java:195) ~[spring-security-web-7.1.1.jar:7.1.1]
	at org.springframework.web.filter.CompositeFilter$VirtualFilterChain.doFilter(CompositeFilter.java:113) ~[spring-web-7.0.9.jar:7.0.9]
	at org.springframework.web.filter.ServletRequestPathFilter.doFilter(ServletRequestPathFilter.java:52) ~[spring-web-7.0.9.jar:7.0.9]
	at org.springframework.web.filter.CompositeFilter$VirtualFilterChain.doFilter(CompositeFilter.java:113) ~[spring-web-7.0.9.jar:7.0.9]
	at org.springframework.web.filter.CompositeFilter.doFilter(CompositeFilter.java:74) ~[spring-web-7.0.9.jar:7.0.9]
	at org.springframework.security.config.annotation.web.configuration.WebSecurityConfiguration$CompositeFilterChainProxy.doFilter(WebSecurityConfiguration.java:317) ~[spring-security-config-7.1.1.jar:7.1.1]
	at org.springframework.web.filter.DelegatingFilterProxy.invokeDelegate(DelegatingFilterProxy.java:355) ~[spring-web-7.0.9.jar:7.0.9]
	at org.springframework.web.filter.DelegatingFilterProxy.doFilter(DelegatingFilterProxy.java:272) ~[spring-web-7.0.9.jar:7.0.9]
	at org.apache.catalina.core.ApplicationFilterChain.doFilter(ApplicationFilterChain.java:111) ~[tomcat-embed-core-11.0.24.jar:11.0.24]
	at org.springframework.web.filter.RequestContextFilter.doFilterInternal(RequestContextFilter.java:100) ~[spring-web-7.0.9.jar:7.0.9]
	at org.springframework.web.filter.OncePerRequestFilter.doFilter(OncePerRequestFilter.java:116) ~[spring-web-7.0.9.jar:7.0.9]
	at org.apache.catalina.core.ApplicationFilterChain.doFilter(ApplicationFilterChain.java:111) ~[tomcat-embed-core-11.0.24.jar:11.0.24]
	at org.springframework.web.filter.FormContentFilter.doFilterInternal(FormContentFilter.java:93) ~[spring-web-7.0.9.jar:7.0.9]
	at org.springframework.web.filter.OncePerRequestFilter.doFilter(OncePerRequestFilter.java:116) ~[spring-web-7.0.9.jar:7.0.9]
	at org.apache.catalina.core.ApplicationFilterChain.doFilter(ApplicationFilterChain.java:111) ~[tomcat-embed-core-11.0.24.jar:11.0.24]
	at org.springframework.web.filter.CharacterEncodingFilter.doFilterInternal(CharacterEncodingFilter.java:199) ~[spring-web-7.0.9.jar:7.0.9]
	at org.springframework.web.filter.OncePerRequestFilter.doFilter(OncePerRequestFilter.java:116) ~[spring-web-7.0.9.jar:7.0.9]
	at org.apache.catalina.core.ApplicationFilterChain.doFilter(ApplicationFilterChain.java:111) ~[tomcat-embed-core-11.0.24.jar:11.0.24]
	at org.apache.catalina.core.StandardWrapperValve.invoke(StandardWrapperValve.java:165) ~[tomcat-embed-core-11.0.24.jar:11.0.24]
	at org.apache.catalina.core.StandardContextValve.invoke(StandardContextValve.java:77) ~[tomcat-embed-core-11.0.24.jar:11.0.24]
	at org.apache.catalina.authenticator.AuthenticatorBase.invoke(AuthenticatorBase.java:535) ~[tomcat-embed-core-11.0.24.jar:11.0.24]
	at org.apache.catalina.core.StandardHostValve.invoke(StandardHostValve.java:115) ~[tomcat-embed-core-11.0.24.jar:11.0.24]
	at org.apache.catalina.valves.ErrorReportValve.invoke(ErrorReportValve.java:86) ~[tomcat-embed-core-11.0.24.jar:11.0.24]
	at org.apache.catalina.core.StandardEngineValve.invoke(StandardEngineValve.java:71) ~[tomcat-embed-core-11.0.24.jar:11.0.24]
	at org.apache.catalina.connector.CoyoteAdapter.service(CoyoteAdapter.java:347) ~[tomcat-embed-core-11.0.24.jar:11.0.24]
	at org.apache.coyote.http11.Http11Processor.service(Http11Processor.java:406) ~[tomcat-embed-core-11.0.24.jar:11.0.24]
	at org.apache.coyote.AbstractProcessorLight.process(AbstractProcessorLight.java:71) ~[tomcat-embed-core-11.0.24.jar:11.0.24]
	at org.apache.coyote.AbstractProtocol$ConnectionHandler.process(AbstractProtocol.java:1307) ~[tomcat-embed-core-11.0.24.jar:11.0.24]
	at org.apache.tomcat.util.net.NioEndpoint$SocketProcessor.doRun(NioEndpoint.java:2036) ~[tomcat-embed-core-11.0.24.jar:11.0.24]
	at org.apache.tomcat.util.net.SocketProcessorBase.run(SocketProcessorBase.java:74) ~[tomcat-embed-core-11.0.24.jar:11.0.24]
	at org.apache.tomcat.util.threads.ThreadPoolExecutor.runWorker(ThreadPoolExecutor.java:949) ~[tomcat-embed-core-11.0.24.jar:11.0.24]
	at org.apache.tomcat.util.threads.ThreadPoolExecutor$Worker.run(ThreadPoolExecutor.java:483) ~[tomcat-embed-core-11.0.24.jar:11.0.24]
	at org.apache.tomcat.util.threads.TaskThread$WrappingRunnable.run(TaskThread.java:74) ~[tomcat-embed-core-11.0.24.jar:11.0.24]
	at java.base/java.lang.Thread.run(Thread.java:1583) ~[na:na]

2026-10-04T23:56:38.117+05:30  INFO 16576 --- [AIG-ForgeHub] [http-nio-8080-exec-1] c.e.AIG_ForgeHub.security.JwtAuthFilter  : JWT authentication successful for user: shreya1123@gmail.com with role: ADMIN
2026-10-04T23:56:38.184+05:30  INFO 16576 --- [AIG-ForgeHub] [http-nio-8080-exec-3] c.e.AIG_ForgeHub.security.JwtAuthFilter  : JWT authentication successful for user: shreya1123@gmail.com with role: ADMIN
2026-10-04T23:56:38.186+05:30 ERROR 16576 --- [AIG-ForgeHub] [http-nio-8080-exec-3] c.e.A.exception.GlobalExceptionHandler   : Unexpected error | method=GET path=/favicon.ico

org.springframework.web.servlet.resource.NoResourceFoundException: No static resource favicon.ico for request '/favicon.ico'.
	at org.springframework.web.servlet.resource.ResourceHttpRequestHandler.handleRequest(ResourceHttpRequestHandler.java:527) ~[spring-webmvc-7.0.9.jar:7.0.9]
	at org.springframework.web.servlet.mvc.HttpRequestHandlerAdapter.handle(HttpRequestHandlerAdapter.java:50) ~[spring-webmvc-7.0.9.jar:7.0.9]
	at org.springframework.web.servlet.DispatcherServlet.doDispatch(DispatcherServlet.java:963) ~[spring-webmvc-7.0.9.jar:7.0.9]
	at org.springframework.web.servlet.DispatcherServlet.doService(DispatcherServlet.java:866) ~[spring-webmvc-7.0.9.jar:7.0.9]
	at org.springframework.web.servlet.FrameworkServlet.processRequest(FrameworkServlet.java:1000) ~[spring-webmvc-7.0.9.jar:7.0.9]
	at org.springframework.web.servlet.FrameworkServlet.doGet(FrameworkServlet.java:892) ~[spring-webmvc-7.0.9.jar:7.0.9]
	at jakarta.servlet.http.HttpServlet.service(HttpServlet.java:622) ~[tomcat-embed-core-11.0.24.jar:6.1]
	at org.springframework.web.servlet.FrameworkServlet.service(FrameworkServlet.java:874) ~[spring-webmvc-7.0.9.jar:7.0.9]
	at jakarta.servlet.http.HttpServlet.service(HttpServlet.java:710) ~[tomcat-embed-core-11.0.24.jar:6.1]
	at org.apache.catalina.core.ApplicationFilterChain.doFilter(ApplicationFilterChain.java:132) ~[tomcat-embed-core-11.0.24.jar:11.0.24]
	at org.apache.tomcat.websocket.server.WsFilter.doFilter(WsFilter.java:59) ~[tomcat-embed-websocket-11.0.24.jar:11.0.24]
	at org.apache.catalina.core.ApplicationFilterChain.doFilter(ApplicationFilterChain.java:111) ~[tomcat-embed-core-11.0.24.jar:11.0.24]
	at org.springframework.web.filter.OncePerRequestFilter.doFilter(OncePerRequestFilter.java:110) ~[spring-web-7.0.9.jar:7.0.9]
	at org.apache.catalina.core.ApplicationFilterChain.doFilter(ApplicationFilterChain.java:111) ~[tomcat-embed-core-11.0.24.jar:11.0.24]
	at org.springframework.web.filter.CompositeFilter$VirtualFilterChain.doFilter(CompositeFilter.java:108) ~[spring-web-7.0.9.jar:7.0.9]
	at org.springframework.security.web.FilterChainProxy.lambda$doFilterInternal$2(FilterChainProxy.java:235) ~[spring-security-web-7.1.1.jar:7.1.1]
	at org.springframework.security.web.FilterChainProxy$VirtualFilterChain.doFilter(FilterChainProxy.java:376) ~[spring-security-web-7.1.1.jar:7.1.1]
	at org.springframework.security.web.access.intercept.AuthorizationFilter.doFilter(AuthorizationFilter.java:101) ~[spring-security-web-7.1.1.jar:7.1.1]
	at org.springframework.security.web.FilterChainProxy$VirtualFilterChain.doFilter(FilterChainProxy.java:385) ~[spring-security-web-7.1.1.jar:7.1.1]
	at org.springframework.security.web.access.ExceptionTranslationFilter.doFilter(ExceptionTranslationFilter.java:126) ~[spring-security-web-7.1.1.jar:7.1.1]
	at org.springframework.security.web.access.ExceptionTranslationFilter.doFilter(ExceptionTranslationFilter.java:120) ~[spring-security-web-7.1.1.jar:7.1.1]
	at org.springframework.security.web.FilterChainProxy$VirtualFilterChain.doFilter(FilterChainProxy.java:385) ~[spring-security-web-7.1.1.jar:7.1.1]
	at org.springframework.security.web.session.SessionManagementFilter.doFilter(SessionManagementFilter.java:132) ~[spring-security-web-7.1.1.jar:7.1.1]
	at org.springframework.security.web.session.SessionManagementFilter.doFilter(SessionManagementFilter.java:86) ~[spring-security-web-7.1.1.jar:7.1.1]
	at org.springframework.security.web.FilterChainProxy$VirtualFilterChain.doFilter(FilterChainProxy.java:385) ~[spring-security-web-7.1.1.jar:7.1.1]
	at org.springframework.security.web.authentication.AnonymousAuthenticationFilter.doFilter(AnonymousAuthenticationFilter.java:100) ~[spring-security-web-7.1.1.jar:7.1.1]
	at org.springframework.security.web.FilterChainProxy$VirtualFilterChain.doFilter(FilterChainProxy.java:385) ~[spring-security-web-7.1.1.jar:7.1.1]
	at org.springframework.security.web.servletapi.SecurityContextHolderAwareRequestFilter.doFilter(SecurityContextHolderAwareRequestFilter.java:181) ~[spring-security-web-7.1.1.jar:7.1.1]
	at org.springframework.security.web.FilterChainProxy$VirtualFilterChain.doFilter(FilterChainProxy.java:385) ~[spring-security-web-7.1.1.jar:7.1.1]
	at org.springframework.security.web.savedrequest.RequestCacheAwareFilter.doFilter(RequestCacheAwareFilter.java:63) ~[spring-security-web-7.1.1.jar:7.1.1]
	at org.springframework.security.web.FilterChainProxy$VirtualFilterChain.doFilter(FilterChainProxy.java:385) ~[spring-security-web-7.1.1.jar:7.1.1]
	at com.example.AIG_ForgeHub.security.JwtAuthFilter.doFilterInternal(JwtAuthFilter.java:88) ~[classes/:na]
	at org.springframework.web.filter.OncePerRequestFilter.doFilter(OncePerRequestFilter.java:116) ~[spring-web-7.0.9.jar:7.0.9]
	at org.springframework.security.web.FilterChainProxy$VirtualFilterChain.doFilter(FilterChainProxy.java:385) ~[spring-security-web-7.1.1.jar:7.1.1]
	at org.springframework.security.web.authentication.logout.LogoutFilter.doFilter(LogoutFilter.java:110) ~[spring-security-web-7.1.1.jar:7.1.1]
	at org.springframework.security.web.authentication.logout.LogoutFilter.doFilter(LogoutFilter.java:96) ~[spring-security-web-7.1.1.jar:7.1.1]
	at org.springframework.security.web.FilterChainProxy$VirtualFilterChain.doFilter(FilterChainProxy.java:385) ~[spring-security-web-7.1.1.jar:7.1.1]
	at org.springframework.security.web.header.HeaderWriterFilter.doHeadersAfter(HeaderWriterFilter.java:90) ~[spring-security-web-7.1.1.jar:7.1.1]
	at org.springframework.security.web.header.HeaderWriterFilter.doFilterInternal(HeaderWriterFilter.java:75) ~[spring-security-web-7.1.1.jar:7.1.1]
	at org.springframework.web.filter.OncePerRequestFilter.doFilter(OncePerRequestFilter.java:116) ~[spring-web-7.0.9.jar:7.0.9]
	at org.springframework.security.web.FilterChainProxy$VirtualFilterChain.doFilter(FilterChainProxy.java:385) ~[spring-security-web-7.1.1.jar:7.1.1]
	at org.springframework.security.web.context.SecurityContextHolderFilter.doFilter(SecurityContextHolderFilter.java:82) ~[spring-security-web-7.1.1.jar:7.1.1]
	at org.springframework.security.web.context.SecurityContextHolderFilter.doFilter(SecurityContextHolderFilter.java:69) ~[spring-security-web-7.1.1.jar:7.1.1]
	at org.springframework.security.web.FilterChainProxy$VirtualFilterChain.doFilter(FilterChainProxy.java:385) ~[spring-security-web-7.1.1.jar:7.1.1]
	at org.springframework.security.web.context.request.async.WebAsyncManagerIntegrationFilter.doFilterInternal(WebAsyncManagerIntegrationFilter.java:62) ~[spring-security-web-7.1.1.jar:7.1.1]
	at org.springframework.web.filter.OncePerRequestFilter.doFilter(OncePerRequestFilter.java:116) ~[spring-web-7.0.9.jar:7.0.9]
	at org.springframework.security.web.FilterChainProxy$VirtualFilterChain.doFilter(FilterChainProxy.java:385) ~[spring-security-web-7.1.1.jar:7.1.1]
	at org.springframework.security.web.session.DisableEncodeUrlFilter.doFilterInternal(DisableEncodeUrlFilter.java:42) ~[spring-security-web-7.1.1.jar:7.1.1]
	at org.springframework.web.filter.OncePerRequestFilter.doFilter(OncePerRequestFilter.java:116) ~[spring-web-7.0.9.jar:7.0.9]
	at org.springframework.security.web.FilterChainProxy$VirtualFilterChain.doFilter(FilterChainProxy.java:385) ~[spring-security-web-7.1.1.jar:7.1.1]
	at org.springframework.security.web.FilterChainProxy.doFilterInternal(FilterChainProxy.java:237) ~[spring-security-web-7.1.1.jar:7.1.1]
	at org.springframework.security.web.FilterChainProxy.doFilter(FilterChainProxy.java:195) ~[spring-security-web-7.1.1.jar:7.1.1]
	at org.springframework.web.filter.CompositeFilter$VirtualFilterChain.doFilter(CompositeFilter.java:113) ~[spring-web-7.0.9.jar:7.0.9]
	at org.springframework.web.filter.ServletRequestPathFilter.doFilter(ServletRequestPathFilter.java:52) ~[spring-web-7.0.9.jar:7.0.9]
	at org.springframework.web.filter.CompositeFilter$VirtualFilterChain.doFilter(CompositeFilter.java:113) ~[spring-web-7.0.9.jar:7.0.9]
	at org.springframework.web.filter.CompositeFilter.doFilter(CompositeFilter.java:74) ~[spring-web-7.0.9.jar:7.0.9]
	at org.springframework.security.config.annotation.web.configuration.WebSecurityConfiguration$CompositeFilterChainProxy.doFilter(WebSecurityConfiguration.java:317) ~[spring-security-config-7.1.1.jar:7.1.1]
	at org.springframework.web.filter.DelegatingFilterProxy.invokeDelegate(DelegatingFilterProxy.java:355) ~[spring-web-7.0.9.jar:7.0.9]
	at org.springframework.web.filter.DelegatingFilterProxy.doFilter(DelegatingFilterProxy.java:272) ~[spring-web-7.0.9.jar:7.0.9]
	at org.apache.catalina.core.ApplicationFilterChain.doFilter(ApplicationFilterChain.java:111) ~[tomcat-embed-core-11.0.24.jar:11.0.24]
	at org.springframework.web.filter.RequestContextFilter.doFilterInternal(RequestContextFilter.java:100) ~[spring-web-7.0.9.jar:7.0.9]
	at org.springframework.web.filter.OncePerRequestFilter.doFilter(OncePerRequestFilter.java:116) ~[spring-web-7.0.9.jar:7.0.9]
	at org.apache.catalina.core.ApplicationFilterChain.doFilter(ApplicationFilterChain.java:111) ~[tomcat-embed-core-11.0.24.jar:11.0.24]
	at org.springframework.web.filter.FormContentFilter.doFilterInternal(FormContentFilter.java:93) ~[spring-web-7.0.9.jar:7.0.9]
	at org.springframework.web.filter.OncePerRequestFilter.doFilter(OncePerRequestFilter.java:116) ~[spring-web-7.0.9.jar:7.0.9]
	at org.apache.catalina.core.ApplicationFilterChain.doFilter(ApplicationFilterChain.java:111) ~[tomcat-embed-core-11.0.24.jar:11.0.24]
	at org.springframework.web.filter.CharacterEncodingFilter.doFilterInternal(CharacterEncodingFilter.java:199) ~[spring-web-7.0.9.jar:7.0.9]
	at org.springframework.web.filter.OncePerRequestFilter.doFilter(OncePerRequestFilter.java:116) ~[spring-web-7.0.9.jar:7.0.9]
	at org.apache.catalina.core.ApplicationFilterChain.doFilter(ApplicationFilterChain.java:111) ~[tomcat-embed-core-11.0.24.jar:11.0.24]
	at org.apache.catalina.core.StandardWrapperValve.invoke(StandardWrapperValve.java:165) ~[tomcat-embed-core-11.0.24.jar:11.0.24]
	at org.apache.catalina.core.StandardContextValve.invoke(StandardContextValve.java:77) ~[tomcat-embed-core-11.0.24.jar:11.0.24]
	at org.apache.catalina.authenticator.AuthenticatorBase.invoke(AuthenticatorBase.java:535) ~[tomcat-embed-core-11.0.24.jar:11.0.24]
	at org.apache.catalina.core.StandardHostValve.invoke(StandardHostValve.java:115) ~[tomcat-embed-core-11.0.24.jar:11.0.24]
	at org.apache.catalina.valves.ErrorReportValve.invoke(ErrorReportValve.java:86) ~[tomcat-embed-core-11.0.24.jar:11.0.24]
	at org.apache.catalina.core.StandardEngineValve.invoke(StandardEngineValve.java:71) ~[tomcat-embed-core-11.0.24.jar:11.0.24]
	at org.apache.catalina.connector.CoyoteAdapter.service(CoyoteAdapter.java:347) ~[tomcat-embed-core-11.0.24.jar:11.0.24]
	at org.apache.coyote.http11.Http11Processor.service(Http11Processor.java:406) ~[tomcat-embed-core-11.0.24.jar:11.0.24]
	at org.apache.coyote.AbstractProcessorLight.process(AbstractProcessorLight.java:71) ~[tomcat-embed-core-11.0.24.jar:11.0.24]
	at org.apache.coyote.AbstractProtocol$ConnectionHandler.process(AbstractProtocol.java:1307) ~[tomcat-embed-core-11.0.24.jar:11.0.24]
	at org.apache.tomcat.util.net.NioEndpoint$SocketProcessor.doRun(NioEndpoint.java:2036) ~[tomcat-embed-core-11.0.24.jar:11.0.24]
	at org.apache.tomcat.util.net.SocketProcessorBase.run(SocketProcessorBase.java:74) ~[tomcat-embed-core-11.0.24.jar:11.0.24]
	at org.apache.tomcat.util.threads.ThreadPoolExecutor.runWorker(ThreadPoolExecutor.java:949) ~[tomcat-embed-core-11.0.24.jar:11.0.24]
	at org.apache.tomcat.util.threads.ThreadPoolExecutor$Worker.run(ThreadPoolExecutor.java:483) ~[tomcat-embed-core-11.0.24.jar:11.0.24]
	at org.apache.tomcat.util.threads.TaskThread$WrappingRunnable.run(TaskThread.java:74) ~[tomcat-embed-core-11.0.24.jar:11.0.24]
	at java.base/java.lang.Thread.run(Thread.java:1583) ~[na:na]

2026-10-04T23:56:38.194+05:30  INFO 16576 --- [AIG-ForgeHub] [http-nio-8080-exec-6] c.e.AIG_ForgeHub.security.JwtAuthFilter  : JWT authentication successful for user: shreya1123@gmail.com with role: ADMIN
2026-10-04T23:56:39.609+05:30  INFO 16576 --- [AIG-ForgeHub] [http-nio-8080-exec-5] c.e.AIG_ForgeHub.security.JwtAuthFilter  : JWT authentication successful for user: shreya1123@gmail.com with role: ADMIN
2026-10-04T23:56:39.665+05:30  INFO 16576 --- [AIG-ForgeHub] [http-nio-8080-exec-4] c.e.AIG_ForgeHub.security.JwtAuthFilter  : JWT authentication successful for user: shreya1123@gmail.com with role: ADMIN
2026-10-04T23:56:39.667+05:30 ERROR 16576 --- [AIG-ForgeHub] [http-nio-8080-exec-4] c.e.A.exception.GlobalExceptionHandler   : Unexpected error | method=GET path=/css/admin.css

org.springframework.web.servlet.resource.NoResourceFoundException: No static resource css/admin.css for request '/css/admin.css'.
	at org.springframework.web.servlet.resource.ResourceHttpRequestHandler.handleRequest(ResourceHttpRequestHandler.java:527) ~[spring-webmvc-7.0.9.jar:7.0.9]
	at org.springframework.web.servlet.mvc.HttpRequestHandlerAdapter.handle(HttpRequestHandlerAdapter.java:50) ~[spring-webmvc-7.0.9.jar:7.0.9]
	at org.springframework.web.servlet.DispatcherServlet.doDispatch(DispatcherServlet.java:963) ~[spring-webmvc-7.0.9.jar:7.0.9]
	at org.springframework.web.servlet.DispatcherServlet.doService(DispatcherServlet.java:866) ~[spring-webmvc-7.0.9.jar:7.0.9]
	at org.springframework.web.servlet.FrameworkServlet.processRequest(FrameworkServlet.java:1000) ~[spring-webmvc-7.0.9.jar:7.0.9]
	at org.springframework.web.servlet.FrameworkServlet.doGet(FrameworkServlet.java:892) ~[spring-webmvc-7.0.9.jar:7.0.9]
	at jakarta.servlet.http.HttpServlet.service(HttpServlet.java:622) ~[tomcat-embed-core-11.0.24.jar:6.1]
	at org.springframework.web.servlet.FrameworkServlet.service(FrameworkServlet.java:874) ~[spring-webmvc-7.0.9.jar:7.0.9]
	at jakarta.servlet.http.HttpServlet.service(HttpServlet.java:710) ~[tomcat-embed-core-11.0.24.jar:6.1]
	at org.apache.catalina.core.ApplicationFilterChain.doFilter(ApplicationFilterChain.java:132) ~[tomcat-embed-core-11.0.24.jar:11.0.24]
	at org.apache.tomcat.websocket.server.WsFilter.doFilter(WsFilter.java:59) ~[tomcat-embed-websocket-11.0.24.jar:11.0.24]
	at org.apache.catalina.core.ApplicationFilterChain.doFilter(ApplicationFilterChain.java:111) ~[tomcat-embed-core-11.0.24.jar:11.0.24]
	at org.springframework.web.filter.OncePerRequestFilter.doFilter(OncePerRequestFilter.java:110) ~[spring-web-7.0.9.jar:7.0.9]
	at org.apache.catalina.core.ApplicationFilterChain.doFilter(ApplicationFilterChain.java:111) ~[tomcat-embed-core-11.0.24.jar:11.0.24]
	at org.springframework.web.filter.CompositeFilter$VirtualFilterChain.doFilter(CompositeFilter.java:108) ~[spring-web-7.0.9.jar:7.0.9]
	at org.springframework.security.web.FilterChainProxy.lambda$doFilterInternal$2(FilterChainProxy.java:235) ~[spring-security-web-7.1.1.jar:7.1.1]
	at org.springframework.security.web.FilterChainProxy$VirtualFilterChain.doFilter(FilterChainProxy.java:376) ~[spring-security-web-7.1.1.jar:7.1.1]
	at org.springframework.security.web.access.intercept.AuthorizationFilter.doFilter(AuthorizationFilter.java:101) ~[spring-security-web-7.1.1.jar:7.1.1]
	at org.springframework.security.web.FilterChainProxy$VirtualFilterChain.doFilter(FilterChainProxy.java:385) ~[spring-security-web-7.1.1.jar:7.1.1]
	at org.springframework.security.web.access.ExceptionTranslationFilter.doFilter(ExceptionTranslationFilter.java:126) ~[spring-security-web-7.1.1.jar:7.1.1]
	at org.springframework.security.web.access.ExceptionTranslationFilter.doFilter(ExceptionTranslationFilter.java:120) ~[spring-security-web-7.1.1.jar:7.1.1]
	at org.springframework.security.web.FilterChainProxy$VirtualFilterChain.doFilter(FilterChainProxy.java:385) ~[spring-security-web-7.1.1.jar:7.1.1]
	at org.springframework.security.web.session.SessionManagementFilter.doFilter(SessionManagementFilter.java:132) ~[spring-security-web-7.1.1.jar:7.1.1]
	at org.springframework.security.web.session.SessionManagementFilter.doFilter(SessionManagementFilter.java:86) ~[spring-security-web-7.1.1.jar:7.1.1]
	at org.springframework.security.web.FilterChainProxy$VirtualFilterChain.doFilter(FilterChainProxy.java:385) ~[spring-security-web-7.1.1.jar:7.1.1]
	at org.springframework.security.web.authentication.AnonymousAuthenticationFilter.doFilter(AnonymousAuthenticationFilter.java:100) ~[spring-security-web-7.1.1.jar:7.1.1]
	at org.springframework.security.web.FilterChainProxy$VirtualFilterChain.doFilter(FilterChainProxy.java:385) ~[spring-security-web-7.1.1.jar:7.1.1]
	at org.springframework.security.web.servletapi.SecurityContextHolderAwareRequestFilter.doFilter(SecurityContextHolderAwareRequestFilter.java:181) ~[spring-security-web-7.1.1.jar:7.1.1]
	at org.springframework.security.web.FilterChainProxy$VirtualFilterChain.doFilter(FilterChainProxy.java:385) ~[spring-security-web-7.1.1.jar:7.1.1]
	at org.springframework.security.web.savedrequest.RequestCacheAwareFilter.doFilter(RequestCacheAwareFilter.java:63) ~[spring-security-web-7.1.1.jar:7.1.1]
	at org.springframework.security.web.FilterChainProxy$VirtualFilterChain.doFilter(FilterChainProxy.java:385) ~[spring-security-web-7.1.1.jar:7.1.1]
	at com.example.AIG_ForgeHub.security.JwtAuthFilter.doFilterInternal(JwtAuthFilter.java:88) ~[classes/:na]
	at org.springframework.web.filter.OncePerRequestFilter.doFilter(OncePerRequestFilter.java:116) ~[spring-web-7.0.9.jar:7.0.9]
	at org.springframework.security.web.FilterChainProxy$VirtualFilterChain.doFilter(FilterChainProxy.java:385) ~[spring-security-web-7.1.1.jar:7.1.1]
	at org.springframework.security.web.authentication.logout.LogoutFilter.doFilter(LogoutFilter.java:110) ~[spring-security-web-7.1.1.jar:7.1.1]
	at org.springframework.security.web.authentication.logout.LogoutFilter.doFilter(LogoutFilter.java:96) ~[spring-security-web-7.1.1.jar:7.1.1]
	at org.springframework.security.web.FilterChainProxy$VirtualFilterChain.doFilter(FilterChainProxy.java:385) ~[spring-security-web-7.1.1.jar:7.1.1]
	at org.springframework.security.web.header.HeaderWriterFilter.doHeadersAfter(HeaderWriterFilter.java:90) ~[spring-security-web-7.1.1.jar:7.1.1]
	at org.springframework.security.web.header.HeaderWriterFilter.doFilterInternal(HeaderWriterFilter.java:75) ~[spring-security-web-7.1.1.jar:7.1.1]
	at org.springframework.web.filter.OncePerRequestFilter.doFilter(OncePerRequestFilter.java:116) ~[spring-web-7.0.9.jar:7.0.9]
	at org.springframework.security.web.FilterChainProxy$VirtualFilterChain.doFilter(FilterChainProxy.java:385) ~[spring-security-web-7.1.1.jar:7.1.1]
	at org.springframework.security.web.context.SecurityContextHolderFilter.doFilter(SecurityContextHolderFilter.java:82) ~[spring-security-web-7.1.1.jar:7.1.1]
	at org.springframework.security.web.context.SecurityContextHolderFilter.doFilter(SecurityContextHolderFilter.java:69) ~[spring-security-web-7.1.1.jar:7.1.1]
	at org.springframework.security.web.FilterChainProxy$VirtualFilterChain.doFilter(FilterChainProxy.java:385) ~[spring-security-web-7.1.1.jar:7.1.1]
	at org.springframework.security.web.context.request.async.WebAsyncManagerIntegrationFilter.doFilterInternal(WebAsyncManagerIntegrationFilter.java:62) ~[spring-security-web-7.1.1.jar:7.1.1]
	at org.springframework.web.filter.OncePerRequestFilter.doFilter(OncePerRequestFilter.java:116) ~[spring-web-7.0.9.jar:7.0.9]
	at org.springframework.security.web.FilterChainProxy$VirtualFilterChain.doFilter(FilterChainProxy.java:385) ~[spring-security-web-7.1.1.jar:7.1.1]
	at org.springframework.security.web.session.DisableEncodeUrlFilter.doFilterInternal(DisableEncodeUrlFilter.java:42) ~[spring-security-web-7.1.1.jar:7.1.1]
	at org.springframework.web.filter.OncePerRequestFilter.doFilter(OncePerRequestFilter.java:116) ~[spring-web-7.0.9.jar:7.0.9]
	at org.springframework.security.web.FilterChainProxy$VirtualFilterChain.doFilter(FilterChainProxy.java:385) ~[spring-security-web-7.1.1.jar:7.1.1]
	at org.springframework.security.web.FilterChainProxy.doFilterInternal(FilterChainProxy.java:237) ~[spring-security-web-7.1.1.jar:7.1.1]
	at org.springframework.security.web.FilterChainProxy.doFilter(FilterChainProxy.java:195) ~[spring-security-web-7.1.1.jar:7.1.1]
	at org.springframework.web.filter.CompositeFilter$VirtualFilterChain.doFilter(CompositeFilter.java:113) ~[spring-web-7.0.9.jar:7.0.9]
	at org.springframework.web.filter.ServletRequestPathFilter.doFilter(ServletRequestPathFilter.java:52) ~[spring-web-7.0.9.jar:7.0.9]
	at org.springframework.web.filter.CompositeFilter$VirtualFilterChain.doFilter(CompositeFilter.java:113) ~[spring-web-7.0.9.jar:7.0.9]
	at org.springframework.web.filter.CompositeFilter.doFilter(CompositeFilter.java:74) ~[spring-web-7.0.9.jar:7.0.9]
	at org.springframework.security.config.annotation.web.configuration.WebSecurityConfiguration$CompositeFilterChainProxy.doFilter(WebSecurityConfiguration.java:317) ~[spring-security-config-7.1.1.jar:7.1.1]
	at org.springframework.web.filter.DelegatingFilterProxy.invokeDelegate(DelegatingFilterProxy.java:355) ~[spring-web-7.0.9.jar:7.0.9]
	at org.springframework.web.filter.DelegatingFilterProxy.doFilter(DelegatingFilterProxy.java:272) ~[spring-web-7.0.9.jar:7.0.9]
	at org.apache.catalina.core.ApplicationFilterChain.doFilter(ApplicationFilterChain.java:111) ~[tomcat-embed-core-11.0.24.jar:11.0.24]
	at org.springframework.web.filter.RequestContextFilter.doFilterInternal(RequestContextFilter.java:100) ~[spring-web-7.0.9.jar:7.0.9]
	at org.springframework.web.filter.OncePerRequestFilter.doFilter(OncePerRequestFilter.java:116) ~[spring-web-7.0.9.jar:7.0.9]
	at org.apache.catalina.core.ApplicationFilterChain.doFilter(ApplicationFilterChain.java:111) ~[tomcat-embed-core-11.0.24.jar:11.0.24]
	at org.springframework.web.filter.FormContentFilter.doFilterInternal(FormContentFilter.java:93) ~[spring-web-7.0.9.jar:7.0.9]
	at org.springframework.web.filter.OncePerRequestFilter.doFilter(OncePerRequestFilter.java:116) ~[spring-web-7.0.9.jar:7.0.9]
	at org.apache.catalina.core.ApplicationFilterChain.doFilter(ApplicationFilterChain.java:111) ~[tomcat-embed-core-11.0.24.jar:11.0.24]
	at org.springframework.web.filter.CharacterEncodingFilter.doFilterInternal(CharacterEncodingFilter.java:199) ~[spring-web-7.0.9.jar:7.0.9]
	at org.springframework.web.filter.OncePerRequestFilter.doFilter(OncePerRequestFilter.java:116) ~[spring-web-7.0.9.jar:7.0.9]
	at org.apache.catalina.core.ApplicationFilterChain.doFilter(ApplicationFilterChain.java:111) ~[tomcat-embed-core-11.0.24.jar:11.0.24]
	at org.apache.catalina.core.StandardWrapperValve.invoke(StandardWrapperValve.java:165) ~[tomcat-embed-core-11.0.24.jar:11.0.24]
	at org.apache.catalina.core.StandardContextValve.invoke(StandardContextValve.java:77) ~[tomcat-embed-core-11.0.24.jar:11.0.24]
	at org.apache.catalina.authenticator.AuthenticatorBase.invoke(AuthenticatorBase.java:535) ~[tomcat-embed-core-11.0.24.jar:11.0.24]
	at org.apache.catalina.core.StandardHostValve.invoke(StandardHostValve.java:115) ~[tomcat-embed-core-11.0.24.jar:11.0.24]
	at org.apache.catalina.valves.ErrorReportValve.invoke(ErrorReportValve.java:86) ~[tomcat-embed-core-11.0.24.jar:11.0.24]
	at org.apache.catalina.core.StandardEngineValve.invoke(StandardEngineValve.java:71) ~[tomcat-embed-core-11.0.24.jar:11.0.24]
	at org.apache.catalina.connector.CoyoteAdapter.service(CoyoteAdapter.java:347) ~[tomcat-embed-core-11.0.24.jar:11.0.24]
	at org.apache.coyote.http11.Http11Processor.service(Http11Processor.java:406) ~[tomcat-embed-core-11.0.24.jar:11.0.24]
	at org.apache.coyote.AbstractProcessorLight.process(AbstractProcessorLight.java:71) ~[tomcat-embed-core-11.0.24.jar:11.0.24]
	at org.apache.coyote.AbstractProtocol$ConnectionHandler.process(AbstractProtocol.java:1307) ~[tomcat-embed-core-11.0.24.jar:11.0.24]
	at org.apache.tomcat.util.net.NioEndpoint$SocketProcessor.doRun(NioEndpoint.java:2036) ~[tomcat-embed-core-11.0.24.jar:11.0.24]
	at org.apache.tomcat.util.net.SocketProcessorBase.run(SocketProcessorBase.java:74) ~[tomcat-embed-core-11.0.24.jar:11.0.24]
	at org.apache.tomcat.util.threads.ThreadPoolExecutor.runWorker(ThreadPoolExecutor.java:949) ~[tomcat-embed-core-11.0.24.jar:11.0.24]
	at org.apache.tomcat.util.threads.ThreadPoolExecutor$Worker.run(ThreadPoolExecutor.java:483) ~[tomcat-embed-core-11.0.24.jar:11.0.24]
	at org.apache.tomcat.util.threads.TaskThread$WrappingRunnable.run(TaskThread.java:74) ~[tomcat-embed-core-11.0.24.jar:11.0.24]
	at java.base/java.lang.Thread.run(Thread.java:1583) ~[na:na]

2026-10-04T23:56:39.676+05:30  INFO 16576 --- [AIG-ForgeHub] [http-nio-8080-exec-7] c.e.AIG_ForgeHub.security.JwtAuthFilter  : JWT authentication successful for user: shreya1123@gmail.com with role: ADMIN
2026-10-04T23:56:39.737+05:30  INFO 16576 --- [AIG-ForgeHub] [http-nio-8080-exec-8] c.e.AIG_ForgeHub.security.JwtAuthFilter  : JWT authentication successful for user: shreya1123@gmail.com with role: ADMIN
2026-10-04T23:56:39.740+05:30 ERROR 16576 --- [AIG-ForgeHub] [http-nio-8080-exec-8] c.e.A.exception.GlobalExceptionHandler   : Unexpected error | method=GET path=/favicon.ico

org.springframework.web.servlet.resource.NoResourceFoundException: No static resource favicon.ico for request '/favicon.ico'.
	at org.springframework.web.servlet.resource.ResourceHttpRequestHandler.handleRequest(ResourceHttpRequestHandler.java:527) ~[spring-webmvc-7.0.9.jar:7.0.9]
	at org.springframework.web.servlet.mvc.HttpRequestHandlerAdapter.handle(HttpRequestHandlerAdapter.java:50) ~[spring-webmvc-7.0.9.jar:7.0.9]
	at org.springframework.web.servlet.DispatcherServlet.doDispatch(DispatcherServlet.java:963) ~[spring-webmvc-7.0.9.jar:7.0.9]
	at org.springframework.web.servlet.DispatcherServlet.doService(DispatcherServlet.java:866) ~[spring-webmvc-7.0.9.jar:7.0.9]
	at org.springframework.web.servlet.FrameworkServlet.processRequest(FrameworkServlet.java:1000) ~[spring-webmvc-7.0.9.jar:7.0.9]
	at org.springframework.web.servlet.FrameworkServlet.doGet(FrameworkServlet.java:892) ~[spring-webmvc-7.0.9.jar:7.0.9]
	at jakarta.servlet.http.HttpServlet.service(HttpServlet.java:622) ~[tomcat-embed-core-11.0.24.jar:6.1]
	at org.springframework.web.servlet.FrameworkServlet.service(FrameworkServlet.java:874) ~[spring-webmvc-7.0.9.jar:7.0.9]
	at jakarta.servlet.http.HttpServlet.service(HttpServlet.java:710) ~[tomcat-embed-core-11.0.24.jar:6.1]
	at org.apache.catalina.core.ApplicationFilterChain.doFilter(ApplicationFilterChain.java:132) ~[tomcat-embed-core-11.0.24.jar:11.0.24]
	at org.apache.tomcat.websocket.server.WsFilter.doFilter(WsFilter.java:59) ~[tomcat-embed-websocket-11.0.24.jar:11.0.24]
	at org.apache.catalina.core.ApplicationFilterChain.doFilter(ApplicationFilterChain.java:111) ~[tomcat-embed-core-11.0.24.jar:11.0.24]
	at org.springframework.web.filter.OncePerRequestFilter.doFilter(OncePerRequestFilter.java:110) ~[spring-web-7.0.9.jar:7.0.9]
	at org.apache.catalina.core.ApplicationFilterChain.doFilter(ApplicationFilterChain.java:111) ~[tomcat-embed-core-11.0.24.jar:11.0.24]
	at org.springframework.web.filter.CompositeFilter$VirtualFilterChain.doFilter(CompositeFilter.java:108) ~[spring-web-7.0.9.jar:7.0.9]
	at org.springframework.security.web.FilterChainProxy.lambda$doFilterInternal$2(FilterChainProxy.java:235) ~[spring-security-web-7.1.1.jar:7.1.1]
	at org.springframework.security.web.FilterChainProxy$VirtualFilterChain.doFilter(FilterChainProxy.java:376) ~[spring-security-web-7.1.1.jar:7.1.1]
	at org.springframework.security.web.access.intercept.AuthorizationFilter.doFilter(AuthorizationFilter.java:101) ~[spring-security-web-7.1.1.jar:7.1.1]
	at org.springframework.security.web.FilterChainProxy$VirtualFilterChain.doFilter(FilterChainProxy.java:385) ~[spring-security-web-7.1.1.jar:7.1.1]
	at org.springframework.security.web.access.ExceptionTranslationFilter.doFilter(ExceptionTranslationFilter.java:126) ~[spring-security-web-7.1.1.jar:7.1.1]
	at org.springframework.security.web.access.ExceptionTranslationFilter.doFilter(ExceptionTranslationFilter.java:120) ~[spring-security-web-7.1.1.jar:7.1.1]
	at org.springframework.security.web.FilterChainProxy$VirtualFilterChain.doFilter(FilterChainProxy.java:385) ~[spring-security-web-7.1.1.jar:7.1.1]
	at org.springframework.security.web.session.SessionManagementFilter.doFilter(SessionManagementFilter.java:132) ~[spring-security-web-7.1.1.jar:7.1.1]
	at org.springframework.security.web.session.SessionManagementFilter.doFilter(SessionManagementFilter.java:86) ~[spring-security-web-7.1.1.jar:7.1.1]
	at org.springframework.security.web.FilterChainProxy$VirtualFilterChain.doFilter(FilterChainProxy.java:385) ~[spring-security-web-7.1.1.jar:7.1.1]
	at org.springframework.security.web.authentication.AnonymousAuthenticationFilter.doFilter(AnonymousAuthenticationFilter.java:100) ~[spring-security-web-7.1.1.jar:7.1.1]
	at org.springframework.security.web.FilterChainProxy$VirtualFilterChain.doFilter(FilterChainProxy.java:385) ~[spring-security-web-7.1.1.jar:7.1.1]
	at org.springframework.security.web.servletapi.SecurityContextHolderAwareRequestFilter.doFilter(SecurityContextHolderAwareRequestFilter.java:181) ~[spring-security-web-7.1.1.jar:7.1.1]
	at org.springframework.security.web.FilterChainProxy$VirtualFilterChain.doFilter(FilterChainProxy.java:385) ~[spring-security-web-7.1.1.jar:7.1.1]
	at org.springframework.security.web.savedrequest.RequestCacheAwareFilter.doFilter(RequestCacheAwareFilter.java:63) ~[spring-security-web-7.1.1.jar:7.1.1]
	at org.springframework.security.web.FilterChainProxy$VirtualFilterChain.doFilter(FilterChainProxy.java:385) ~[spring-security-web-7.1.1.jar:7.1.1]
	at com.example.AIG_ForgeHub.security.JwtAuthFilter.doFilterInternal(JwtAuthFilter.java:88) ~[classes/:na]
	at org.springframework.web.filter.OncePerRequestFilter.doFilter(OncePerRequestFilter.java:116) ~[spring-web-7.0.9.jar:7.0.9]
	at org.springframework.security.web.FilterChainProxy$VirtualFilterChain.doFilter(FilterChainProxy.java:385) ~[spring-security-web-7.1.1.jar:7.1.1]
	at org.springframework.security.web.authentication.logout.LogoutFilter.doFilter(LogoutFilter.java:110) ~[spring-security-web-7.1.1.jar:7.1.1]
	at org.springframework.security.web.authentication.logout.LogoutFilter.doFilter(LogoutFilter.java:96) ~[spring-security-web-7.1.1.jar:7.1.1]
	at org.springframework.security.web.FilterChainProxy$VirtualFilterChain.doFilter(FilterChainProxy.java:385) ~[spring-security-web-7.1.1.jar:7.1.1]
	at org.springframework.security.web.header.HeaderWriterFilter.doHeadersAfter(HeaderWriterFilter.java:90) ~[spring-security-web-7.1.1.jar:7.1.1]
	at org.springframework.security.web.header.HeaderWriterFilter.doFilterInternal(HeaderWriterFilter.java:75) ~[spring-security-web-7.1.1.jar:7.1.1]
	at org.springframework.web.filter.OncePerRequestFilter.doFilter(OncePerRequestFilter.java:116) ~[spring-web-7.0.9.jar:7.0.9]
	at org.springframework.security.web.FilterChainProxy$VirtualFilterChain.doFilter(FilterChainProxy.java:385) ~[spring-security-web-7.1.1.jar:7.1.1]
	at org.springframework.security.web.context.SecurityContextHolderFilter.doFilter(SecurityContextHolderFilter.java:82) ~[spring-security-web-7.1.1.jar:7.1.1]
	at org.springframework.security.web.context.SecurityContextHolderFilter.doFilter(SecurityContextHolderFilter.java:69) ~[spring-security-web-7.1.1.jar:7.1.1]
	at org.springframework.security.web.FilterChainProxy$VirtualFilterChain.doFilter(FilterChainProxy.java:385) ~[spring-security-web-7.1.1.jar:7.1.1]
	at org.springframework.security.web.context.request.async.WebAsyncManagerIntegrationFilter.doFilterInternal(WebAsyncManagerIntegrationFilter.java:62) ~[spring-security-web-7.1.1.jar:7.1.1]
	at org.springframework.web.filter.OncePerRequestFilter.doFilter(OncePerRequestFilter.java:116) ~[spring-web-7.0.9.jar:7.0.9]
	at org.springframework.security.web.FilterChainProxy$VirtualFilterChain.doFilter(FilterChainProxy.java:385) ~[spring-security-web-7.1.1.jar:7.1.1]
	at org.springframework.security.web.session.DisableEncodeUrlFilter.doFilterInternal(DisableEncodeUrlFilter.java:42) ~[spring-security-web-7.1.1.jar:7.1.1]
	at org.springframework.web.filter.OncePerRequestFilter.doFilter(OncePerRequestFilter.java:116) ~[spring-web-7.0.9.jar:7.0.9]
	at org.springframework.security.web.FilterChainProxy$VirtualFilterChain.doFilter(FilterChainProxy.java:385) ~[spring-security-web-7.1.1.jar:7.1.1]
	at org.springframework.security.web.FilterChainProxy.doFilterInternal(FilterChainProxy.java:237) ~[spring-security-web-7.1.1.jar:7.1.1]
	at org.springframework.security.web.FilterChainProxy.doFilter(FilterChainProxy.java:195) ~[spring-security-web-7.1.1.jar:7.1.1]
	at org.springframework.web.filter.CompositeFilter$VirtualFilterChain.doFilter(CompositeFilter.java:113) ~[spring-web-7.0.9.jar:7.0.9]
	at org.springframework.web.filter.ServletRequestPathFilter.doFilter(ServletRequestPathFilter.java:52) ~[spring-web-7.0.9.jar:7.0.9]
	at org.springframework.web.filter.CompositeFilter$VirtualFilterChain.doFilter(CompositeFilter.java:113) ~[spring-web-7.0.9.jar:7.0.9]
	at org.springframework.web.filter.CompositeFilter.doFilter(CompositeFilter.java:74) ~[spring-web-7.0.9.jar:7.0.9]
	at org.springframework.security.config.annotation.web.configuration.WebSecurityConfiguration$CompositeFilterChainProxy.doFilter(WebSecurityConfiguration.java:317) ~[spring-security-config-7.1.1.jar:7.1.1]
	at org.springframework.web.filter.DelegatingFilterProxy.invokeDelegate(DelegatingFilterProxy.java:355) ~[spring-web-7.0.9.jar:7.0.9]
	at org.springframework.web.filter.DelegatingFilterProxy.doFilter(DelegatingFilterProxy.java:272) ~[spring-web-7.0.9.jar:7.0.9]
	at org.apache.catalina.core.ApplicationFilterChain.doFilter(ApplicationFilterChain.java:111) ~[tomcat-embed-core-11.0.24.jar:11.0.24]
	at org.springframework.web.filter.RequestContextFilter.doFilterInternal(RequestContextFilter.java:100) ~[spring-web-7.0.9.jar:7.0.9]
	at org.springframework.web.filter.OncePerRequestFilter.doFilter(OncePerRequestFilter.java:116) ~[spring-web-7.0.9.jar:7.0.9]
	at org.apache.catalina.core.ApplicationFilterChain.doFilter(ApplicationFilterChain.java:111) ~[tomcat-embed-core-11.0.24.jar:11.0.24]
	at org.springframework.web.filter.FormContentFilter.doFilterInternal(FormContentFilter.java:93) ~[spring-web-7.0.9.jar:7.0.9]
	at org.springframework.web.filter.OncePerRequestFilter.doFilter(OncePerRequestFilter.java:116) ~[spring-web-7.0.9.jar:7.0.9]
	at org.apache.catalina.core.ApplicationFilterChain.doFilter(ApplicationFilterChain.java:111) ~[tomcat-embed-core-11.0.24.jar:11.0.24]
	at org.springframework.web.filter.CharacterEncodingFilter.doFilterInternal(CharacterEncodingFilter.java:199) ~[spring-web-7.0.9.jar:7.0.9]
	at org.springframework.web.filter.OncePerRequestFilter.doFilter(OncePerRequestFilter.java:116) ~[spring-web-7.0.9.jar:7.0.9]
	at org.apache.catalina.core.ApplicationFilterChain.doFilter(ApplicationFilterChain.java:111) ~[tomcat-embed-core-11.0.24.jar:11.0.24]
	at org.apache.catalina.core.StandardWrapperValve.invoke(StandardWrapperValve.java:165) ~[tomcat-embed-core-11.0.24.jar:11.0.24]
	at org.apache.catalina.core.StandardContextValve.invoke(StandardContextValve.java:77) ~[tomcat-embed-core-11.0.24.jar:11.0.24]
	at org.apache.catalina.authenticator.AuthenticatorBase.invoke(AuthenticatorBase.java:535) ~[tomcat-embed-core-11.0.24.jar:11.0.24]
	at org.apache.catalina.core.StandardHostValve.invoke(StandardHostValve.java:115) ~[tomcat-embed-core-11.0.24.jar:11.0.24]
	at org.apache.catalina.valves.ErrorReportValve.invoke(ErrorReportValve.java:86) ~[tomcat-embed-core-11.0.24.jar:11.0.24]
	at org.apache.catalina.core.StandardEngineValve.invoke(StandardEngineValve.java:71) ~[tomcat-embed-core-11.0.24.jar:11.0.24]
	at org.apache.catalina.connector.CoyoteAdapter.service(CoyoteAdapter.java:347) ~[tomcat-embed-core-11.0.24.jar:11.0.24]
	at org.apache.coyote.http11.Http11Processor.service(Http11Processor.java:406) ~[tomcat-embed-core-11.0.24.jar:11.0.24]
	at org.apache.coyote.AbstractProcessorLight.process(AbstractProcessorLight.java:71) ~[tomcat-embed-core-11.0.24.jar:11.0.24]
	at org.apache.coyote.AbstractProtocol$ConnectionHandler.process(AbstractProtocol.java:1307) ~[tomcat-embed-core-11.0.24.jar:11.0.24]
	at org.apache.tomcat.util.net.NioEndpoint$SocketProcessor.doRun(NioEndpoint.java:2036) ~[tomcat-embed-core-11.0.24.jar:11.0.24]
	at org.apache.tomcat.util.net.SocketProcessorBase.run(SocketProcessorBase.java:74) ~[tomcat-embed-core-11.0.24.jar:11.0.24]
	at org.apache.tomcat.util.threads.ThreadPoolExecutor.runWorker(ThreadPoolExecutor.java:949) ~[tomcat-embed-core-11.0.24.jar:11.0.24]
	at org.apache.tomcat.util.threads.ThreadPoolExecutor$Worker.run(ThreadPoolExecutor.java:483) ~[tomcat-embed-core-11.0.24.jar:11.0.24]
	at org.apache.tomcat.util.threads.TaskThread$WrappingRunnable.run(TaskThread.java:74) ~[tomcat-embed-core-11.0.24.jar:11.0.24]
	at java.base/java.lang.Thread.run(Thread.java:1583) ~[na:na]

2026-10-04T23:56:39.745+05:30  INFO 16576 --- [AIG-ForgeHub] [http-nio-8080-exec-9] c.e.AIG_ForgeHub.security.JwtAuthFilter  : JWT authentication successful for user: shreya1123@gmail.com with role: ADMIN
2026-10-04T23:58:12.042+05:30  INFO 16576 --- [AIG-ForgeHub] [http-nio-8080-exec-1] c.e.AIG_ForgeHub.security.JwtAuthFilter  : JWT authentication successful for user: shreya1123@gmail.com with role: ADMIN
2026-10-04T23:58:12.540+05:30  INFO 16576 --- [AIG-ForgeHub] [http-nio-8080-exec-3] c.e.AIG_ForgeHub.security.JwtAuthFilter  : JWT authentication successful for user: shreya1123@gmail.com with role: ADMIN
2026-10-04T23:58:12.556+05:30 ERROR 16576 --- [AIG-ForgeHub] [http-nio-8080-exec-3] c.e.A.exception.GlobalExceptionHandler   : Unexpected error | method=GET path=/css/admin.css

org.springframework.web.servlet.resource.NoResourceFoundException: No static resource css/admin.css for request '/css/admin.css'.
	at org.springframework.web.servlet.resource.ResourceHttpRequestHandler.handleRequest(ResourceHttpRequestHandler.java:527) ~[spring-webmvc-7.0.9.jar:7.0.9]
	at org.springframework.web.servlet.mvc.HttpRequestHandlerAdapter.handle(HttpRequestHandlerAdapter.java:50) ~[spring-webmvc-7.0.9.jar:7.0.9]
	at org.springframework.web.servlet.DispatcherServlet.doDispatch(DispatcherServlet.java:963) ~[spring-webmvc-7.0.9.jar:7.0.9]
	at org.springframework.web.servlet.DispatcherServlet.doService(DispatcherServlet.java:866) ~[spring-webmvc-7.0.9.jar:7.0.9]
	at org.springframework.web.servlet.FrameworkServlet.processRequest(FrameworkServlet.java:1000) ~[spring-webmvc-7.0.9.jar:7.0.9]
	at org.springframework.web.servlet.FrameworkServlet.doGet(FrameworkServlet.java:892) ~[spring-webmvc-7.0.9.jar:7.0.9]
	at jakarta.servlet.http.HttpServlet.service(HttpServlet.java:622) ~[tomcat-embed-core-11.0.24.jar:6.1]
	at org.springframework.web.servlet.FrameworkServlet.service(FrameworkServlet.java:874) ~[spring-webmvc-7.0.9.jar:7.0.9]
	at jakarta.servlet.http.HttpServlet.service(HttpServlet.java:710) ~[tomcat-embed-core-11.0.24.jar:6.1]
	at org.apache.catalina.core.ApplicationFilterChain.doFilter(ApplicationFilterChain.java:132) ~[tomcat-embed-core-11.0.24.jar:11.0.24]
	at org.apache.tomcat.websocket.server.WsFilter.doFilter(WsFilter.java:59) ~[tomcat-embed-websocket-11.0.24.jar:11.0.24]
	at org.apache.catalina.core.ApplicationFilterChain.doFilter(ApplicationFilterChain.java:111) ~[tomcat-embed-core-11.0.24.jar:11.0.24]
	at org.springframework.web.filter.OncePerRequestFilter.doFilter(OncePerRequestFilter.java:110) ~[spring-web-7.0.9.jar:7.0.9]
	at org.apache.catalina.core.ApplicationFilterChain.doFilter(ApplicationFilterChain.java:111) ~[tomcat-embed-core-11.0.24.jar:11.0.24]
	at org.springframework.web.filter.CompositeFilter$VirtualFilterChain.doFilter(CompositeFilter.java:108) ~[spring-web-7.0.9.jar:7.0.9]
	at org.springframework.security.web.FilterChainProxy.lambda$doFilterInternal$2(FilterChainProxy.java:235) ~[spring-security-web-7.1.1.jar:7.1.1]
	at org.springframework.security.web.FilterChainProxy$VirtualFilterChain.doFilter(FilterChainProxy.java:376) ~[spring-security-web-7.1.1.jar:7.1.1]
	at org.springframework.security.web.access.intercept.AuthorizationFilter.doFilter(AuthorizationFilter.java:101) ~[spring-security-web-7.1.1.jar:7.1.1]
	at org.springframework.security.web.FilterChainProxy$VirtualFilterChain.doFilter(FilterChainProxy.java:385) ~[spring-security-web-7.1.1.jar:7.1.1]
	at org.springframework.security.web.access.ExceptionTranslationFilter.doFilter(ExceptionTranslationFilter.java:126) ~[spring-security-web-7.1.1.jar:7.1.1]
	at org.springframework.security.web.access.ExceptionTranslationFilter.doFilter(ExceptionTranslationFilter.java:120) ~[spring-security-web-7.1.1.jar:7.1.1]
	at org.springframework.security.web.FilterChainProxy$VirtualFilterChain.doFilter(FilterChainProxy.java:385) ~[spring-security-web-7.1.1.jar:7.1.1]
	at org.springframework.security.web.session.SessionManagementFilter.doFilter(SessionManagementFilter.java:132) ~[spring-security-web-7.1.1.jar:7.1.1]
	at org.springframework.security.web.session.SessionManagementFilter.doFilter(SessionManagementFilter.java:86) ~[spring-security-web-7.1.1.jar:7.1.1]
	at org.springframework.security.web.FilterChainProxy$VirtualFilterChain.doFilter(FilterChainProxy.java:385) ~[spring-security-web-7.1.1.jar:7.1.1]
	at org.springframework.security.web.authentication.AnonymousAuthenticationFilter.doFilter(AnonymousAuthenticationFilter.java:100) ~[spring-security-web-7.1.1.jar:7.1.1]
	at org.springframework.security.web.FilterChainProxy$VirtualFilterChain.doFilter(FilterChainProxy.java:385) ~[spring-security-web-7.1.1.jar:7.1.1]
	at org.springframework.security.web.servletapi.SecurityContextHolderAwareRequestFilter.doFilter(SecurityContextHolderAwareRequestFilter.java:181) ~[spring-security-web-7.1.1.jar:7.1.1]
	at org.springframework.security.web.FilterChainProxy$VirtualFilterChain.doFilter(FilterChainProxy.java:385) ~[spring-security-web-7.1.1.jar:7.1.1]
	at org.springframework.security.web.savedrequest.RequestCacheAwareFilter.doFilter(RequestCacheAwareFilter.java:63) ~[spring-security-web-7.1.1.jar:7.1.1]
	at org.springframework.security.web.FilterChainProxy$VirtualFilterChain.doFilter(FilterChainProxy.java:385) ~[spring-security-web-7.1.1.jar:7.1.1]
	at com.example.AIG_ForgeHub.security.JwtAuthFilter.doFilterInternal(JwtAuthFilter.java:88) ~[classes/:na]
	at org.springframework.web.filter.OncePerRequestFilter.doFilter(OncePerRequestFilter.java:116) ~[spring-web-7.0.9.jar:7.0.9]
	at org.springframework.security.web.FilterChainProxy$VirtualFilterChain.doFilter(FilterChainProxy.java:385) ~[spring-security-web-7.1.1.jar:7.1.1]
	at org.springframework.security.web.authentication.logout.LogoutFilter.doFilter(LogoutFilter.java:110) ~[spring-security-web-7.1.1.jar:7.1.1]
	at org.springframework.security.web.authentication.logout.LogoutFilter.doFilter(LogoutFilter.java:96) ~[spring-security-web-7.1.1.jar:7.1.1]
	at org.springframework.security.web.FilterChainProxy$VirtualFilterChain.doFilter(FilterChainProxy.java:385) ~[spring-security-web-7.1.1.jar:7.1.1]
	at org.springframework.security.web.header.HeaderWriterFilter.doHeadersAfter(HeaderWriterFilter.java:90) ~[spring-security-web-7.1.1.jar:7.1.1]
	at org.springframework.security.web.header.HeaderWriterFilter.doFilterInternal(HeaderWriterFilter.java:75) ~[spring-security-web-7.1.1.jar:7.1.1]
	at org.springframework.web.filter.OncePerRequestFilter.doFilter(OncePerRequestFilter.java:116) ~[spring-web-7.0.9.jar:7.0.9]
	at org.springframework.security.web.FilterChainProxy$VirtualFilterChain.doFilter(FilterChainProxy.java:385) ~[spring-security-web-7.1.1.jar:7.1.1]
	at org.springframework.security.web.context.SecurityContextHolderFilter.doFilter(SecurityContextHolderFilter.java:82) ~[spring-security-web-7.1.1.jar:7.1.1]
	at org.springframework.security.web.context.SecurityContextHolderFilter.doFilter(SecurityContextHolderFilter.java:69) ~[spring-security-web-7.1.1.jar:7.1.1]
	at org.springframework.security.web.FilterChainProxy$VirtualFilterChain.doFilter(FilterChainProxy.java:385) ~[spring-security-web-7.1.1.jar:7.1.1]
	at org.springframework.security.web.context.request.async.WebAsyncManagerIntegrationFilter.doFilterInternal(WebAsyncManagerIntegrationFilter.java:62) ~[spring-security-web-7.1.1.jar:7.1.1]
	at org.springframework.web.filter.OncePerRequestFilter.doFilter(OncePerRequestFilter.java:116) ~[spring-web-7.0.9.jar:7.0.9]
	at org.springframework.security.web.FilterChainProxy$VirtualFilterChain.doFilter(FilterChainProxy.java:385) ~[spring-security-web-7.1.1.jar:7.1.1]
	at org.springframework.security.web.session.DisableEncodeUrlFilter.doFilterInternal(DisableEncodeUrlFilter.java:42) ~[spring-security-web-7.1.1.jar:7.1.1]
	at org.springframework.web.filter.OncePerRequestFilter.doFilter(OncePerRequestFilter.java:116) ~[spring-web-7.0.9.jar:7.0.9]
	at org.springframework.security.web.FilterChainProxy$VirtualFilterChain.doFilter(FilterChainProxy.java:385) ~[spring-security-web-7.1.1.jar:7.1.1]
	at org.springframework.security.web.FilterChainProxy.doFilterInternal(FilterChainProxy.java:237) ~[spring-security-web-7.1.1.jar:7.1.1]
	at org.springframework.security.web.FilterChainProxy.doFilter(FilterChainProxy.java:195) ~[spring-security-web-7.1.1.jar:7.1.1]
	at org.springframework.web.filter.CompositeFilter$VirtualFilterChain.doFilter(CompositeFilter.java:113) ~[spring-web-7.0.9.jar:7.0.9]
	at org.springframework.web.filter.ServletRequestPathFilter.doFilter(ServletRequestPathFilter.java:52) ~[spring-web-7.0.9.jar:7.0.9]
	at org.springframework.web.filter.CompositeFilter$VirtualFilterChain.doFilter(CompositeFilter.java:113) ~[spring-web-7.0.9.jar:7.0.9]
	at org.springframework.web.filter.CompositeFilter.doFilter(CompositeFilter.java:74) ~[spring-web-7.0.9.jar:7.0.9]
	at org.springframework.security.config.annotation.web.configuration.WebSecurityConfiguration$CompositeFilterChainProxy.doFilter(WebSecurityConfiguration.java:317) ~[spring-security-config-7.1.1.jar:7.1.1]
	at org.springframework.web.filter.DelegatingFilterProxy.invokeDelegate(DelegatingFilterProxy.java:355) ~[spring-web-7.0.9.jar:7.0.9]
	at org.springframework.web.filter.DelegatingFilterProxy.doFilter(DelegatingFilterProxy.java:272) ~[spring-web-7.0.9.jar:7.0.9]
	at org.apache.catalina.core.ApplicationFilterChain.doFilter(ApplicationFilterChain.java:111) ~[tomcat-embed-core-11.0.24.jar:11.0.24]
	at org.springframework.web.filter.RequestContextFilter.doFilterInternal(RequestContextFilter.java:100) ~[spring-web-7.0.9.jar:7.0.9]
	at org.springframework.web.filter.OncePerRequestFilter.doFilter(OncePerRequestFilter.java:116) ~[spring-web-7.0.9.jar:7.0.9]
	at org.apache.catalina.core.ApplicationFilterChain.doFilter(ApplicationFilterChain.java:111) ~[tomcat-embed-core-11.0.24.jar:11.0.24]
	at org.springframework.web.filter.FormContentFilter.doFilterInternal(FormContentFilter.java:93) ~[spring-web-7.0.9.jar:7.0.9]
	at org.springframework.web.filter.OncePerRequestFilter.doFilter(OncePerRequestFilter.java:116) ~[spring-web-7.0.9.jar:7.0.9]
	at org.apache.catalina.core.ApplicationFilterChain.doFilter(ApplicationFilterChain.java:111) ~[tomcat-embed-core-11.0.24.jar:11.0.24]
	at org.springframework.web.filter.CharacterEncodingFilter.doFilterInternal(CharacterEncodingFilter.java:199) ~[spring-web-7.0.9.jar:7.0.9]
	at org.springframework.web.filter.OncePerRequestFilter.doFilter(OncePerRequestFilter.java:116) ~[spring-web-7.0.9.jar:7.0.9]
	at org.apache.catalina.core.ApplicationFilterChain.doFilter(ApplicationFilterChain.java:111) ~[tomcat-embed-core-11.0.24.jar:11.0.24]
	at org.apache.catalina.core.StandardWrapperValve.invoke(StandardWrapperValve.java:165) ~[tomcat-embed-core-11.0.24.jar:11.0.24]
	at org.apache.catalina.core.StandardContextValve.invoke(StandardContextValve.java:77) ~[tomcat-embed-core-11.0.24.jar:11.0.24]
	at org.apache.catalina.authenticator.AuthenticatorBase.invoke(AuthenticatorBase.java:535) ~[tomcat-embed-core-11.0.24.jar:11.0.24]
	at org.apache.catalina.core.StandardHostValve.invoke(StandardHostValve.java:115) ~[tomcat-embed-core-11.0.24.jar:11.0.24]
	at org.apache.catalina.valves.ErrorReportValve.invoke(ErrorReportValve.java:86) ~[tomcat-embed-core-11.0.24.jar:11.0.24]
	at org.apache.catalina.core.StandardEngineValve.invoke(StandardEngineValve.java:71) ~[tomcat-embed-core-11.0.24.jar:11.0.24]
	at org.apache.catalina.connector.CoyoteAdapter.service(CoyoteAdapter.java:347) ~[tomcat-embed-core-11.0.24.jar:11.0.24]
	at org.apache.coyote.http11.Http11Processor.service(Http11Processor.java:406) ~[tomcat-embed-core-11.0.24.jar:11.0.24]
	at org.apache.coyote.AbstractProcessorLight.process(AbstractProcessorLight.java:71) ~[tomcat-embed-core-11.0.24.jar:11.0.24]
	at org.apache.coyote.AbstractProtocol$ConnectionHandler.process(AbstractProtocol.java:1307) ~[tomcat-embed-core-11.0.24.jar:11.0.24]
	at org.apache.tomcat.util.net.NioEndpoint$SocketProcessor.doRun(NioEndpoint.java:2036) ~[tomcat-embed-core-11.0.24.jar:11.0.24]
	at org.apache.tomcat.util.net.SocketProcessorBase.run(SocketProcessorBase.java:74) ~[tomcat-embed-core-11.0.24.jar:11.0.24]
	at org.apache.tomcat.util.threads.ThreadPoolExecutor.runWorker(ThreadPoolExecutor.java:949) ~[tomcat-embed-core-11.0.24.jar:11.0.24]
	at org.apache.tomcat.util.threads.ThreadPoolExecutor$Worker.run(ThreadPoolExecutor.java:483) ~[tomcat-embed-core-11.0.24.jar:11.0.24]
	at org.apache.tomcat.util.threads.TaskThread$WrappingRunnable.run(TaskThread.java:74) ~[tomcat-embed-core-11.0.24.jar:11.0.24]
	at java.base/java.lang.Thread.run(Thread.java:1583) ~[na:na]

2026-10-04T23:58:12.587+05:30  INFO 16576 --- [AIG-ForgeHub] [http-nio-8080-exec-6] c.e.AIG_ForgeHub.security.JwtAuthFilter  : JWT authentication successful for user: shreya1123@gmail.com with role: ADMIN
2026-10-04T23:58:12.680+05:30  INFO 16576 --- [AIG-ForgeHub] [http-nio-8080-exec-5] c.e.AIG_ForgeHub.security.JwtAuthFilter  : JWT authentication successful for user: shreya1123@gmail.com with role: ADMIN
2026-10-04T23:58:12.685+05:30 ERROR 16576 --- [AIG-ForgeHub] [http-nio-8080-exec-5] c.e.A.exception.GlobalExceptionHandler   : Unexpected error | method=GET path=/favicon.ico

org.springframework.web.servlet.resource.NoResourceFoundException: No static resource favicon.ico for request '/favicon.ico'.
	at org.springframework.web.servlet.resource.ResourceHttpRequestHandler.handleRequest(ResourceHttpRequestHandler.java:527) ~[spring-webmvc-7.0.9.jar:7.0.9]
	at org.springframework.web.servlet.mvc.HttpRequestHandlerAdapter.handle(HttpRequestHandlerAdapter.java:50) ~[spring-webmvc-7.0.9.jar:7.0.9]
	at org.springframework.web.servlet.DispatcherServlet.doDispatch(DispatcherServlet.java:963) ~[spring-webmvc-7.0.9.jar:7.0.9]
	at org.springframework.web.servlet.DispatcherServlet.doService(DispatcherServlet.java:866) ~[spring-webmvc-7.0.9.jar:7.0.9]
	at org.springframework.web.servlet.FrameworkServlet.processRequest(FrameworkServlet.java:1000) ~[spring-webmvc-7.0.9.jar:7.0.9]
	at org.springframework.web.servlet.FrameworkServlet.doGet(FrameworkServlet.java:892) ~[spring-webmvc-7.0.9.jar:7.0.9]
	at jakarta.servlet.http.HttpServlet.service(HttpServlet.java:622) ~[tomcat-embed-core-11.0.24.jar:6.1]
	at org.springframework.web.servlet.FrameworkServlet.service(FrameworkServlet.java:874) ~[spring-webmvc-7.0.9.jar:7.0.9]
	at jakarta.servlet.http.HttpServlet.service(HttpServlet.java:710) ~[tomcat-embed-core-11.0.24.jar:6.1]
	at org.apache.catalina.core.ApplicationFilterChain.doFilter(ApplicationFilterChain.java:132) ~[tomcat-embed-core-11.0.24.jar:11.0.24]
	at org.apache.tomcat.websocket.server.WsFilter.doFilter(WsFilter.java:59) ~[tomcat-embed-websocket-11.0.24.jar:11.0.24]
	at org.apache.catalina.core.ApplicationFilterChain.doFilter(ApplicationFilterChain.java:111) ~[tomcat-embed-core-11.0.24.jar:11.0.24]
	at org.springframework.web.filter.OncePerRequestFilter.doFilter(OncePerRequestFilter.java:110) ~[spring-web-7.0.9.jar:7.0.9]
	at org.apache.catalina.core.ApplicationFilterChain.doFilter(ApplicationFilterChain.java:111) ~[tomcat-embed-core-11.0.24.jar:11.0.24]
	at org.springframework.web.filter.CompositeFilter$VirtualFilterChain.doFilter(CompositeFilter.java:108) ~[spring-web-7.0.9.jar:7.0.9]
	at org.springframework.security.web.FilterChainProxy.lambda$doFilterInternal$2(FilterChainProxy.java:235) ~[spring-security-web-7.1.1.jar:7.1.1]
	at org.springframework.security.web.FilterChainProxy$VirtualFilterChain.doFilter(FilterChainProxy.java:376) ~[spring-security-web-7.1.1.jar:7.1.1]
	at org.springframework.security.web.access.intercept.AuthorizationFilter.doFilter(AuthorizationFilter.java:101) ~[spring-security-web-7.1.1.jar:7.1.1]
	at org.springframework.security.web.FilterChainProxy$VirtualFilterChain.doFilter(FilterChainProxy.java:385) ~[spring-security-web-7.1.1.jar:7.1.1]
	at org.springframework.security.web.access.ExceptionTranslationFilter.doFilter(ExceptionTranslationFilter.java:126) ~[spring-security-web-7.1.1.jar:7.1.1]
	at org.springframework.security.web.access.ExceptionTranslationFilter.doFilter(ExceptionTranslationFilter.java:120) ~[spring-security-web-7.1.1.jar:7.1.1]
	at org.springframework.security.web.FilterChainProxy$VirtualFilterChain.doFilter(FilterChainProxy.java:385) ~[spring-security-web-7.1.1.jar:7.1.1]
	at org.springframework.security.web.session.SessionManagementFilter.doFilter(SessionManagementFilter.java:132) ~[spring-security-web-7.1.1.jar:7.1.1]
	at org.springframework.security.web.session.SessionManagementFilter.doFilter(SessionManagementFilter.java:86) ~[spring-security-web-7.1.1.jar:7.1.1]
	at org.springframework.security.web.FilterChainProxy$VirtualFilterChain.doFilter(FilterChainProxy.java:385) ~[spring-security-web-7.1.1.jar:7.1.1]
	at org.springframework.security.web.authentication.AnonymousAuthenticationFilter.doFilter(AnonymousAuthenticationFilter.java:100) ~[spring-security-web-7.1.1.jar:7.1.1]
	at org.springframework.security.web.FilterChainProxy$VirtualFilterChain.doFilter(FilterChainProxy.java:385) ~[spring-security-web-7.1.1.jar:7.1.1]
	at org.springframework.security.web.servletapi.SecurityContextHolderAwareRequestFilter.doFilter(SecurityContextHolderAwareRequestFilter.java:181) ~[spring-security-web-7.1.1.jar:7.1.1]
	at org.springframework.security.web.FilterChainProxy$VirtualFilterChain.doFilter(FilterChainProxy.java:385) ~[spring-security-web-7.1.1.jar:7.1.1]
	at org.springframework.security.web.savedrequest.RequestCacheAwareFilter.doFilter(RequestCacheAwareFilter.java:63) ~[spring-security-web-7.1.1.jar:7.1.1]
	at org.springframework.security.web.FilterChainProxy$VirtualFilterChain.doFilter(FilterChainProxy.java:385) ~[spring-security-web-7.1.1.jar:7.1.1]
	at com.example.AIG_ForgeHub.security.JwtAuthFilter.doFilterInternal(JwtAuthFilter.java:88) ~[classes/:na]
	at org.springframework.web.filter.OncePerRequestFilter.doFilter(OncePerRequestFilter.java:116) ~[spring-web-7.0.9.jar:7.0.9]
	at org.springframework.security.web.FilterChainProxy$VirtualFilterChain.doFilter(FilterChainProxy.java:385) ~[spring-security-web-7.1.1.jar:7.1.1]
	at org.springframework.security.web.authentication.logout.LogoutFilter.doFilter(LogoutFilter.java:110) ~[spring-security-web-7.1.1.jar:7.1.1]
	at org.springframework.security.web.authentication.logout.LogoutFilter.doFilter(LogoutFilter.java:96) ~[spring-security-web-7.1.1.jar:7.1.1]
	at org.springframework.security.web.FilterChainProxy$VirtualFilterChain.doFilter(FilterChainProxy.java:385) ~[spring-security-web-7.1.1.jar:7.1.1]
	at org.springframework.security.web.header.HeaderWriterFilter.doHeadersAfter(HeaderWriterFilter.java:90) ~[spring-security-web-7.1.1.jar:7.1.1]
	at org.springframework.security.web.header.HeaderWriterFilter.doFilterInternal(HeaderWriterFilter.java:75) ~[spring-security-web-7.1.1.jar:7.1.1]
	at org.springframework.web.filter.OncePerRequestFilter.doFilter(OncePerRequestFilter.java:116) ~[spring-web-7.0.9.jar:7.0.9]
	at org.springframework.security.web.FilterChainProxy$VirtualFilterChain.doFilter(FilterChainProxy.java:385) ~[spring-security-web-7.1.1.jar:7.1.1]
	at org.springframework.security.web.context.SecurityContextHolderFilter.doFilter(SecurityContextHolderFilter.java:82) ~[spring-security-web-7.1.1.jar:7.1.1]
	at org.springframework.security.web.context.SecurityContextHolderFilter.doFilter(SecurityContextHolderFilter.java:69) ~[spring-security-web-7.1.1.jar:7.1.1]
	at org.springframework.security.web.FilterChainProxy$VirtualFilterChain.doFilter(FilterChainProxy.java:385) ~[spring-security-web-7.1.1.jar:7.1.1]
	at org.springframework.security.web.context.request.async.WebAsyncManagerIntegrationFilter.doFilterInternal(WebAsyncManagerIntegrationFilter.java:62) ~[spring-security-web-7.1.1.jar:7.1.1]
	at org.springframework.web.filter.OncePerRequestFilter.doFilter(OncePerRequestFilter.java:116) ~[spring-web-7.0.9.jar:7.0.9]
	at org.springframework.security.web.FilterChainProxy$VirtualFilterChain.doFilter(FilterChainProxy.java:385) ~[spring-security-web-7.1.1.jar:7.1.1]
	at org.springframework.security.web.session.DisableEncodeUrlFilter.doFilterInternal(DisableEncodeUrlFilter.java:42) ~[spring-security-web-7.1.1.jar:7.1.1]
	at org.springframework.web.filter.OncePerRequestFilter.doFilter(OncePerRequestFilter.java:116) ~[spring-web-7.0.9.jar:7.0.9]
	at org.springframework.security.web.FilterChainProxy$VirtualFilterChain.doFilter(FilterChainProxy.java:385) ~[spring-security-web-7.1.1.jar:7.1.1]
	at org.springframework.security.web.FilterChainProxy.doFilterInternal(FilterChainProxy.java:237) ~[spring-security-web-7.1.1.jar:7.1.1]
	at org.springframework.security.web.FilterChainProxy.doFilter(FilterChainProxy.java:195) ~[spring-security-web-7.1.1.jar:7.1.1]
	at org.springframework.web.filter.CompositeFilter$VirtualFilterChain.doFilter(CompositeFilter.java:113) ~[spring-web-7.0.9.jar:7.0.9]
	at org.springframework.web.filter.ServletRequestPathFilter.doFilter(ServletRequestPathFilter.java:52) ~[spring-web-7.0.9.jar:7.0.9]
	at org.springframework.web.filter.CompositeFilter$VirtualFilterChain.doFilter(CompositeFilter.java:113) ~[spring-web-7.0.9.jar:7.0.9]
	at org.springframework.web.filter.CompositeFilter.doFilter(CompositeFilter.java:74) ~[spring-web-7.0.9.jar:7.0.9]
	at org.springframework.security.config.annotation.web.configuration.WebSecurityConfiguration$CompositeFilterChainProxy.doFilter(WebSecurityConfiguration.java:317) ~[spring-security-config-7.1.1.jar:7.1.1]
	at org.springframework.web.filter.DelegatingFilterProxy.invokeDelegate(DelegatingFilterProxy.java:355) ~[spring-web-7.0.9.jar:7.0.9]
	at org.springframework.web.filter.DelegatingFilterProxy.doFilter(DelegatingFilterProxy.java:272) ~[spring-web-7.0.9.jar:7.0.9]
	at org.apache.catalina.core.ApplicationFilterChain.doFilter(ApplicationFilterChain.java:111) ~[tomcat-embed-core-11.0.24.jar:11.0.24]
	at org.springframework.web.filter.RequestContextFilter.doFilterInternal(RequestContextFilter.java:100) ~[spring-web-7.0.9.jar:7.0.9]
	at org.springframework.web.filter.OncePerRequestFilter.doFilter(OncePerRequestFilter.java:116) ~[spring-web-7.0.9.jar:7.0.9]
	at org.apache.catalina.core.ApplicationFilterChain.doFilter(ApplicationFilterChain.java:111) ~[tomcat-embed-core-11.0.24.jar:11.0.24]
	at org.springframework.web.filter.FormContentFilter.doFilterInternal(FormContentFilter.java:93) ~[spring-web-7.0.9.jar:7.0.9]
	at org.springframework.web.filter.OncePerRequestFilter.doFilter(OncePerRequestFilter.java:116) ~[spring-web-7.0.9.jar:7.0.9]
	at org.apache.catalina.core.ApplicationFilterChain.doFilter(ApplicationFilterChain.java:111) ~[tomcat-embed-core-11.0.24.jar:11.0.24]
	at org.springframework.web.filter.CharacterEncodingFilter.doFilterInternal(CharacterEncodingFilter.java:199) ~[spring-web-7.0.9.jar:7.0.9]
	at org.springframework.web.filter.OncePerRequestFilter.doFilter(OncePerRequestFilter.java:116) ~[spring-web-7.0.9.jar:7.0.9]
	at org.apache.catalina.core.ApplicationFilterChain.doFilter(ApplicationFilterChain.java:111) ~[tomcat-embed-core-11.0.24.jar:11.0.24]
	at org.apache.catalina.core.StandardWrapperValve.invoke(StandardWrapperValve.java:165) ~[tomcat-embed-core-11.0.24.jar:11.0.24]
	at org.apache.catalina.core.StandardContextValve.invoke(StandardContextValve.java:77) ~[tomcat-embed-core-11.0.24.jar:11.0.24]
	at org.apache.catalina.authenticator.AuthenticatorBase.invoke(AuthenticatorBase.java:535) ~[tomcat-embed-core-11.0.24.jar:11.0.24]
	at org.apache.catalina.core.StandardHostValve.invoke(StandardHostValve.java:115) ~[tomcat-embed-core-11.0.24.jar:11.0.24]
	at org.apache.catalina.valves.ErrorReportValve.invoke(ErrorReportValve.java:86) ~[tomcat-embed-core-11.0.24.jar:11.0.24]
	at org.apache.catalina.core.StandardEngineValve.invoke(StandardEngineValve.java:71) ~[tomcat-embed-core-11.0.24.jar:11.0.24]
	at org.apache.catalina.connector.CoyoteAdapter.service(CoyoteAdapter.java:347) ~[tomcat-embed-core-11.0.24.jar:11.0.24]
	at org.apache.coyote.http11.Http11Processor.service(Http11Processor.java:406) ~[tomcat-embed-core-11.0.24.jar:11.0.24]
	at org.apache.coyote.AbstractProcessorLight.process(AbstractProcessorLight.java:71) ~[tomcat-embed-core-11.0.24.jar:11.0.24]
	at org.apache.coyote.AbstractProtocol$ConnectionHandler.process(AbstractProtocol.java:1307) ~[tomcat-embed-core-11.0.24.jar:11.0.24]
	at org.apache.tomcat.util.net.NioEndpoint$SocketProcessor.doRun(NioEndpoint.java:2036) ~[tomcat-embed-core-11.0.24.jar:11.0.24]
	at org.apache.tomcat.util.net.SocketProcessorBase.run(SocketProcessorBase.java:74) ~[tomcat-embed-core-11.0.24.jar:11.0.24]
	at org.apache.tomcat.util.threads.ThreadPoolExecutor.runWorker(ThreadPoolExecutor.java:949) ~[tomcat-embed-core-11.0.24.jar:11.0.24]
	at org.apache.tomcat.util.threads.ThreadPoolExecutor$Worker.run(ThreadPoolExecutor.java:483) ~[tomcat-embed-core-11.0.24.jar:11.0.24]
	at org.apache.tomcat.util.threads.TaskThread$WrappingRunnable.run(TaskThread.java:74) ~[tomcat-embed-core-11.0.24.jar:11.0.24]
	at java.base/java.lang.Thread.run(Thread.java:1583) ~[na:na]

2026-10-04T23:58:12.694+05:30  INFO 16576 --- [AIG-ForgeHub] [http-nio-8080-exec-4] c.e.AIG_ForgeHub.security.JwtAuthFilter  : JWT authentication successful for user: shreya1123@gmail.com with role: ADMIN
2026-10-04T23:58:13.506+05:30  INFO 16576 --- [AIG-ForgeHub] [http-nio-8080-exec-7] c.e.AIG_ForgeHub.security.JwtAuthFilter  : JWT authentication successful for user: shreya1123@gmail.com with role: ADMIN
2026-10-04T23:58:13.573+05:30  INFO 16576 --- [AIG-ForgeHub] [http-nio-8080-exec-8] c.e.AIG_ForgeHub.security.JwtAuthFilter  : JWT authentication successful for user: shreya1123@gmail.com with role: ADMIN
2026-10-04T23:58:13.576+05:30 ERROR 16576 --- [AIG-ForgeHub] [http-nio-8080-exec-8] c.e.A.exception.GlobalExceptionHandler   : Unexpected error | method=GET path=/css/admin.css

org.springframework.web.servlet.resource.NoResourceFoundException: No static resource css/admin.css for request '/css/admin.css'.
	at org.springframework.web.servlet.resource.ResourceHttpRequestHandler.handleRequest(ResourceHttpRequestHandler.java:527) ~[spring-webmvc-7.0.9.jar:7.0.9]
	at org.springframework.web.servlet.mvc.HttpRequestHandlerAdapter.handle(HttpRequestHandlerAdapter.java:50) ~[spring-webmvc-7.0.9.jar:7.0.9]
	at org.springframework.web.servlet.DispatcherServlet.doDispatch(DispatcherServlet.java:963) ~[spring-webmvc-7.0.9.jar:7.0.9]
	at org.springframework.web.servlet.DispatcherServlet.doService(DispatcherServlet.java:866) ~[spring-webmvc-7.0.9.jar:7.0.9]
	at org.springframework.web.servlet.FrameworkServlet.processRequest(FrameworkServlet.java:1000) ~[spring-webmvc-7.0.9.jar:7.0.9]
	at org.springframework.web.servlet.FrameworkServlet.doGet(FrameworkServlet.java:892) ~[spring-webmvc-7.0.9.jar:7.0.9]
	at jakarta.servlet.http.HttpServlet.service(HttpServlet.java:622) ~[tomcat-embed-core-11.0.24.jar:6.1]
	at org.springframework.web.servlet.FrameworkServlet.service(FrameworkServlet.java:874) ~[spring-webmvc-7.0.9.jar:7.0.9]
	at jakarta.servlet.http.HttpServlet.service(HttpServlet.java:710) ~[tomcat-embed-core-11.0.24.jar:6.1]
	at org.apache.catalina.core.ApplicationFilterChain.doFilter(ApplicationFilterChain.java:132) ~[tomcat-embed-core-11.0.24.jar:11.0.24]
	at org.apache.tomcat.websocket.server.WsFilter.doFilter(WsFilter.java:59) ~[tomcat-embed-websocket-11.0.24.jar:11.0.24]
	at org.apache.catalina.core.ApplicationFilterChain.doFilter(ApplicationFilterChain.java:111) ~[tomcat-embed-core-11.0.24.jar:11.0.24]
	at org.springframework.web.filter.OncePerRequestFilter.doFilter(OncePerRequestFilter.java:110) ~[spring-web-7.0.9.jar:7.0.9]
	at org.apache.catalina.core.ApplicationFilterChain.doFilter(ApplicationFilterChain.java:111) ~[tomcat-embed-core-11.0.24.jar:11.0.24]
	at org.springframework.web.filter.CompositeFilter$VirtualFilterChain.doFilter(CompositeFilter.java:108) ~[spring-web-7.0.9.jar:7.0.9]
	at org.springframework.security.web.FilterChainProxy.lambda$doFilterInternal$2(FilterChainProxy.java:235) ~[spring-security-web-7.1.1.jar:7.1.1]
	at org.springframework.security.web.FilterChainProxy$VirtualFilterChain.doFilter(FilterChainProxy.java:376) ~[spring-security-web-7.1.1.jar:7.1.1]
	at org.springframework.security.web.access.intercept.AuthorizationFilter.doFilter(AuthorizationFilter.java:101) ~[spring-security-web-7.1.1.jar:7.1.1]
	at org.springframework.security.web.FilterChainProxy$VirtualFilterChain.doFilter(FilterChainProxy.java:385) ~[spring-security-web-7.1.1.jar:7.1.1]
	at org.springframework.security.web.access.ExceptionTranslationFilter.doFilter(ExceptionTranslationFilter.java:126) ~[spring-security-web-7.1.1.jar:7.1.1]
	at org.springframework.security.web.access.ExceptionTranslationFilter.doFilter(ExceptionTranslationFilter.java:120) ~[spring-security-web-7.1.1.jar:7.1.1]
	at org.springframework.security.web.FilterChainProxy$VirtualFilterChain.doFilter(FilterChainProxy.java:385) ~[spring-security-web-7.1.1.jar:7.1.1]
	at org.springframework.security.web.session.SessionManagementFilter.doFilter(SessionManagementFilter.java:132) ~[spring-security-web-7.1.1.jar:7.1.1]
	at org.springframework.security.web.session.SessionManagementFilter.doFilter(SessionManagementFilter.java:86) ~[spring-security-web-7.1.1.jar:7.1.1]
	at org.springframework.security.web.FilterChainProxy$VirtualFilterChain.doFilter(FilterChainProxy.java:385) ~[spring-security-web-7.1.1.jar:7.1.1]
	at org.springframework.security.web.authentication.AnonymousAuthenticationFilter.doFilter(AnonymousAuthenticationFilter.java:100) ~[spring-security-web-7.1.1.jar:7.1.1]
	at org.springframework.security.web.FilterChainProxy$VirtualFilterChain.doFilter(FilterChainProxy.java:385) ~[spring-security-web-7.1.1.jar:7.1.1]
	at org.springframework.security.web.servletapi.SecurityContextHolderAwareRequestFilter.doFilter(SecurityContextHolderAwareRequestFilter.java:181) ~[spring-security-web-7.1.1.jar:7.1.1]
	at org.springframework.security.web.FilterChainProxy$VirtualFilterChain.doFilter(FilterChainProxy.java:385) ~[spring-security-web-7.1.1.jar:7.1.1]
	at org.springframework.security.web.savedrequest.RequestCacheAwareFilter.doFilter(RequestCacheAwareFilter.java:63) ~[spring-security-web-7.1.1.jar:7.1.1]
	at org.springframework.security.web.FilterChainProxy$VirtualFilterChain.doFilter(FilterChainProxy.java:385) ~[spring-security-web-7.1.1.jar:7.1.1]
	at com.example.AIG_ForgeHub.security.JwtAuthFilter.doFilterInternal(JwtAuthFilter.java:88) ~[classes/:na]
	at org.springframework.web.filter.OncePerRequestFilter.doFilter(OncePerRequestFilter.java:116) ~[spring-web-7.0.9.jar:7.0.9]
	at org.springframework.security.web.FilterChainProxy$VirtualFilterChain.doFilter(FilterChainProxy.java:385) ~[spring-security-web-7.1.1.jar:7.1.1]
	at org.springframework.security.web.authentication.logout.LogoutFilter.doFilter(LogoutFilter.java:110) ~[spring-security-web-7.1.1.jar:7.1.1]
	at org.springframework.security.web.authentication.logout.LogoutFilter.doFilter(LogoutFilter.java:96) ~[spring-security-web-7.1.1.jar:7.1.1]
	at org.springframework.security.web.FilterChainProxy$VirtualFilterChain.doFilter(FilterChainProxy.java:385) ~[spring-security-web-7.1.1.jar:7.1.1]
	at org.springframework.security.web.header.HeaderWriterFilter.doHeadersAfter(HeaderWriterFilter.java:90) ~[spring-security-web-7.1.1.jar:7.1.1]
	at org.springframework.security.web.header.HeaderWriterFilter.doFilterInternal(HeaderWriterFilter.java:75) ~[spring-security-web-7.1.1.jar:7.1.1]
	at org.springframework.web.filter.OncePerRequestFilter.doFilter(OncePerRequestFilter.java:116) ~[spring-web-7.0.9.jar:7.0.9]
	at org.springframework.security.web.FilterChainProxy$VirtualFilterChain.doFilter(FilterChainProxy.java:385) ~[spring-security-web-7.1.1.jar:7.1.1]
	at org.springframework.security.web.context.SecurityContextHolderFilter.doFilter(SecurityContextHolderFilter.java:82) ~[spring-security-web-7.1.1.jar:7.1.1]
	at org.springframework.security.web.context.SecurityContextHolderFilter.doFilter(SecurityContextHolderFilter.java:69) ~[spring-security-web-7.1.1.jar:7.1.1]
	at org.springframework.security.web.FilterChainProxy$VirtualFilterChain.doFilter(FilterChainProxy.java:385) ~[spring-security-web-7.1.1.jar:7.1.1]
	at org.springframework.security.web.context.request.async.WebAsyncManagerIntegrationFilter.doFilterInternal(WebAsyncManagerIntegrationFilter.java:62) ~[spring-security-web-7.1.1.jar:7.1.1]
	at org.springframework.web.filter.OncePerRequestFilter.doFilter(OncePerRequestFilter.java:116) ~[spring-web-7.0.9.jar:7.0.9]
	at org.springframework.security.web.FilterChainProxy$VirtualFilterChain.doFilter(FilterChainProxy.java:385) ~[spring-security-web-7.1.1.jar:7.1.1]
	at org.springframework.security.web.session.DisableEncodeUrlFilter.doFilterInternal(DisableEncodeUrlFilter.java:42) ~[spring-security-web-7.1.1.jar:7.1.1]
	at org.springframework.web.filter.OncePerRequestFilter.doFilter(OncePerRequestFilter.java:116) ~[spring-web-7.0.9.jar:7.0.9]
	at org.springframework.security.web.FilterChainProxy$VirtualFilterChain.doFilter(FilterChainProxy.java:385) ~[spring-security-web-7.1.1.jar:7.1.1]
	at org.springframework.security.web.FilterChainProxy.doFilterInternal(FilterChainProxy.java:237) ~[spring-security-web-7.1.1.jar:7.1.1]
	at org.springframework.security.web.FilterChainProxy.doFilter(FilterChainProxy.java:195) ~[spring-security-web-7.1.1.jar:7.1.1]
	at org.springframework.web.filter.CompositeFilter$VirtualFilterChain.doFilter(CompositeFilter.java:113) ~[spring-web-7.0.9.jar:7.0.9]
	at org.springframework.web.filter.ServletRequestPathFilter.doFilter(ServletRequestPathFilter.java:52) ~[spring-web-7.0.9.jar:7.0.9]
	at org.springframework.web.filter.CompositeFilter$VirtualFilterChain.doFilter(CompositeFilter.java:113) ~[spring-web-7.0.9.jar:7.0.9]
	at org.springframework.web.filter.CompositeFilter.doFilter(CompositeFilter.java:74) ~[spring-web-7.0.9.jar:7.0.9]
	at org.springframework.security.config.annotation.web.configuration.WebSecurityConfiguration$CompositeFilterChainProxy.doFilter(WebSecurityConfiguration.java:317) ~[spring-security-config-7.1.1.jar:7.1.1]
	at org.springframework.web.filter.DelegatingFilterProxy.invokeDelegate(DelegatingFilterProxy.java:355) ~[spring-web-7.0.9.jar:7.0.9]
	at org.springframework.web.filter.DelegatingFilterProxy.doFilter(DelegatingFilterProxy.java:272) ~[spring-web-7.0.9.jar:7.0.9]
	at org.apache.catalina.core.ApplicationFilterChain.doFilter(ApplicationFilterChain.java:111) ~[tomcat-embed-core-11.0.24.jar:11.0.24]
	at org.springframework.web.filter.RequestContextFilter.doFilterInternal(RequestContextFilter.java:100) ~[spring-web-7.0.9.jar:7.0.9]
	at org.springframework.web.filter.OncePerRequestFilter.doFilter(OncePerRequestFilter.java:116) ~[spring-web-7.0.9.jar:7.0.9]
	at org.apache.catalina.core.ApplicationFilterChain.doFilter(ApplicationFilterChain.java:111) ~[tomcat-embed-core-11.0.24.jar:11.0.24]
	at org.springframework.web.filter.FormContentFilter.doFilterInternal(FormContentFilter.java:93) ~[spring-web-7.0.9.jar:7.0.9]
	at org.springframework.web.filter.OncePerRequestFilter.doFilter(OncePerRequestFilter.java:116) ~[spring-web-7.0.9.jar:7.0.9]
	at org.apache.catalina.core.ApplicationFilterChain.doFilter(ApplicationFilterChain.java:111) ~[tomcat-embed-core-11.0.24.jar:11.0.24]
	at org.springframework.web.filter.CharacterEncodingFilter.doFilterInternal(CharacterEncodingFilter.java:199) ~[spring-web-7.0.9.jar:7.0.9]
	at org.springframework.web.filter.OncePerRequestFilter.doFilter(OncePerRequestFilter.java:116) ~[spring-web-7.0.9.jar:7.0.9]
	at org.apache.catalina.core.ApplicationFilterChain.doFilter(ApplicationFilterChain.java:111) ~[tomcat-embed-core-11.0.24.jar:11.0.24]
	at org.apache.catalina.core.StandardWrapperValve.invoke(StandardWrapperValve.java:165) ~[tomcat-embed-core-11.0.24.jar:11.0.24]
	at org.apache.catalina.core.StandardContextValve.invoke(StandardContextValve.java:77) ~[tomcat-embed-core-11.0.24.jar:11.0.24]
	at org.apache.catalina.authenticator.AuthenticatorBase.invoke(AuthenticatorBase.java:535) ~[tomcat-embed-core-11.0.24.jar:11.0.24]
	at org.apache.catalina.core.StandardHostValve.invoke(StandardHostValve.java:115) ~[tomcat-embed-core-11.0.24.jar:11.0.24]
	at org.apache.catalina.valves.ErrorReportValve.invoke(ErrorReportValve.java:86) ~[tomcat-embed-core-11.0.24.jar:11.0.24]
	at org.apache.catalina.core.StandardEngineValve.invoke(StandardEngineValve.java:71) ~[tomcat-embed-core-11.0.24.jar:11.0.24]
	at org.apache.catalina.connector.CoyoteAdapter.service(CoyoteAdapter.java:347) ~[tomcat-embed-core-11.0.24.jar:11.0.24]
	at org.apache.coyote.http11.Http11Processor.service(Http11Processor.java:406) ~[tomcat-embed-core-11.0.24.jar:11.0.24]
	at org.apache.coyote.AbstractProcessorLight.process(AbstractProcessorLight.java:71) ~[tomcat-embed-core-11.0.24.jar:11.0.24]
	at org.apache.coyote.AbstractProtocol$ConnectionHandler.process(AbstractProtocol.java:1307) ~[tomcat-embed-core-11.0.24.jar:11.0.24]
	at org.apache.tomcat.util.net.NioEndpoint$SocketProcessor.doRun(NioEndpoint.java:2036) ~[tomcat-embed-core-11.0.24.jar:11.0.24]
	at org.apache.tomcat.util.net.SocketProcessorBase.run(SocketProcessorBase.java:74) ~[tomcat-embed-core-11.0.24.jar:11.0.24]
	at org.apache.tomcat.util.threads.ThreadPoolExecutor.runWorker(ThreadPoolExecutor.java:949) ~[tomcat-embed-core-11.0.24.jar:11.0.24]
	at org.apache.tomcat.util.threads.ThreadPoolExecutor$Worker.run(ThreadPoolExecutor.java:483) ~[tomcat-embed-core-11.0.24.jar:11.0.24]
	at org.apache.tomcat.util.threads.TaskThread$WrappingRunnable.run(TaskThread.java:74) ~[tomcat-embed-core-11.0.24.jar:11.0.24]
	at java.base/java.lang.Thread.run(Thread.java:1583) ~[na:na]

2026-10-04T23:58:13.585+05:30  INFO 16576 --- [AIG-ForgeHub] [http-nio-8080-exec-9] c.e.AIG_ForgeHub.security.JwtAuthFilter  : JWT authentication successful for user: shreya1123@gmail.com with role: ADMIN
2026-10-04T23:58:13.654+05:30  INFO 16576 --- [AIG-ForgeHub] [http-nio-8080-exec-10] c.e.AIG_ForgeHub.security.JwtAuthFilter  : JWT authentication successful for user: shreya1123@gmail.com with role: ADMIN
2026-10-04T23:58:13.657+05:30 ERROR 16576 --- [AIG-ForgeHub] [http-nio-8080-exec-10] c.e.A.exception.GlobalExceptionHandler   : Unexpected error | method=GET path=/favicon.ico

org.springframework.web.servlet.resource.NoResourceFoundException: No static resource favicon.ico for request '/favicon.ico'.
	at org.springframework.web.servlet.resource.ResourceHttpRequestHandler.handleRequest(ResourceHttpRequestHandler.java:527) ~[spring-webmvc-7.0.9.jar:7.0.9]
	at org.springframework.web.servlet.mvc.HttpRequestHandlerAdapter.handle(HttpRequestHandlerAdapter.java:50) ~[spring-webmvc-7.0.9.jar:7.0.9]
	at org.springframework.web.servlet.DispatcherServlet.doDispatch(DispatcherServlet.java:963) ~[spring-webmvc-7.0.9.jar:7.0.9]
	at org.springframework.web.servlet.DispatcherServlet.doService(DispatcherServlet.java:866) ~[spring-webmvc-7.0.9.jar:7.0.9]
	at org.springframework.web.servlet.FrameworkServlet.processRequest(FrameworkServlet.java:1000) ~[spring-webmvc-7.0.9.jar:7.0.9]
	at org.springframework.web.servlet.FrameworkServlet.doGet(FrameworkServlet.java:892) ~[spring-webmvc-7.0.9.jar:7.0.9]
	at jakarta.servlet.http.HttpServlet.service(HttpServlet.java:622) ~[tomcat-embed-core-11.0.24.jar:6.1]
	at org.springframework.web.servlet.FrameworkServlet.service(FrameworkServlet.java:874) ~[spring-webmvc-7.0.9.jar:7.0.9]
	at jakarta.servlet.http.HttpServlet.service(HttpServlet.java:710) ~[tomcat-embed-core-11.0.24.jar:6.1]
	at org.apache.catalina.core.ApplicationFilterChain.doFilter(ApplicationFilterChain.java:132) ~[tomcat-embed-core-11.0.24.jar:11.0.24]
	at org.apache.tomcat.websocket.server.WsFilter.doFilter(WsFilter.java:59) ~[tomcat-embed-websocket-11.0.24.jar:11.0.24]
	at org.apache.catalina.core.ApplicationFilterChain.doFilter(ApplicationFilterChain.java:111) ~[tomcat-embed-core-11.0.24.jar:11.0.24]
	at org.springframework.web.filter.OncePerRequestFilter.doFilter(OncePerRequestFilter.java:110) ~[spring-web-7.0.9.jar:7.0.9]
	at org.apache.catalina.core.ApplicationFilterChain.doFilter(ApplicationFilterChain.java:111) ~[tomcat-embed-core-11.0.24.jar:11.0.24]
	at org.springframework.web.filter.CompositeFilter$VirtualFilterChain.doFilter(CompositeFilter.java:108) ~[spring-web-7.0.9.jar:7.0.9]
	at org.springframework.security.web.FilterChainProxy.lambda$doFilterInternal$2(FilterChainProxy.java:235) ~[spring-security-web-7.1.1.jar:7.1.1]
	at org.springframework.security.web.FilterChainProxy$VirtualFilterChain.doFilter(FilterChainProxy.java:376) ~[spring-security-web-7.1.1.jar:7.1.1]
	at org.springframework.security.web.access.intercept.AuthorizationFilter.doFilter(AuthorizationFilter.java:101) ~[spring-security-web-7.1.1.jar:7.1.1]
	at org.springframework.security.web.FilterChainProxy$VirtualFilterChain.doFilter(FilterChainProxy.java:385) ~[spring-security-web-7.1.1.jar:7.1.1]
	at org.springframework.security.web.access.ExceptionTranslationFilter.doFilter(ExceptionTranslationFilter.java:126) ~[spring-security-web-7.1.1.jar:7.1.1]
	at org.springframework.security.web.access.ExceptionTranslationFilter.doFilter(ExceptionTranslationFilter.java:120) ~[spring-security-web-7.1.1.jar:7.1.1]
	at org.springframework.security.web.FilterChainProxy$VirtualFilterChain.doFilter(FilterChainProxy.java:385) ~[spring-security-web-7.1.1.jar:7.1.1]
	at org.springframework.security.web.session.SessionManagementFilter.doFilter(SessionManagementFilter.java:132) ~[spring-security-web-7.1.1.jar:7.1.1]
	at org.springframework.security.web.session.SessionManagementFilter.doFilter(SessionManagementFilter.java:86) ~[spring-security-web-7.1.1.jar:7.1.1]
	at org.springframework.security.web.FilterChainProxy$VirtualFilterChain.doFilter(FilterChainProxy.java:385) ~[spring-security-web-7.1.1.jar:7.1.1]
	at org.springframework.security.web.authentication.AnonymousAuthenticationFilter.doFilter(AnonymousAuthenticationFilter.java:100) ~[spring-security-web-7.1.1.jar:7.1.1]
	at org.springframework.security.web.FilterChainProxy$VirtualFilterChain.doFilter(FilterChainProxy.java:385) ~[spring-security-web-7.1.1.jar:7.1.1]
	at org.springframework.security.web.servletapi.SecurityContextHolderAwareRequestFilter.doFilter(SecurityContextHolderAwareRequestFilter.java:181) ~[spring-security-web-7.1.1.jar:7.1.1]
	at org.springframework.security.web.FilterChainProxy$VirtualFilterChain.doFilter(FilterChainProxy.java:385) ~[spring-security-web-7.1.1.jar:7.1.1]
	at org.springframework.security.web.savedrequest.RequestCacheAwareFilter.doFilter(RequestCacheAwareFilter.java:63) ~[spring-security-web-7.1.1.jar:7.1.1]
	at org.springframework.security.web.FilterChainProxy$VirtualFilterChain.doFilter(FilterChainProxy.java:385) ~[spring-security-web-7.1.1.jar:7.1.1]
	at com.example.AIG_ForgeHub.security.JwtAuthFilter.doFilterInternal(JwtAuthFilter.java:88) ~[classes/:na]
	at org.springframework.web.filter.OncePerRequestFilter.doFilter(OncePerRequestFilter.java:116) ~[spring-web-7.0.9.jar:7.0.9]
	at org.springframework.security.web.FilterChainProxy$VirtualFilterChain.doFilter(FilterChainProxy.java:385) ~[spring-security-web-7.1.1.jar:7.1.1]
	at org.springframework.security.web.authentication.logout.LogoutFilter.doFilter(LogoutFilter.java:110) ~[spring-security-web-7.1.1.jar:7.1.1]
	at org.springframework.security.web.authentication.logout.LogoutFilter.doFilter(LogoutFilter.java:96) ~[spring-security-web-7.1.1.jar:7.1.1]
	at org.springframework.security.web.FilterChainProxy$VirtualFilterChain.doFilter(FilterChainProxy.java:385) ~[spring-security-web-7.1.1.jar:7.1.1]
	at org.springframework.security.web.header.HeaderWriterFilter.doHeadersAfter(HeaderWriterFilter.java:90) ~[spring-security-web-7.1.1.jar:7.1.1]
	at org.springframework.security.web.header.HeaderWriterFilter.doFilterInternal(HeaderWriterFilter.java:75) ~[spring-security-web-7.1.1.jar:7.1.1]
	at org.springframework.web.filter.OncePerRequestFilter.doFilter(OncePerRequestFilter.java:116) ~[spring-web-7.0.9.jar:7.0.9]
	at org.springframework.security.web.FilterChainProxy$VirtualFilterChain.doFilter(FilterChainProxy.java:385) ~[spring-security-web-7.1.1.jar:7.1.1]
	at org.springframework.security.web.context.SecurityContextHolderFilter.doFilter(SecurityContextHolderFilter.java:82) ~[spring-security-web-7.1.1.jar:7.1.1]
	at org.springframework.security.web.context.SecurityContextHolderFilter.doFilter(SecurityContextHolderFilter.java:69) ~[spring-security-web-7.1.1.jar:7.1.1]
	at org.springframework.security.web.FilterChainProxy$VirtualFilterChain.doFilter(FilterChainProxy.java:385) ~[spring-security-web-7.1.1.jar:7.1.1]
	at org.springframework.security.web.context.request.async.WebAsyncManagerIntegrationFilter.doFilterInternal(WebAsyncManagerIntegrationFilter.java:62) ~[spring-security-web-7.1.1.jar:7.1.1]
	at org.springframework.web.filter.OncePerRequestFilter.doFilter(OncePerRequestFilter.java:116) ~[spring-web-7.0.9.jar:7.0.9]
	at org.springframework.security.web.FilterChainProxy$VirtualFilterChain.doFilter(FilterChainProxy.java:385) ~[spring-security-web-7.1.1.jar:7.1.1]
	at org.springframework.security.web.session.DisableEncodeUrlFilter.doFilterInternal(DisableEncodeUrlFilter.java:42) ~[spring-security-web-7.1.1.jar:7.1.1]
	at org.springframework.web.filter.OncePerRequestFilter.doFilter(OncePerRequestFilter.java:116) ~[spring-web-7.0.9.jar:7.0.9]
	at org.springframework.security.web.FilterChainProxy$VirtualFilterChain.doFilter(FilterChainProxy.java:385) ~[spring-security-web-7.1.1.jar:7.1.1]
	at org.springframework.security.web.FilterChainProxy.doFilterInternal(FilterChainProxy.java:237) ~[spring-security-web-7.1.1.jar:7.1.1]
	at org.springframework.security.web.FilterChainProxy.doFilter(FilterChainProxy.java:195) ~[spring-security-web-7.1.1.jar:7.1.1]
	at org.springframework.web.filter.CompositeFilter$VirtualFilterChain.doFilter(CompositeFilter.java:113) ~[spring-web-7.0.9.jar:7.0.9]
	at org.springframework.web.filter.ServletRequestPathFilter.doFilter(ServletRequestPathFilter.java:52) ~[spring-web-7.0.9.jar:7.0.9]
	at org.springframework.web.filter.CompositeFilter$VirtualFilterChain.doFilter(CompositeFilter.java:113) ~[spring-web-7.0.9.jar:7.0.9]
	at org.springframework.web.filter.CompositeFilter.doFilter(CompositeFilter.java:74) ~[spring-web-7.0.9.jar:7.0.9]
	at org.springframework.security.config.annotation.web.configuration.WebSecurityConfiguration$CompositeFilterChainProxy.doFilter(WebSecurityConfiguration.java:317) ~[spring-security-config-7.1.1.jar:7.1.1]
	at org.springframework.web.filter.DelegatingFilterProxy.invokeDelegate(DelegatingFilterProxy.java:355) ~[spring-web-7.0.9.jar:7.0.9]
	at org.springframework.web.filter.DelegatingFilterProxy.doFilter(DelegatingFilterProxy.java:272) ~[spring-web-7.0.9.jar:7.0.9]
	at org.apache.catalina.core.ApplicationFilterChain.doFilter(ApplicationFilterChain.java:111) ~[tomcat-embed-core-11.0.24.jar:11.0.24]
	at org.springframework.web.filter.RequestContextFilter.doFilterInternal(RequestContextFilter.java:100) ~[spring-web-7.0.9.jar:7.0.9]
	at org.springframework.web.filter.OncePerRequestFilter.doFilter(OncePerRequestFilter.java:116) ~[spring-web-7.0.9.jar:7.0.9]
	at org.apache.catalina.core.ApplicationFilterChain.doFilter(ApplicationFilterChain.java:111) ~[tomcat-embed-core-11.0.24.jar:11.0.24]
	at org.springframework.web.filter.FormContentFilter.doFilterInternal(FormContentFilter.java:93) ~[spring-web-7.0.9.jar:7.0.9]
	at org.springframework.web.filter.OncePerRequestFilter.doFilter(OncePerRequestFilter.java:116) ~[spring-web-7.0.9.jar:7.0.9]
	at org.apache.catalina.core.ApplicationFilterChain.doFilter(ApplicationFilterChain.java:111) ~[tomcat-embed-core-11.0.24.jar:11.0.24]
	at org.springframework.web.filter.CharacterEncodingFilter.doFilterInternal(CharacterEncodingFilter.java:199) ~[spring-web-7.0.9.jar:7.0.9]
	at org.springframework.web.filter.OncePerRequestFilter.doFilter(OncePerRequestFilter.java:116) ~[spring-web-7.0.9.jar:7.0.9]
	at org.apache.catalina.core.ApplicationFilterChain.doFilter(ApplicationFilterChain.java:111) ~[tomcat-embed-core-11.0.24.jar:11.0.24]
	at org.apache.catalina.core.StandardWrapperValve.invoke(StandardWrapperValve.java:165) ~[tomcat-embed-core-11.0.24.jar:11.0.24]
	at org.apache.catalina.core.StandardContextValve.invoke(StandardContextValve.java:77) ~[tomcat-embed-core-11.0.24.jar:11.0.24]
	at org.apache.catalina.authenticator.AuthenticatorBase.invoke(AuthenticatorBase.java:535) ~[tomcat-embed-core-11.0.24.jar:11.0.24]
	at org.apache.catalina.core.StandardHostValve.invoke(StandardHostValve.java:115) ~[tomcat-embed-core-11.0.24.jar:11.0.24]
	at org.apache.catalina.valves.ErrorReportValve.invoke(ErrorReportValve.java:86) ~[tomcat-embed-core-11.0.24.jar:11.0.24]
	at org.apache.catalina.core.StandardEngineValve.invoke(StandardEngineValve.java:71) ~[tomcat-embed-core-11.0.24.jar:11.0.24]
	at org.apache.catalina.connector.CoyoteAdapter.service(CoyoteAdapter.java:347) ~[tomcat-embed-core-11.0.24.jar:11.0.24]
	at org.apache.coyote.http11.Http11Processor.service(Http11Processor.java:406) ~[tomcat-embed-core-11.0.24.jar:11.0.24]
	at org.apache.coyote.AbstractProcessorLight.process(AbstractProcessorLight.java:71) ~[tomcat-embed-core-11.0.24.jar:11.0.24]
	at org.apache.coyote.AbstractProtocol$ConnectionHandler.process(AbstractProtocol.java:1307) ~[tomcat-embed-core-11.0.24.jar:11.0.24]
	at org.apache.tomcat.util.net.NioEndpoint$SocketProcessor.doRun(NioEndpoint.java:2036) ~[tomcat-embed-core-11.0.24.jar:11.0.24]
	at org.apache.tomcat.util.net.SocketProcessorBase.run(SocketProcessorBase.java:74) ~[tomcat-embed-core-11.0.24.jar:11.0.24]
	at org.apache.tomcat.util.threads.ThreadPoolExecutor.runWorker(ThreadPoolExecutor.java:949) ~[tomcat-embed-core-11.0.24.jar:11.0.24]
	at org.apache.tomcat.util.threads.ThreadPoolExecutor$Worker.run(ThreadPoolExecutor.java:483) ~[tomcat-embed-core-11.0.24.jar:11.0.24]
	at org.apache.tomcat.util.threads.TaskThread$WrappingRunnable.run(TaskThread.java:74) ~[tomcat-embed-core-11.0.24.jar:11.0.24]
	at java.base/java.lang.Thread.run(Thread.java:1583) ~[na:na]

2026-10-04T23:58:13.666+05:30  INFO 16576 --- [AIG-ForgeHub] [http-nio-8080-exec-2] c.e.AIG_ForgeHub.security.JwtAuthFilter  : JWT authentication successful for user: shreya1123@gmail.com with role: ADMIN
2026-10-04T23:58:15.156+05:30  INFO 16576 --- [AIG-ForgeHub] [http-nio-8080-exec-1] c.e.AIG_ForgeHub.security.JwtAuthFilter  : JWT authentication successful for user: shreya1123@gmail.com with role: ADMIN
2026-10-04T23:58:15.266+05:30  INFO 16576 --- [AIG-ForgeHub] [http-nio-8080-exec-3] c.e.AIG_ForgeHub.security.JwtAuthFilter  : JWT authentication successful for user: shreya1123@gmail.com with role: ADMIN
2026-10-04T23:58:15.272+05:30 ERROR 16576 --- [AIG-ForgeHub] [http-nio-8080-exec-3] c.e.A.exception.GlobalExceptionHandler   : Unexpected error | method=GET path=/css/admin.css

org.springframework.web.servlet.resource.NoResourceFoundException: No static resource css/admin.css for request '/css/admin.css'.
	at org.springframework.web.servlet.resource.ResourceHttpRequestHandler.handleRequest(ResourceHttpRequestHandler.java:527) ~[spring-webmvc-7.0.9.jar:7.0.9]
	at org.springframework.web.servlet.mvc.HttpRequestHandlerAdapter.handle(HttpRequestHandlerAdapter.java:50) ~[spring-webmvc-7.0.9.jar:7.0.9]
	at org.springframework.web.servlet.DispatcherServlet.doDispatch(DispatcherServlet.java:963) ~[spring-webmvc-7.0.9.jar:7.0.9]
	at org.springframework.web.servlet.DispatcherServlet.doService(DispatcherServlet.java:866) ~[spring-webmvc-7.0.9.jar:7.0.9]
	at org.springframework.web.servlet.FrameworkServlet.processRequest(FrameworkServlet.java:1000) ~[spring-webmvc-7.0.9.jar:7.0.9]
	at org.springframework.web.servlet.FrameworkServlet.doGet(FrameworkServlet.java:892) ~[spring-webmvc-7.0.9.jar:7.0.9]
	at jakarta.servlet.http.HttpServlet.service(HttpServlet.java:622) ~[tomcat-embed-core-11.0.24.jar:6.1]
	at org.springframework.web.servlet.FrameworkServlet.service(FrameworkServlet.java:874) ~[spring-webmvc-7.0.9.jar:7.0.9]
	at jakarta.servlet.http.HttpServlet.service(HttpServlet.java:710) ~[tomcat-embed-core-11.0.24.jar:6.1]
	at org.apache.catalina.core.ApplicationFilterChain.doFilter(ApplicationFilterChain.java:132) ~[tomcat-embed-core-11.0.24.jar:11.0.24]
	at org.apache.tomcat.websocket.server.WsFilter.doFilter(WsFilter.java:59) ~[tomcat-embed-websocket-11.0.24.jar:11.0.24]
	at org.apache.catalina.core.ApplicationFilterChain.doFilter(ApplicationFilterChain.java:111) ~[tomcat-embed-core-11.0.24.jar:11.0.24]
	at org.springframework.web.filter.OncePerRequestFilter.doFilter(OncePerRequestFilter.java:110) ~[spring-web-7.0.9.jar:7.0.9]
	at org.apache.catalina.core.ApplicationFilterChain.doFilter(ApplicationFilterChain.java:111) ~[tomcat-embed-core-11.0.24.jar:11.0.24]
	at org.springframework.web.filter.CompositeFilter$VirtualFilterChain.doFilter(CompositeFilter.java:108) ~[spring-web-7.0.9.jar:7.0.9]
	at org.springframework.security.web.FilterChainProxy.lambda$doFilterInternal$2(FilterChainProxy.java:235) ~[spring-security-web-7.1.1.jar:7.1.1]
	at org.springframework.security.web.FilterChainProxy$VirtualFilterChain.doFilter(FilterChainProxy.java:376) ~[spring-security-web-7.1.1.jar:7.1.1]
	at org.springframework.security.web.access.intercept.AuthorizationFilter.doFilter(AuthorizationFilter.java:101) ~[spring-security-web-7.1.1.jar:7.1.1]
	at org.springframework.security.web.FilterChainProxy$VirtualFilterChain.doFilter(FilterChainProxy.java:385) ~[spring-security-web-7.1.1.jar:7.1.1]
	at org.springframework.security.web.access.ExceptionTranslationFilter.doFilter(ExceptionTranslationFilter.java:126) ~[spring-security-web-7.1.1.jar:7.1.1]
	at org.springframework.security.web.access.ExceptionTranslationFilter.doFilter(ExceptionTranslationFilter.java:120) ~[spring-security-web-7.1.1.jar:7.1.1]
	at org.springframework.security.web.FilterChainProxy$VirtualFilterChain.doFilter(FilterChainProxy.java:385) ~[spring-security-web-7.1.1.jar:7.1.1]
	at org.springframework.security.web.session.SessionManagementFilter.doFilter(SessionManagementFilter.java:132) ~[spring-security-web-7.1.1.jar:7.1.1]
	at org.springframework.security.web.session.SessionManagementFilter.doFilter(SessionManagementFilter.java:86) ~[spring-security-web-7.1.1.jar:7.1.1]
	at org.springframework.security.web.FilterChainProxy$VirtualFilterChain.doFilter(FilterChainProxy.java:385) ~[spring-security-web-7.1.1.jar:7.1.1]
	at org.springframework.security.web.authentication.AnonymousAuthenticationFilter.doFilter(AnonymousAuthenticationFilter.java:100) ~[spring-security-web-7.1.1.jar:7.1.1]
	at org.springframework.security.web.FilterChainProxy$VirtualFilterChain.doFilter(FilterChainProxy.java:385) ~[spring-security-web-7.1.1.jar:7.1.1]
	at org.springframework.security.web.servletapi.SecurityContextHolderAwareRequestFilter.doFilter(SecurityContextHolderAwareRequestFilter.java:181) ~[spring-security-web-7.1.1.jar:7.1.1]
	at org.springframework.security.web.FilterChainProxy$VirtualFilterChain.doFilter(FilterChainProxy.java:385) ~[spring-security-web-7.1.1.jar:7.1.1]
	at org.springframework.security.web.savedrequest.RequestCacheAwareFilter.doFilter(RequestCacheAwareFilter.java:63) ~[spring-security-web-7.1.1.jar:7.1.1]
	at org.springframework.security.web.FilterChainProxy$VirtualFilterChain.doFilter(FilterChainProxy.java:385) ~[spring-security-web-7.1.1.jar:7.1.1]
	at com.example.AIG_ForgeHub.security.JwtAuthFilter.doFilterInternal(JwtAuthFilter.java:88) ~[classes/:na]
	at org.springframework.web.filter.OncePerRequestFilter.doFilter(OncePerRequestFilter.java:116) ~[spring-web-7.0.9.jar:7.0.9]
	at org.springframework.security.web.FilterChainProxy$VirtualFilterChain.doFilter(FilterChainProxy.java:385) ~[spring-security-web-7.1.1.jar:7.1.1]
	at org.springframework.security.web.authentication.logout.LogoutFilter.doFilter(LogoutFilter.java:110) ~[spring-security-web-7.1.1.jar:7.1.1]
	at org.springframework.security.web.authentication.logout.LogoutFilter.doFilter(LogoutFilter.java:96) ~[spring-security-web-7.1.1.jar:7.1.1]
	at org.springframework.security.web.FilterChainProxy$VirtualFilterChain.doFilter(FilterChainProxy.java:385) ~[spring-security-web-7.1.1.jar:7.1.1]
	at org.springframework.security.web.header.HeaderWriterFilter.doHeadersAfter(HeaderWriterFilter.java:90) ~[spring-security-web-7.1.1.jar:7.1.1]
	at org.springframework.security.web.header.HeaderWriterFilter.doFilterInternal(HeaderWriterFilter.java:75) ~[spring-security-web-7.1.1.jar:7.1.1]
	at org.springframework.web.filter.OncePerRequestFilter.doFilter(OncePerRequestFilter.java:116) ~[spring-web-7.0.9.jar:7.0.9]
	at org.springframework.security.web.FilterChainProxy$VirtualFilterChain.doFilter(FilterChainProxy.java:385) ~[spring-security-web-7.1.1.jar:7.1.1]
	at org.springframework.security.web.context.SecurityContextHolderFilter.doFilter(SecurityContextHolderFilter.java:82) ~[spring-security-web-7.1.1.jar:7.1.1]
	at org.springframework.security.web.context.SecurityContextHolderFilter.doFilter(SecurityContextHolderFilter.java:69) ~[spring-security-web-7.1.1.jar:7.1.1]
	at org.springframework.security.web.FilterChainProxy$VirtualFilterChain.doFilter(FilterChainProxy.java:385) ~[spring-security-web-7.1.1.jar:7.1.1]
	at org.springframework.security.web.context.request.async.WebAsyncManagerIntegrationFilter.doFilterInternal(WebAsyncManagerIntegrationFilter.java:62) ~[spring-security-web-7.1.1.jar:7.1.1]
	at org.springframework.web.filter.OncePerRequestFilter.doFilter(OncePerRequestFilter.java:116) ~[spring-web-7.0.9.jar:7.0.9]
	at org.springframework.security.web.FilterChainProxy$VirtualFilterChain.doFilter(FilterChainProxy.java:385) ~[spring-security-web-7.1.1.jar:7.1.1]
	at org.springframework.security.web.session.DisableEncodeUrlFilter.doFilterInternal(DisableEncodeUrlFilter.java:42) ~[spring-security-web-7.1.1.jar:7.1.1]
	at org.springframework.web.filter.OncePerRequestFilter.doFilter(OncePerRequestFilter.java:116) ~[spring-web-7.0.9.jar:7.0.9]
	at org.springframework.security.web.FilterChainProxy$VirtualFilterChain.doFilter(FilterChainProxy.java:385) ~[spring-security-web-7.1.1.jar:7.1.1]
	at org.springframework.security.web.FilterChainProxy.doFilterInternal(FilterChainProxy.java:237) ~[spring-security-web-7.1.1.jar:7.1.1]
	at org.springframework.security.web.FilterChainProxy.doFilter(FilterChainProxy.java:195) ~[spring-security-web-7.1.1.jar:7.1.1]
	at org.springframework.web.filter.CompositeFilter$VirtualFilterChain.doFilter(CompositeFilter.java:113) ~[spring-web-7.0.9.jar:7.0.9]
	at org.springframework.web.filter.ServletRequestPathFilter.doFilter(ServletRequestPathFilter.java:52) ~[spring-web-7.0.9.jar:7.0.9]
	at org.springframework.web.filter.CompositeFilter$VirtualFilterChain.doFilter(CompositeFilter.java:113) ~[spring-web-7.0.9.jar:7.0.9]
	at org.springframework.web.filter.CompositeFilter.doFilter(CompositeFilter.java:74) ~[spring-web-7.0.9.jar:7.0.9]
	at org.springframework.security.config.annotation.web.configuration.WebSecurityConfiguration$CompositeFilterChainProxy.doFilter(WebSecurityConfiguration.java:317) ~[spring-security-config-7.1.1.jar:7.1.1]
	at org.springframework.web.filter.DelegatingFilterProxy.invokeDelegate(DelegatingFilterProxy.java:355) ~[spring-web-7.0.9.jar:7.0.9]
	at org.springframework.web.filter.DelegatingFilterProxy.doFilter(DelegatingFilterProxy.java:272) ~[spring-web-7.0.9.jar:7.0.9]
	at org.apache.catalina.core.ApplicationFilterChain.doFilter(ApplicationFilterChain.java:111) ~[tomcat-embed-core-11.0.24.jar:11.0.24]
	at org.springframework.web.filter.RequestContextFilter.doFilterInternal(RequestContextFilter.java:100) ~[spring-web-7.0.9.jar:7.0.9]
	at org.springframework.web.filter.OncePerRequestFilter.doFilter(OncePerRequestFilter.java:116) ~[spring-web-7.0.9.jar:7.0.9]
	at org.apache.catalina.core.ApplicationFilterChain.doFilter(ApplicationFilterChain.java:111) ~[tomcat-embed-core-11.0.24.jar:11.0.24]
	at org.springframework.web.filter.FormContentFilter.doFilterInternal(FormContentFilter.java:93) ~[spring-web-7.0.9.jar:7.0.9]
	at org.springframework.web.filter.OncePerRequestFilter.doFilter(OncePerRequestFilter.java:116) ~[spring-web-7.0.9.jar:7.0.9]
	at org.apache.catalina.core.ApplicationFilterChain.doFilter(ApplicationFilterChain.java:111) ~[tomcat-embed-core-11.0.24.jar:11.0.24]
	at org.springframework.web.filter.CharacterEncodingFilter.doFilterInternal(CharacterEncodingFilter.java:199) ~[spring-web-7.0.9.jar:7.0.9]
	at org.springframework.web.filter.OncePerRequestFilter.doFilter(OncePerRequestFilter.java:116) ~[spring-web-7.0.9.jar:7.0.9]
	at org.apache.catalina.core.ApplicationFilterChain.doFilter(ApplicationFilterChain.java:111) ~[tomcat-embed-core-11.0.24.jar:11.0.24]
	at org.apache.catalina.core.StandardWrapperValve.invoke(StandardWrapperValve.java:165) ~[tomcat-embed-core-11.0.24.jar:11.0.24]
	at org.apache.catalina.core.StandardContextValve.invoke(StandardContextValve.java:77) ~[tomcat-embed-core-11.0.24.jar:11.0.24]
	at org.apache.catalina.authenticator.AuthenticatorBase.invoke(AuthenticatorBase.java:535) ~[tomcat-embed-core-11.0.24.jar:11.0.24]
	at org.apache.catalina.core.StandardHostValve.invoke(StandardHostValve.java:115) ~[tomcat-embed-core-11.0.24.jar:11.0.24]
	at org.apache.catalina.valves.ErrorReportValve.invoke(ErrorReportValve.java:86) ~[tomcat-embed-core-11.0.24.jar:11.0.24]
	at org.apache.catalina.core.StandardEngineValve.invoke(StandardEngineValve.java:71) ~[tomcat-embed-core-11.0.24.jar:11.0.24]
	at org.apache.catalina.connector.CoyoteAdapter.service(CoyoteAdapter.java:347) ~[tomcat-embed-core-11.0.24.jar:11.0.24]
	at org.apache.coyote.http11.Http11Processor.service(Http11Processor.java:406) ~[tomcat-embed-core-11.0.24.jar:11.0.24]
	at org.apache.coyote.AbstractProcessorLight.process(AbstractProcessorLight.java:71) ~[tomcat-embed-core-11.0.24.jar:11.0.24]
	at org.apache.coyote.AbstractProtocol$ConnectionHandler.process(AbstractProtocol.java:1307) ~[tomcat-embed-core-11.0.24.jar:11.0.24]
	at org.apache.tomcat.util.net.NioEndpoint$SocketProcessor.doRun(NioEndpoint.java:2036) ~[tomcat-embed-core-11.0.24.jar:11.0.24]
	at org.apache.tomcat.util.net.SocketProcessorBase.run(SocketProcessorBase.java:74) ~[tomcat-embed-core-11.0.24.jar:11.0.24]
	at org.apache.tomcat.util.threads.ThreadPoolExecutor.runWorker(ThreadPoolExecutor.java:949) ~[tomcat-embed-core-11.0.24.jar:11.0.24]
	at org.apache.tomcat.util.threads.ThreadPoolExecutor$Worker.run(ThreadPoolExecutor.java:483) ~[tomcat-embed-core-11.0.24.jar:11.0.24]
	at org.apache.tomcat.util.threads.TaskThread$WrappingRunnable.run(TaskThread.java:74) ~[tomcat-embed-core-11.0.24.jar:11.0.24]
	at java.base/java.lang.Thread.run(Thread.java:1583) ~[na:na]

2026-10-04T23:58:15.282+05:30  INFO 16576 --- [AIG-ForgeHub] [http-nio-8080-exec-6] c.e.AIG_ForgeHub.security.JwtAuthFilter  : JWT authentication successful for user: shreya1123@gmail.com with role: ADMIN
2026-10-04T23:58:15.380+05:30  INFO 16576 --- [AIG-ForgeHub] [http-nio-8080-exec-5] c.e.AIG_ForgeHub.security.JwtAuthFilter  : JWT authentication successful for user: shreya1123@gmail.com with role: ADMIN
2026-10-04T23:58:15.382+05:30 ERROR 16576 --- [AIG-ForgeHub] [http-nio-8080-exec-5] c.e.A.exception.GlobalExceptionHandler   : Unexpected error | method=GET path=/favicon.ico

org.springframework.web.servlet.resource.NoResourceFoundException: No static resource favicon.ico for request '/favicon.ico'.
	at org.springframework.web.servlet.resource.ResourceHttpRequestHandler.handleRequest(ResourceHttpRequestHandler.java:527) ~[spring-webmvc-7.0.9.jar:7.0.9]
	at org.springframework.web.servlet.mvc.HttpRequestHandlerAdapter.handle(HttpRequestHandlerAdapter.java:50) ~[spring-webmvc-7.0.9.jar:7.0.9]
	at org.springframework.web.servlet.DispatcherServlet.doDispatch(DispatcherServlet.java:963) ~[spring-webmvc-7.0.9.jar:7.0.9]
	at org.springframework.web.servlet.DispatcherServlet.doService(DispatcherServlet.java:866) ~[spring-webmvc-7.0.9.jar:7.0.9]
	at org.springframework.web.servlet.FrameworkServlet.processRequest(FrameworkServlet.java:1000) ~[spring-webmvc-7.0.9.jar:7.0.9]
	at org.springframework.web.servlet.FrameworkServlet.doGet(FrameworkServlet.java:892) ~[spring-webmvc-7.0.9.jar:7.0.9]
	at jakarta.servlet.http.HttpServlet.service(HttpServlet.java:622) ~[tomcat-embed-core-11.0.24.jar:6.1]
	at org.springframework.web.servlet.FrameworkServlet.service(FrameworkServlet.java:874) ~[spring-webmvc-7.0.9.jar:7.0.9]
	at jakarta.servlet.http.HttpServlet.service(HttpServlet.java:710) ~[tomcat-embed-core-11.0.24.jar:6.1]
	at org.apache.catalina.core.ApplicationFilterChain.doFilter(ApplicationFilterChain.java:132) ~[tomcat-embed-core-11.0.24.jar:11.0.24]
	at org.apache.tomcat.websocket.server.WsFilter.doFilter(WsFilter.java:59) ~[tomcat-embed-websocket-11.0.24.jar:11.0.24]
	at org.apache.catalina.core.ApplicationFilterChain.doFilter(ApplicationFilterChain.java:111) ~[tomcat-embed-core-11.0.24.jar:11.0.24]
	at org.springframework.web.filter.OncePerRequestFilter.doFilter(OncePerRequestFilter.java:110) ~[spring-web-7.0.9.jar:7.0.9]
	at org.apache.catalina.core.ApplicationFilterChain.doFilter(ApplicationFilterChain.java:111) ~[tomcat-embed-core-11.0.24.jar:11.0.24]
	at org.springframework.web.filter.CompositeFilter$VirtualFilterChain.doFilter(CompositeFilter.java:108) ~[spring-web-7.0.9.jar:7.0.9]
	at org.springframework.security.web.FilterChainProxy.lambda$doFilterInternal$2(FilterChainProxy.java:235) ~[spring-security-web-7.1.1.jar:7.1.1]
	at org.springframework.security.web.FilterChainProxy$VirtualFilterChain.doFilter(FilterChainProxy.java:376) ~[spring-security-web-7.1.1.jar:7.1.1]
	at org.springframework.security.web.access.intercept.AuthorizationFilter.doFilter(AuthorizationFilter.java:101) ~[spring-security-web-7.1.1.jar:7.1.1]
	at org.springframework.security.web.FilterChainProxy$VirtualFilterChain.doFilter(FilterChainProxy.java:385) ~[spring-security-web-7.1.1.jar:7.1.1]
	at org.springframework.security.web.access.ExceptionTranslationFilter.doFilter(ExceptionTranslationFilter.java:126) ~[spring-security-web-7.1.1.jar:7.1.1]
	at org.springframework.security.web.access.ExceptionTranslationFilter.doFilter(ExceptionTranslationFilter.java:120) ~[spring-security-web-7.1.1.jar:7.1.1]
	at org.springframework.security.web.FilterChainProxy$VirtualFilterChain.doFilter(FilterChainProxy.java:385) ~[spring-security-web-7.1.1.jar:7.1.1]
	at org.springframework.security.web.session.SessionManagementFilter.doFilter(SessionManagementFilter.java:132) ~[spring-security-web-7.1.1.jar:7.1.1]
	at org.springframework.security.web.session.SessionManagementFilter.doFilter(SessionManagementFilter.java:86) ~[spring-security-web-7.1.1.jar:7.1.1]
	at org.springframework.security.web.FilterChainProxy$VirtualFilterChain.doFilter(FilterChainProxy.java:385) ~[spring-security-web-7.1.1.jar:7.1.1]
	at org.springframework.security.web.authentication.AnonymousAuthenticationFilter.doFilter(AnonymousAuthenticationFilter.java:100) ~[spring-security-web-7.1.1.jar:7.1.1]
	at org.springframework.security.web.FilterChainProxy$VirtualFilterChain.doFilter(FilterChainProxy.java:385) ~[spring-security-web-7.1.1.jar:7.1.1]
	at org.springframework.security.web.servletapi.SecurityContextHolderAwareRequestFilter.doFilter(SecurityContextHolderAwareRequestFilter.java:181) ~[spring-security-web-7.1.1.jar:7.1.1]
	at org.springframework.security.web.FilterChainProxy$VirtualFilterChain.doFilter(FilterChainProxy.java:385) ~[spring-security-web-7.1.1.jar:7.1.1]
	at org.springframework.security.web.savedrequest.RequestCacheAwareFilter.doFilter(RequestCacheAwareFilter.java:63) ~[spring-security-web-7.1.1.jar:7.1.1]
	at org.springframework.security.web.FilterChainProxy$VirtualFilterChain.doFilter(FilterChainProxy.java:385) ~[spring-security-web-7.1.1.jar:7.1.1]
	at com.example.AIG_ForgeHub.security.JwtAuthFilter.doFilterInternal(JwtAuthFilter.java:88) ~[classes/:na]
	at org.springframework.web.filter.OncePerRequestFilter.doFilter(OncePerRequestFilter.java:116) ~[spring-web-7.0.9.jar:7.0.9]
	at org.springframework.security.web.FilterChainProxy$VirtualFilterChain.doFilter(FilterChainProxy.java:385) ~[spring-security-web-7.1.1.jar:7.1.1]
	at org.springframework.security.web.authentication.logout.LogoutFilter.doFilter(LogoutFilter.java:110) ~[spring-security-web-7.1.1.jar:7.1.1]
	at org.springframework.security.web.authentication.logout.LogoutFilter.doFilter(LogoutFilter.java:96) ~[spring-security-web-7.1.1.jar:7.1.1]
	at org.springframework.security.web.FilterChainProxy$VirtualFilterChain.doFilter(FilterChainProxy.java:385) ~[spring-security-web-7.1.1.jar:7.1.1]
	at org.springframework.security.web.header.HeaderWriterFilter.doHeadersAfter(HeaderWriterFilter.java:90) ~[spring-security-web-7.1.1.jar:7.1.1]
	at org.springframework.security.web.header.HeaderWriterFilter.doFilterInternal(HeaderWriterFilter.java:75) ~[spring-security-web-7.1.1.jar:7.1.1]
	at org.springframework.web.filter.OncePerRequestFilter.doFilter(OncePerRequestFilter.java:116) ~[spring-web-7.0.9.jar:7.0.9]
	at org.springframework.security.web.FilterChainProxy$VirtualFilterChain.doFilter(FilterChainProxy.java:385) ~[spring-security-web-7.1.1.jar:7.1.1]
	at org.springframework.security.web.context.SecurityContextHolderFilter.doFilter(SecurityContextHolderFilter.java:82) ~[spring-security-web-7.1.1.jar:7.1.1]
	at org.springframework.security.web.context.SecurityContextHolderFilter.doFilter(SecurityContextHolderFilter.java:69) ~[spring-security-web-7.1.1.jar:7.1.1]
	at org.springframework.security.web.FilterChainProxy$VirtualFilterChain.doFilter(FilterChainProxy.java:385) ~[spring-security-web-7.1.1.jar:7.1.1]
	at org.springframework.security.web.context.request.async.WebAsyncManagerIntegrationFilter.doFilterInternal(WebAsyncManagerIntegrationFilter.java:62) ~[spring-security-web-7.1.1.jar:7.1.1]
	at org.springframework.web.filter.OncePerRequestFilter.doFilter(OncePerRequestFilter.java:116) ~[spring-web-7.0.9.jar:7.0.9]
	at org.springframework.security.web.FilterChainProxy$VirtualFilterChain.doFilter(FilterChainProxy.java:385) ~[spring-security-web-7.1.1.jar:7.1.1]
	at org.springframework.security.web.session.DisableEncodeUrlFilter.doFilterInternal(DisableEncodeUrlFilter.java:42) ~[spring-security-web-7.1.1.jar:7.1.1]
	at org.springframework.web.filter.OncePerRequestFilter.doFilter(OncePerRequestFilter.java:116) ~[spring-web-7.0.9.jar:7.0.9]
	at org.springframework.security.web.FilterChainProxy$VirtualFilterChain.doFilter(FilterChainProxy.java:385) ~[spring-security-web-7.1.1.jar:7.1.1]
	at org.springframework.security.web.FilterChainProxy.doFilterInternal(FilterChainProxy.java:237) ~[spring-security-web-7.1.1.jar:7.1.1]
	at org.springframework.security.web.FilterChainProxy.doFilter(FilterChainProxy.java:195) ~[spring-security-web-7.1.1.jar:7.1.1]
	at org.springframework.web.filter.CompositeFilter$VirtualFilterChain.doFilter(CompositeFilter.java:113) ~[spring-web-7.0.9.jar:7.0.9]
	at org.springframework.web.filter.ServletRequestPathFilter.doFilter(ServletRequestPathFilter.java:52) ~[spring-web-7.0.9.jar:7.0.9]
	at org.springframework.web.filter.CompositeFilter$VirtualFilterChain.doFilter(CompositeFilter.java:113) ~[spring-web-7.0.9.jar:7.0.9]
	at org.springframework.web.filter.CompositeFilter.doFilter(CompositeFilter.java:74) ~[spring-web-7.0.9.jar:7.0.9]
	at org.springframework.security.config.annotation.web.configuration.WebSecurityConfiguration$CompositeFilterChainProxy.doFilter(WebSecurityConfiguration.java:317) ~[spring-security-config-7.1.1.jar:7.1.1]
	at org.springframework.web.filter.DelegatingFilterProxy.invokeDelegate(DelegatingFilterProxy.java:355) ~[spring-web-7.0.9.jar:7.0.9]
	at org.springframework.web.filter.DelegatingFilterProxy.doFilter(DelegatingFilterProxy.java:272) ~[spring-web-7.0.9.jar:7.0.9]
	at org.apache.catalina.core.ApplicationFilterChain.doFilter(ApplicationFilterChain.java:111) ~[tomcat-embed-core-11.0.24.jar:11.0.24]
	at org.springframework.web.filter.RequestContextFilter.doFilterInternal(RequestContextFilter.java:100) ~[spring-web-7.0.9.jar:7.0.9]
	at org.springframework.web.filter.OncePerRequestFilter.doFilter(OncePerRequestFilter.java:116) ~[spring-web-7.0.9.jar:7.0.9]
	at org.apache.catalina.core.ApplicationFilterChain.doFilter(ApplicationFilterChain.java:111) ~[tomcat-embed-core-11.0.24.jar:11.0.24]
	at org.springframework.web.filter.FormContentFilter.doFilterInternal(FormContentFilter.java:93) ~[spring-web-7.0.9.jar:7.0.9]
	at org.springframework.web.filter.OncePerRequestFilter.doFilter(OncePerRequestFilter.java:116) ~[spring-web-7.0.9.jar:7.0.9]
	at org.apache.catalina.core.ApplicationFilterChain.doFilter(ApplicationFilterChain.java:111) ~[tomcat-embed-core-11.0.24.jar:11.0.24]
	at org.springframework.web.filter.CharacterEncodingFilter.doFilterInternal(CharacterEncodingFilter.java:199) ~[spring-web-7.0.9.jar:7.0.9]
	at org.springframework.web.filter.OncePerRequestFilter.doFilter(OncePerRequestFilter.java:116) ~[spring-web-7.0.9.jar:7.0.9]
	at org.apache.catalina.core.ApplicationFilterChain.doFilter(ApplicationFilterChain.java:111) ~[tomcat-embed-core-11.0.24.jar:11.0.24]
	at org.apache.catalina.core.StandardWrapperValve.invoke(StandardWrapperValve.java:165) ~[tomcat-embed-core-11.0.24.jar:11.0.24]
	at org.apache.catalina.core.StandardContextValve.invoke(StandardContextValve.java:77) ~[tomcat-embed-core-11.0.24.jar:11.0.24]
	at org.apache.catalina.authenticator.AuthenticatorBase.invoke(AuthenticatorBase.java:535) ~[tomcat-embed-core-11.0.24.jar:11.0.24]
	at org.apache.catalina.core.StandardHostValve.invoke(StandardHostValve.java:115) ~[tomcat-embed-core-11.0.24.jar:11.0.24]
	at org.apache.catalina.valves.ErrorReportValve.invoke(ErrorReportValve.java:86) ~[tomcat-embed-core-11.0.24.jar:11.0.24]
	at org.apache.catalina.core.StandardEngineValve.invoke(StandardEngineValve.java:71) ~[tomcat-embed-core-11.0.24.jar:11.0.24]
	at org.apache.catalina.connector.CoyoteAdapter.service(CoyoteAdapter.java:347) ~[tomcat-embed-core-11.0.24.jar:11.0.24]
	at org.apache.coyote.http11.Http11Processor.service(Http11Processor.java:406) ~[tomcat-embed-core-11.0.24.jar:11.0.24]
	at org.apache.coyote.AbstractProcessorLight.process(AbstractProcessorLight.java:71) ~[tomcat-embed-core-11.0.24.jar:11.0.24]
	at org.apache.coyote.AbstractProtocol$ConnectionHandler.process(AbstractProtocol.java:1307) ~[tomcat-embed-core-11.0.24.jar:11.0.24]
	at org.apache.tomcat.util.net.NioEndpoint$SocketProcessor.doRun(NioEndpoint.java:2036) ~[tomcat-embed-core-11.0.24.jar:11.0.24]
	at org.apache.tomcat.util.net.SocketProcessorBase.run(SocketProcessorBase.java:74) ~[tomcat-embed-core-11.0.24.jar:11.0.24]
	at org.apache.tomcat.util.threads.ThreadPoolExecutor.runWorker(ThreadPoolExecutor.java:949) ~[tomcat-embed-core-11.0.24.jar:11.0.24]
	at org.apache.tomcat.util.threads.ThreadPoolExecutor$Worker.run(ThreadPoolExecutor.java:483) ~[tomcat-embed-core-11.0.24.jar:11.0.24]
	at org.apache.tomcat.util.threads.TaskThread$WrappingRunnable.run(TaskThread.java:74) ~[tomcat-embed-core-11.0.24.jar:11.0.24]
	at java.base/java.lang.Thread.run(Thread.java:1583) ~[na:na]

2026-10-04T23:58:15.390+05:30  INFO 16576 --- [AIG-ForgeHub] [http-nio-8080-exec-4] c.e.AIG_ForgeHub.security.JwtAuthFilter  : JWT authentication successful for user: shreya1123@gmail.com with role: ADMIN
